id,app_or_website,customer_collects,customer_segmentation,is_a_repeat_order,lead_time,n_customer_notes,n_items_above_quantity_10,n_listed_addresses,n_listed_payment_methods,n_previous_cancelled_orders,n_previous_completed_orders,n_small_items,payment_type,slot_date,store_number,total_price,status
TID32798,website,0,group_1,0,12.42132237,0,2,1,1,0,0,0,debit,9/25/2018 0:00,id_58,69.24335324,Not_Canceled
TID29290,app,,group_1,0,39.84910274,0,0,1,2,0,0,2,credit,7/22/2018 0:00,id_29,59.93754192,Not_Canceled
TID16941,website,0,group_1,0,1.608749787,1,0,1,2,0,0,1,debit,7/12/2019 0:00,id_4,84.3913619,Not_Canceled
TID02831,app,0,group_1,0,116.4328759,0,2,1,1,0,0,1,debit,2/5/2019 0:00,id_19,46.68921428,Not_Canceled
TID22422,app,,group_1,0,71.18154233,1,0,1,2,0,0,3,credit,4/17/2019 0:00,id_8,72.21552848,Not_Canceled
TID04668,app,0,group_1,0,73.50038001,0,0,1,2,0,0,2,credit,8/26/2018 0:00,id_94,63.73742421,Not_Canceled
TID33088,website,0,group_1,0,151.2393065,1,2,1,2,0,0,2,debit,5/11/2019 0:00,id_5,47.34155644,Not_Canceled
TID18406,telephone,0,group_1,,1.836112212,1,1,1,,0,0,5,debit,2/6/2019 0:00,id_46,35.56791767,Not_Canceled
TID32947,website,0,group_1,0,34.26123599,1,2,1,2,0,0,1,debit,12/24/2018 0:00,id_87,47.90782574,Not_Canceled
TID24018,website,0,group_4,0,23.26389984,1,0,1,1,0,0,4,debit,5/9/2019 0:00,id_21,77.92918209,Not_Canceled
TID21214,website,0,group_1,0,61.84170883,1,0,1,3,0,0,3,debit,9/13/2018 0:00,id_61,56.95577991,Not_Canceled
TID08970,website,0,group_1,0,39.45835507,2,2,1,1,0,0,3,debit,8/21/2018 0:00,id_50,51.69012231,Not_Canceled
TID27393,whoosh,0,group_1,,12.47401685,0,0,1,,0,0,3,debit,7/13/2018 0:00,id_67,40.78410636,Not_Canceled
TID25103,website,1,group_4,0,99.50925123,0,2,1,2,0,0,2,debit,2/17/2019 0:00,id_40,54.78112882,Not_Canceled
TID02655,website,0,group_1,0,35.17353099,1,0,1,1,0,0,2,debit,5/29/2019 0:00,id_41,62.77846086,Not_Canceled
TID28700,app,0,group_1,0,2.343263128,0,1,1,2,0,0,2,debit,10/14/2018 0:00,id_18,48.80522502,Not_Canceled
TID12522,app,0,group_1,0,54.94402507,0,0,1,2,0,0,1,credit,3/14/2019 0:00,id_90,61.20853328,Not_Canceled
TID19835,website,0,group_1,0,8.803461802,1,0,1,2,0,0,1,debit,12/27/2018 0:00,id_44,48.96330321,Not_Canceled
TID13357,website,0,group_4,0,75.29035234,0,0,1,1,0,0,4,debit,2/27/2019 0:00,id_77,63.46007962,Not_Canceled
TID26875,telephone,0,group_5,,-77,1,0,1,,0,0,1,debit,9/9/2018 0:00,id_53,0,Not_Canceled
TID35112,website,0,group_1,0,27.72714218,1,0,1,2,0,0,3,debit,1/26/2019 0:00,id_29,55.58152236,Not_Canceled
TID31587,website,0,group_1,0,76.691237,1,1,1,2,0,0,2,debit,1/27/2019 0:00,id_48,48.96330321,Not_Canceled
TID27345,website,0,group_1,0,-0.665374716,0,0,1,2,0,0,1,debit,9/27/2018 0:00,id_20,85.83192021,Not_Canceled
TID18938,app,0,group_1,0,263.5026681,0,1,1,1,0,0,0,debit,8/29/2018 0:00,id_68,37.77866149,Not_Canceled
TID24789,whoosh,0,group_1,,14.52398608,0,0,1,,0,0,2,debit,9/21/2018 0:00,id_39,56.61145455,Not_Canceled
TID03482,website,0,group_1,0,165.2521602,2,1,1,2,0,0,3,debit,9/19/2018 0:00,id_32,53.64171518,Not_Canceled
TID10381,website,0,group_1,0,136.3116601,1,0,1,2,0,0,3,debit,7/11/2019 0:00,id_7,61.86770119,Not_Canceled
TID16443,website,0,group_4,0,18.46091793,1,2,1,3,0,0,2,debit,1/27/2019 0:00,id_68,74.18557739,Not_Canceled
TID29223,website,0,group_6,0,10.00042247,0,0,3,2,0,0,2,debit,7/28/2018 0:00,id_10,85.35218944,Not_Canceled
TID28034,app,0,group_1,0,102.9462454,1,1,1,2,0,0,1,debit,2/17/2019 0:00,id_4,36.95220629,Not_Canceled
TID13405,website,0,group_1,0,-1.095650289,2,0,1,2,0,0,0,debit,7/21/2018 0:00,id_18,0,Not_Canceled
TID02342,app,0,group_1,0,6.91238905,0,0,1,1,0,0,3,debit,4/12/2019 0:00,id_18,65.24668649,Not_Canceled
TID11807,website,0,group_1,0,-0.747317747,1,1,1,2,0,0,4,debit,6/4/2019 0:00,id_34,46.93866122,Not_Canceled
TID08214,website,0,group_1,0,19.00620855,2,2,1,2,0,0,1,debit,11/12/2018 0:00,id_78,42.9468774,Not_Canceled
TID05156,telephone,0,group_1,,1.822730083,0,0,1,,0,1,1,debit,11/16/2018 0:00,id_87,0,Not_Canceled
TID11874,website,0,group_1,0,131.6493074,1,2,1,2,0,0,3,debit,10/2/2018 0:00,id_36,53.64171518,Not_Canceled
TID07305,app,0,group_1,0,192.9407992,0,0,1,1,0,0,2,debit,6/1/2019 0:00,id_20,56.61145455,Not_Canceled
TID34544,website,0,group_4,0,107.1279692,1,2,1,1,0,0,2,debit,6/3/2019 0:00,id_17,52.15961,Not_Canceled
TID20233,website,0,group_4,0,57.97354932,2,0,1,3,0,0,0,debit,3/9/2019 0:00,id_63,0,Not_Canceled
TID01019,app,0,group_4,0,44.02489346,0,1,1,2,0,0,1,debit,5/26/2019 0:00,id_61,57.27923139,Not_Canceled
TID34685,app,0,group_1,0,92.41782688,1,2,1,2,0,0,1,debit,6/3/2019 0:00,id_94,49.20026125,Not_Canceled
TID05055,website,0,group_1,0,-0.447678614,0,1,1,1,0,0,2,debit,8/15/2018 0:00,id_60,83.26967005,Not_Canceled
TID07853,app,0,group_1,0,54.96501604,0,0,1,2,0,0,1,credit,3/14/2019 0:00,id_4,61.20853328,Not_Canceled
TID23077,app,0,group_1,0,32.35619415,1,2,1,2,0,0,3,debit,12/9/2018 0:00,id_4,38.05347992,Not_Canceled
TID34208,website,0,group_1,0,1.097632229,2,2,2,2,0,0,3,debit,8/28/2018 0:00,id_13,65.07090964,Not_Canceled
TID25222,website,0,group_1,0,67.14073918,1,0,1,2,0,0,3,debit,2/15/2019 0:00,id_73,47.90782574,Not_Canceled
TID10075,app,0,group_1,0,0.923891207,0,2,1,1,0,0,1,debit,2/5/2019 0:00,id_85,38.05347992,Canceled
TID03942,app,0,group_1,0,71.98828845,0,0,1,1,0,0,1,credit,8/26/2018 0:00,id_46,50.90605539,Not_Canceled
TID13683,app,0,group_1,0,48.05585637,0,0,1,1,0,0,1,credit,8/19/2018 0:00,id_66,48.80522502,Not_Canceled
TID24287,website,0,group_1,0,6.879275516,1,0,1,1,0,0,1,debit,5/2/2019 0:00,id_56,53.64171518,Not_Canceled
TID08501,app,0,group_1,0,151.583814,0,0,1,1,0,0,4,debit,12/27/2018 0:00,id_76,44.02146061,Not_Canceled
TID12682,app,0,group_1,0,13.77859791,0,0,1,2,0,0,4,debit,9/27/2018 0:00,id_25,35.150905,Not_Canceled
TID28997,website,0,group_1,0,3.474992149,0,1,1,2,0,0,1,debit,2/12/2019 0:00,id_57,60.70067186,Not_Canceled
TID28162,app,0,group_1,0,6.753129975,0,0,1,2,0,0,3,debit,4/12/2019 0:00,id_13,81.0137548,Not_Canceled
TID07155,website,1,group_1,0,2.801145316,1,2,2,2,0,0,1,debit,11/12/2018 0:00,id_98,61.20853328,Not_Canceled
TID27750,app,0,group_4,0,-0.031984097,1,0,1,1,0,0,1,debit,9/28/2018 0:00,id_23,81.49770004,Not_Canceled
TID23857,app,0,group_1,0,14.53827852,0,0,1,1,0,0,3,debit,1/26/2019 0:00,id_42,51.60136157,Not_Canceled
TID03252,website,0,group_1,0,173.0661378,0,0,1,2,0,0,3,debit,8/16/2018 0:00,id_78,51.42898852,Canceled
TID13803,website,0,group_1,0,14.62815925,1,0,1,2,0,0,1,debit,8/25/2018 0:00,id_26,56.85817084,Not_Canceled
TID22835,website,0,group_1,0,52.34578153,1,2,1,2,0,0,5,debit,7/10/2019 0:00,id_37,77.07551714,Not_Canceled
TID07345,website,0,group_1,0,14.43487509,1,2,1,2,0,0,1,debit,6/9/2019 0:00,id_49,84.3913619,Not_Canceled
TID33129,website,0,group_4,0,7.253778775,1,1,1,3,0,0,4,debit,1/18/2019 0:00,id_23,72.70887783,Canceled
TID02080,website,0,group_1,0,77.37771486,0,2,1,2,0,0,3,debit,3/8/2019 0:00,id_82,50.09373117,Not_Canceled
TID16697,website,0,,0,4.069981415,3,1,3,2,0,0,2,debit,6/15/2019 0:00,id_37,154.814641,Not_Canceled
TID06770,website,0,group_1,0,37.85783312,1,0,1,1,0,0,2,debit,9/29/2018 0:00,id_10,54.49664947,Not_Canceled
TID30268,website,,group_1,0,19.91375884,1,0,1,1,0,0,2,debit,6/26/2019 0:00,id_24,54.87417752,Not_Canceled
TID14179,app,0,group_1,0,78.97891427,0,0,1,2,0,0,2,credit,6/1/2019 0:00,id_50,63.73742421,Not_Canceled
TID09897,app,0,group_1,0,23.99344913,2,2,1,2,0,0,2,debit,3/10/2019 0:00,id_64,56.61145455,Not_Canceled
TID12672,website,0,group_1,0,0.267432527,0,1,1,2,0,0,0,debit,8/15/2018 0:00,id_7,75.65735632,Not_Canceled
TID09020,website,0,group_2,0,100.1520556,2,2,1,2,0,0,2,debit,1/22/2019 0:00,id_34,48.54157153,Not_Canceled
TID21675,app,0,group_1,0,221.2033065,0,2,1,2,0,0,1,debit,9/17/2018 0:00,id_23,40.78410636,Not_Canceled
TID16741,website,0,group_6,0,17.88132463,1,0,3,2,0,0,2,debit,4/13/2019 0:00,id_90,117.0832831,Not_Canceled
TID32218,app,0,group_1,0,88.45853431,0,1,1,1,0,0,1,credit,9/12/2018 0:00,id_76,54.3413744,Not_Canceled
TID33639,website,1,group_1,0,134.3532866,2,0,2,2,0,0,2,debit,7/12/2019 0:00,id_94,74.43121211,Not_Canceled
TID15065,app,0,group_1,0,55.89230028,0,0,1,2,0,0,2,credit,8/25/2018 0:00,id_19,49.85748475,Not_Canceled
TID14553,app,0,group_1,0,82.41520629,0,0,1,2,0,0,1,credit,9/7/2018 0:00,id_86,65.34709476,Not_Canceled
TID31823,whoosh,0,group_1,,0.800159331,0,0,1,,0,5,1,debit,12/20/2018 0:00,id_27,41.32654741,Not_Canceled
TID30750,app,0,group_1,0,104.6603609,0,0,1,2,0,0,3,debit,11/10/2018 0:00,id_98,46.15773551,Not_Canceled
TID32483,website,0,group_6,0,1.296103214,2,0,3,2,0,0,1,debit,8/3/2018 0:00,id_22,86.79003251,Not_Canceled
TID23791,app,0,group_1,0,26.47293791,0,0,1,2,0,0,1,debit,5/17/2019 0:00,id_62,69.24335324,Not_Canceled
TID19703,app,0,group_1,0,88.44623694,0,1,1,2,0,0,1,credit,9/12/2018 0:00,id_68,65.34709476,Not_Canceled
TID25991,app,0,group_1,0,16.95127367,0,2,1,2,0,0,1,debit,1/29/2019 0:00,id_53,52.47221015,Not_Canceled
TID17934,website,0,group_4,0,62.01354693,0,2,1,2,0,0,1,debit,3/17/2019 0:00,id_38,68.64636973,Not_Canceled
TID01263,website,0,group_1,0,38.15575078,0,0,1,2,0,0,5,debit,9/27/2018 0:00,id_29,57.27923139,Not_Canceled
TID01539,app,0,group_1,0,21.81551847,0,0,1,2,0,0,1,debit,7/29/2018 0:00,id_30,46.15773551,Not_Canceled
TID22052,website,0,group_1,0,0.609728385,0,0,1,2,0,0,1,debit,7/12/2019 0:00,id_86,64.33680718,Not_Canceled
TID24152,app,0,group_1,0,60.46019211,0,2,1,2,0,0,0,debit,9/11/2018 0:00,id_57,54.5483914,Not_Canceled
TID05255,website,0,group_4,0,137.4490601,1,1,1,2,0,0,4,debit,6/25/2019 0:00,id_68,67.05012244,Not_Canceled
TID33050,website,0,group_4,0,86.64503488,1,0,1,3,0,0,4,debit,6/6/2019 0:00,id_59,82.31930089,Not_Canceled
TID17031,app,0,group_1,0,-1.635451835,0,1,2,2,0,0,0,debit,5/20/2019 0:00,id_3,49.20026125,Not_Canceled
TID05670,website,0,group_4,0,-0.634952633,2,0,1,3,0,0,1,debit,5/30/2019 0:00,id_92,82.46414582,Not_Canceled
TID34595,website,1,group_1,0,37.12236655,0,0,1,2,0,0,3,debit,1/19/2019 0:00,id_36,53.66765556,Not_Canceled
TID01249,website,0,group_1,0,45.02202798,2,1,1,2,0,0,1,debit,4/28/2019 0:00,id_68,72.65956824,Not_Canceled
TID14965,website,0,group_1,0,16.48469835,1,0,1,2,0,0,1,debit,10/8/2018 0:00,id_60,56.61145455,Not_Canceled
TID26702,whoosh,0,group_1,,67.79323809,2,0,1,,0,0,1,debit,11/9/2018 0:00,id_53,40.78410636,Not_Canceled
TID04846,website,0,group_1,0,84.02334322,1,1,1,2,0,0,4,debit,3/5/2019 0:00,id_29,50.09373117,Not_Canceled
TID29718,website,0,group_1,0,110.2153001,1,1,1,2,0,0,2,debit,6/15/2019 0:00,id_17,66.39983088,Not_Canceled
TID30523,whoosh,0,group_1,,0.682024849,0,0,1,,0,0,1,debit,1/21/2019 0:00,id_19,48.27767928,Not_Canceled
TID03336,website,0,group_1,0,140.3875368,0,1,1,2,0,0,3,debit,7/30/2019 0:00,id_51,60.72608178,Canceled
TID05094,website,0,group_1,0,79.68595622,1,1,1,2,0,0,3,debit,2/22/2019 0:00,id_13,48.97910635,Not_Canceled
TID23661,website,0,group_1,0,82.75795113,1,2,1,2,0,0,3,debit,6/8/2019 0:00,id_1,63.68701299,Not_Canceled
TID00731,website,0,group_2,0,30.11219982,1,1,3,0,0,0,0,debit,12/11/2018 0:00,id_82,11.33329644,Not_Canceled
TID10364,app,0,group_1,0,3.739210161,0,1,1,2,0,0,2,debit,12/16/2018 0:00,id_95,43.48472045,Not_Canceled
TID33321,website,0,group_1,0,39.48112856,2,1,1,2,0,0,2,debit,9/12/2018 0:00,id_15,56.35426715,Not_Canceled
TID11961,website,0,group_1,0,69.60256869,3,1,2,2,0,0,3,debit,3/12/2019 0:00,id_92,62.34865758,Not_Canceled
TID23371,website,0,group_1,0,0.869738859,0,1,1,2,0,0,0,debit,7/1/2019 0:00,id_14,74.67671076,Not_Canceled
TID14673,website,0,group_1,0,193.7220889,2,2,1,2,0,0,3,debit,3/25/2019 0:00,id_21,47.34155644,Not_Canceled
TID22346,app,0,group_1,0,41.49460183,1,1,1,2,0,0,3,debit,12/22/2018 0:00,id_73,38.05347992,Not_Canceled
TID09923,app,,group_1,0,10.75463929,0,1,1,1,0,0,2,debit,3/19/2019 0:00,id_84,61.20853328,Not_Canceled
TID00533,app,0,group_1,0,40.37918185,1,2,1,2,0,0,2,debit,12/3/2018 0:00,id_9,35.28999954,Not_Canceled
TID32058,telephone,1,group_1,,-0.073149065,0,0,1,,0,2,1,debit,1/7/2019 0:00,id_88,0,Not_Canceled
TID08117,app,0,group_1,0,174.2405657,0,3,1,2,0,0,9,debit,7/11/2019 0:00,id_37,44.69086155,Not_Canceled
TID00547,app,0,group_1,0,13.93332944,0,0,1,1,0,0,2,debit,9/22/2018 0:00,id_81,59.17278266,Not_Canceled
TID35335,website,0,group_1,0,1.115919689,2,1,1,1,0,0,4,debit,8/8/2018 0:00,id_55,55.06536163,Not_Canceled
TID01151,website,0,group_1,0,7.900984044,1,2,1,2,0,0,1,debit,8/28/2018 0:00,id_40,72.21552848,Not_Canceled
TID10721,website,0,group_1,0,0.933032201,1,1,1,2,0,0,0,debit,5/21/2019 0:00,id_8,58.66202429,Not_Canceled
TID33561,app,0,group_5,0,69.27064894,0,2,2,3,0,0,2,debit,3/16/2019 0:00,id_68,95.02970935,Not_Canceled
TID05714,website,0,group_1,0,68.70928692,1,0,1,2,0,0,4,debit,12/7/2018 0:00,id_11,64.89505319,Not_Canceled
TID10893,app,0,group_1,0,5.603068038,0,0,1,1,0,0,2,debit,11/10/2018 0:00,id_46,35.28999954,Not_Canceled
TID00873,app,0,group_1,0,44.88969872,0,0,1,2,0,0,3,debit,1/25/2019 0:00,id_42,46.15773551,Not_Canceled
TID35678,app,0,group_1,0,72.92681218,0,0,1,2,0,0,3,debit,11/1/2018 0:00,id_46,51.77885764,Not_Canceled
TID31258,website,0,group_1,0,89.97228049,0,2,1,2,0,0,4,debit,10/2/2018 0:00,id_61,53.64171518,Not_Canceled
TID01874,whoosh,,group_1,,0.142755464,0,1,1,,0,0,0,debit,2/26/2019 0:00,id_38,48.27767928,Not_Canceled
TID14939,website,0,group_6,0,83.1645268,2,2,3,2,0,0,1,debit,3/11/2019 0:00,id_86,88.36704472,Not_Canceled
TID15781,app,0,group_1,0,71.19993088,0,0,1,2,0,0,1,credit,8/26/2018 0:00,id_91,63.23301024,Not_Canceled
TID19375,app,0,group_1,0,281.554419,0,2,1,2,0,0,1,debit,9/17/2018 0:00,id_69,47.04474191,Not_Canceled
TID15642,app,0,group_1,0,150.4367477,0,0,1,1,0,0,3,debit,12/27/2018 0:00,id_51,48.80522502,Not_Canceled
TID18599,website,0,group_1,0,132.4350614,1,0,1,1,0,0,3,debit,5/17/2019 0:00,id_24,69.98837128,Not_Canceled
TID11544,website,0,group_1,0,135.2813762,1,0,2,2,0,0,1,debit,7/21/2019 0:00,id_45,74.43121211,Not_Canceled
TID27301,website,0,group_1,0,-0.076397232,1,1,1,2,0,0,1,debit,10/10/2018 0:00,id_17,61.20853328,Not_Canceled
TID21765,app,0,group_1,0,15.20751844,0,2,1,2,0,0,2,debit,9/30/2018 0:00,id_6,35.150905,Not_Canceled
TID17829,website,0,group_1,0,0.837676372,0,2,1,2,0,0,3,debit,7/16/2018 0:00,id_22,58.15052102,Not_Canceled
TID22021,website,0,group_1,0,87.47223556,1,1,1,2,0,0,4,debit,3/7/2019 0:00,id_26,50.09373117,Not_Canceled
TID09589,website,0,group_4,0,14.4135987,1,2,1,2,0,0,3,debit,7/22/2019 0:00,id_68,91.55443883,Not_Canceled
TID20872,app,0,group_4,0,98.34028542,0,2,1,2,0,0,5,debit,7/12/2019 0:00,id_11,50.09373117,Not_Canceled
TID17189,website,0,group_1,0,7.650815142,0,0,1,1,0,0,1,debit,9/22/2018 0:00,id_9,55.2719225,Not_Canceled
TID15390,app,0,group_1,0,60.02287926,0,1,1,2,0,0,1,debit,8/29/2018 0:00,id_81,40.78410636,Not_Canceled
TID15465,website,0,group_1,0,90.62917317,0,0,1,2,0,0,1,debit,6/13/2019 0:00,id_44,66.39983088,Not_Canceled
TID03257,website,0,group_4,0,57.26949232,1,2,1,2,0,0,5,debit,5/5/2019 0:00,id_61,79.26749451,Canceled
TID05966,app,0,group_1,0,191.5901979,0,0,1,1,0,0,2,debit,6/1/2019 0:00,id_59,56.61145455,Not_Canceled
TID32908,app,0,group_1,0,221.7084624,0,2,1,3,0,0,1,debit,9/24/2018 0:00,id_4,54.0306016,Not_Canceled
TID18078,app,0,group_1,0,281.2443966,0,2,1,2,0,0,1,debit,9/17/2018 0:00,id_28,47.04474191,Not_Canceled
TID27996,website,0,group_1,0,38.68668117,1,0,1,1,0,0,2,debit,2/9/2019 0:00,id_96,47.48455272,Not_Canceled
TID25167,app,0,group_4,0,32.14346248,0,1,1,2,0,0,2,debit,10/7/2018 0:00,id_84,43.48472045,Not_Canceled
TID05034,website,0,group_1,0,86.86400834,2,2,1,2,0,0,1,debit,7/17/2018 0:00,id_92,46.95457587,Not_Canceled
TID05392,website,0,group_1,0,71.41787484,2,0,1,2,0,0,2,debit,10/27/2018 0:00,id_42,51.42898852,Not_Canceled
TID28285,app,0,group_1,0,4.35384935,0,0,1,1,0,0,1,debit,1/27/2019 0:00,id_46,44.61062187,Not_Canceled
TID11894,app,0,group_4,0,52.63516387,0,1,1,2,0,0,3,debit,10/17/2018 0:00,id_30,38.05347992,Not_Canceled
TID30240,app,0,group_1,0,86.09241013,0,0,1,2,0,0,4,debit,2/28/2019 0:00,id_19,38.87597883,Not_Canceled
TID22246,website,0,group_4,0,69.623381,3,2,1,3,0,0,2,debit,6/23/2019 0:00,id_43,78.82992248,Not_Canceled
TID12794,website,0,group_2,0,108.7016451,1,2,3,0,0,0,3,debit,3/1/2019 0:00,id_86,69.24335324,Not_Canceled
TID21831,website,0,group_1,0,89.34119061,1,1,1,2,0,0,2,debit,3/16/2019 0:00,id_38,52.62839365,Not_Canceled
TID12679,website,,group_1,0,69.83718354,1,2,1,3,0,0,1,debit,4/21/2019 0:00,id_83,88.36704472,Not_Canceled
TID05996,app,0,group_1,0,92.19372619,1,0,1,2,0,0,3,debit,11/3/2018 0:00,id_97,31.96521032,Not_Canceled
TID19837,website,0,group_4,0,13.35392425,1,0,1,2,0,0,1,debit,12/24/2018 0:00,id_44,57.63826422,Not_Canceled
TID07683,website,0,group_1,0,82.2520229,1,0,1,2,0,0,2,debit,5/18/2019 0:00,id_48,69.98837128,Not_Canceled
TID18186,website,0,group_1,0,0.490065428,0,0,1,2,0,0,1,debit,7/14/2018 0:00,id_23,54.0306016,Not_Canceled
TID15235,website,0,group_4,0,64.11905157,0,2,1,2,0,0,3,debit,3/23/2019 0:00,id_38,65.34709476,Not_Canceled
TID08737,app,0,group_1,0,38.92107362,0,0,1,2,0,0,2,credit,7/22/2018 0:00,id_20,63.73742421,Not_Canceled
TID25191,website,0,group_6,0,-0.037904453,1,0,3,2,0,0,1,debit,9/7/2018 0:00,id_8,105.6095083,Not_Canceled
TID10661,website,0,group_1,0,91.89651276,1,0,1,2,0,0,5,debit,9/13/2018 0:00,id_38,53.64171518,Not_Canceled
TID29303,app,,group_1,0,117.5408153,0,1,1,2,0,0,2,debit,5/14/2019 0:00,id_67,69.24335324,Not_Canceled
TID17337,website,0,group_4,0,78.18957587,1,2,2,2,0,0,5,debit,2/25/2019 0:00,id_99,52.1179064,Not_Canceled
TID36155,app,0,group_1,0,38.72460029,0,0,1,2,0,0,2,credit,7/22/2018 0:00,id_37,63.73742421,Not_Canceled
TID29977,app,0,group_1,0,4.641519974,0,2,1,2,0,0,1,debit,11/12/2018 0:00,id_57,44.45007047,Not_Canceled
TID20313,website,0,group_1,0,35.84460026,1,2,1,2,0,0,1,debit,5/27/2019 0:00,id_86,63.68701299,Not_Canceled
TID27591,app,0,group_4,0,82.59311708,1,2,1,2,0,0,1,debit,11/26/2018 0:00,id_91,38.05347992,Not_Canceled
TID28607,website,0,group_4,0,101.4642666,0,1,1,2,0,0,2,debit,3/19/2019 0:00,id_11,51.74232264,Not_Canceled
TID01643,website,0,group_1,0,45.39764546,2,0,1,1,0,0,1,debit,9/27/2018 0:00,id_76,56.35426715,Not_Canceled
TID03536,whoosh,0,group_1,,28.52246563,0,0,1,,0,0,1,debit,11/25/2018 0:00,id_41,40.78410636,Not_Canceled
TID20112,app,0,group_1,0,4.135534573,1,0,1,2,0,0,3,debit,9/13/2018 0:00,id_80,54.0306016,Not_Canceled
TID33315,app,0,group_1,0,39.49606841,0,0,1,2,0,0,2,credit,7/22/2018 0:00,id_64,59.93754192,Not_Canceled
TID03707,website,0,group_1,0,76.031631,1,0,1,2,0,0,2,debit,3/9/2019 0:00,id_91,52.62839365,Not_Canceled
TID20179,website,0,group_1,0,20.00087733,1,2,1,2,0,0,3,debit,8/21/2018 0:00,id_16,61.7156903,Not_Canceled
TID20349,website,1,group_6,0,8.516149214,0,1,3,2,0,0,3,debit,2/2/2019 0:00,id_8,99.09245504,Not_Canceled
TID11304,website,0,group_1,0,98.11303871,0,0,1,2,0,0,3,debit,4/24/2019 0:00,id_78,72.65956824,Not_Canceled
TID17924,app,0,group_1,0,8.971810593,0,0,1,2,0,0,3,debit,1/24/2019 0:00,id_94,40.24046616,Not_Canceled
TID28408,website,0,group_1,0,18.8508227,2,2,1,2,0,0,2,debit,7/14/2019 0:00,id_43,84.3913619,Not_Canceled
TID01582,whoosh,0,group_1,,-0.379908055,0,0,1,,0,1,1,debit,11/10/2018 0:00,id_1,48.27767928,Not_Canceled
TID28123,website,0,group_4,0,87.54579593,1,2,1,2,0,0,5,debit,6/12/2019 0:00,id_37,73.10315287,Not_Canceled
TID09729,app,0,group_1,0,80.45291744,0,1,1,2,0,0,2,debit,3/2/2019 0:00,id_1,40.78410636,Not_Canceled
TID19191,app,0,group_1,0,321.0575474,1,0,1,2,0,0,2,credit,7/26/2019 0:00,id_7,66.75011988,Canceled
TID31435,website,0,group_1,0,0.774520963,0,0,1,2,0,0,1,debit,7/19/2018 0:00,id_18,71.22712526,Not_Canceled
TID21299,website,0,group_4,0,117.1776965,1,0,1,3,0,0,1,debit,6/27/2019 0:00,id_54,77.95354936,Not_Canceled
TID33992,telephone,0,group_1,,1.568899942,1,2,1,,0,0,0,debit,6/17/2019 0:00,id_28,0,Not_Canceled
TID34697,website,0,group_1,0,65.2221183,1,1,1,2,0,0,4,debit,12/7/2018 0:00,id_9,57.22791031,Not_Canceled
TID09484,app,0,group_1,0,118.2944723,1,1,1,2,0,0,3,debit,3/12/2019 0:00,id_66,44.02146061,Not_Canceled
TID24321,website,0,group_1,0,114.5558046,1,1,1,2,0,0,4,debit,4/11/2019 0:00,id_26,58.89195723,Not_Canceled
TID14664,whoosh,0,group_1,,98.34982658,0,0,1,,0,0,2,debit,1/27/2019 0:00,id_62,51.95103622,Not_Canceled
TID18747,app,0,group_1,0,17.01664743,0,0,1,2,0,0,2,debit,9/23/2018 0:00,id_85,31.35934249,Not_Canceled
TID25027,whoosh,0,group_1,,22.09067792,0,0,1,,0,0,2,debit,11/25/2018 0:00,id_20,46.15773551,Not_Canceled
TID00585,app,0,group_1,0,74.26662685,0,2,1,2,0,0,2,debit,1/28/2019 0:00,id_5,38.05347992,Not_Canceled
TID00676,website,0,group_4,0,2.293350773,1,0,1,2,0,0,1,debit,5/19/2019 0:00,id_35,77.12434065,Not_Canceled
TID21681,app,0,group_1,0,218.4242873,0,2,1,1,0,0,3,debit,8/12/2018 0:00,id_44,45.62523659,Not_Canceled
TID35426,whoosh,0,group_1,,0.684269697,0,1,1,,0,1,2,debit,1/30/2019 0:00,id_67,40.78410636,Not_Canceled
TID08144,website,0,group_4,0,71.45532284,0,2,1,2,0,0,2,debit,4/8/2019 0:00,id_88,75.46139884,Canceled
TID00942,app,0,group_4,0,32.97748376,1,2,2,2,0,0,2,debit,10/8/2018 0:00,id_15,40.10436629,Not_Canceled
TID01768,app,0,group_1,0,40.06293315,0,0,1,1,0,0,1,credit,7/3/2019 0:00,id_96,56.61145455,Not_Canceled
TID04834,website,1,group_1,0,144.8074479,1,0,1,2,0,0,2,debit,6/5/2019 0:00,id_4,61.86770119,Not_Canceled
TID26363,website,0,group_1,0,162.9263823,1,2,1,1,0,0,5,debit,3/17/2019 0:00,id_76,45.28923146,Not_Canceled
TID33828,app,0,group_1,0,34.53393605,0,0,1,2,0,0,4,debit,12/21/2018 0:00,id_35,38.05347992,Not_Canceled
TID00929,website,0,group_4,0,105.4911818,1,2,1,2,0,0,3,debit,7/8/2019 0:00,id_54,69.54152105,Not_Canceled
TID24459,website,0,group_4,0,184.0975348,3,2,1,3,0,0,5,debit,7/11/2019 0:00,id_96,74.21014701,Not_Canceled
TID08276,app,0,group_4,0,23.04287122,0,0,1,2,0,0,3,debit,9/27/2018 0:00,id_96,46.15773551,Not_Canceled
TID00669,app,0,group_1,0,39.01695258,2,1,1,3,0,0,1,debit,1/16/2019 0:00,id_57,58.63135519,Not_Canceled
TID21113,website,0,group_4,0,61.55683645,1,0,1,2,0,0,3,debit,4/24/2019 0:00,id_48,79.26749451,Not_Canceled
TID32381,website,0,group_1,0,74.64905572,1,2,1,2,0,0,2,debit,2/25/2019 0:00,id_2,50.09373117,Not_Canceled
TID32881,app,0,group_1,0,0.329099627,0,0,1,2,0,0,2,credit,7/22/2018 0:00,id_62,63.73742421,Not_Canceled
TID15961,website,1,group_1,0,48.79073612,0,0,1,2,0,0,1,debit,2/28/2019 0:00,id_1,64.24117034,Not_Canceled
TID17225,website,0,group_1,0,45.68811862,2,0,1,1,0,0,1,debit,6/15/2019 0:00,id_3,65.49765872,Not_Canceled
TID05898,app,0,group_1,0,110.7096275,0,0,1,2,0,0,4,debit,11/16/2018 0:00,id_66,43.48472045,Not_Canceled
TID29249,website,1,group_1,0,-0.477181581,1,0,1,2,0,0,1,debit,7/19/2018 0:00,id_83,75.65735632,Not_Canceled
TID24184,telephone,0,group_1,,23.29154694,0,0,1,,0,0,2,debit,4/20/2019 0:00,id_93,0,Not_Canceled
TID29766,website,0,group_4,0,122.7798953,1,0,1,1,0,0,2,debit,4/13/2019 0:00,id_71,72.36359253,Not_Canceled
TID23243,app,0,group_1,0,82.65626531,0,0,1,2,0,0,1,credit,9/7/2018 0:00,id_47,65.34709476,Not_Canceled
TID07339,website,0,group_1,0,84.45032854,1,1,1,2,0,0,1,debit,5/12/2019 0:00,id_46,74.8730121,Not_Canceled
TID16046,app,0,group_1,0,0.341774842,0,1,1,1,0,0,2,debit,5/14/2019 0:00,id_68,64.24117034,Not_Canceled
TID17541,app,0,group_1,0,131.1398445,3,0,1,2,0,0,3,debit,7/11/2019 0:00,id_59,52.48783199,Not_Canceled
TID30080,website,0,group_1,0,224.5255352,1,2,1,2,0,0,3,debit,7/29/2019 0:00,id_79,54.52252146,Not_Canceled
TID02855,whoosh,0,group_1,,98.61917625,0,0,1,,0,0,1,debit,1/27/2019 0:00,id_31,48.80522502,Not_Canceled
TID08929,whoosh,0,group_1,,4.730433682,1,0,1,,0,0,2,debit,5/1/2019 0:00,id_15,64.24117034,Not_Canceled
TID03575,website,,group_1,0,7.919035151,2,2,2,2,0,0,3,debit,2/22/2019 0:00,id_55,75.85322857,Not_Canceled
TID34100,app,0,group_1,0,26.62872526,0,0,1,2,0,0,2,debit,9/7/2018 0:00,id_15,63.23301024,Not_Canceled
TID21555,whoosh,0,group_1,,62.52067834,0,0,1,,0,0,2,debit,4/24/2019 0:00,id_48,74.18557739,Not_Canceled
TID26564,whoosh,0,group_1,,33.08242577,0,1,1,,0,0,3,debit,1/2/2019 0:00,id_2,40.24046616,Not_Canceled
TID28058,website,0,group_1,0,1.770526097,1,0,1,2,0,0,2,debit,2/2/2019 0:00,id_40,60.19209826,Not_Canceled
TID05971,app,0,group_1,0,138.4494649,0,2,1,2,0,0,1,credit,7/30/2018 0:00,id_9,56.35426715,Not_Canceled
TID21288,app,0,group_1,0,72.73444519,0,0,1,2,0,0,2,credit,8/26/2018 0:00,id_26,59.93754192,Not_Canceled
TID20438,app,0,group_1,0,134.207872,0,0,1,2,0,0,4,debit,7/3/2019 0:00,id_91,44.69086155,Not_Canceled
TID16598,app,0,group_4,0,57.10797656,1,2,1,2,0,0,4,debit,12/4/2018 0:00,id_78,48.02940133,Not_Canceled
TID31166,app,0,group_1,0,171.9891913,0,0,1,1,0,0,2,debit,6/1/2019 0:00,id_60,56.61145455,Canceled
TID36258,website,0,group_1,0,21.66667089,1,2,1,2,0,0,1,debit,10/22/2018 0:00,id_60,52.47221015,Not_Canceled
TID14214,app,0,group_1,0,3.817301707,0,1,1,2,0,0,3,debit,5/28/2019 0:00,id_60,56.61145455,Not_Canceled
TID21856,website,0,group_1,0,158.0439276,2,2,2,2,0,0,5,debit,7/15/2018 0:00,id_48,46.95457587,Not_Canceled
TID28410,app,0,group_1,0,124.4773368,0,2,1,2,0,0,1,credit,7/16/2018 0:00,id_71,56.35426715,Not_Canceled
TID06027,app,0,group_1,0,7.096857589,0,0,1,1,0,0,3,debit,7/13/2018 0:00,id_19,38.60213557,Not_Canceled
TID10016,website,0,group_1,0,77.57075961,0,2,1,1,0,0,3,debit,7/8/2018 0:00,id_11,42.4079134,Not_Canceled
TID11768,app,0,group_1,0,3.542373788,0,1,1,2,0,0,2,debit,9/9/2018 0:00,id_65,40.78410636,Not_Canceled
TID07173,website,0,group_1,0,6.459350311,1,0,1,2,0,0,2,debit,7/24/2019 0:00,id_24,83.91025828,Not_Canceled
TID06218,app,0,group_1,0,134.4096844,0,2,1,2,0,0,1,debit,3/24/2019 0:00,id_61,48.80522502,Not_Canceled
TID22678,app,0,group_1,0,107.4605117,0,0,1,2,0,0,1,debit,7/25/2019 0:00,id_23,49.46332517,Not_Canceled
TID22801,website,0,group_1,0,16.94214798,0,0,1,2,0,0,3,debit,8/9/2018 0:00,id_13,61.7156903,Not_Canceled
TID07017,website,0,group_4,0,54.16300476,0,2,1,2,0,0,5,debit,3/19/2019 0:00,id_92,66.56500562,Not_Canceled
TID32299,website,0,group_4,0,20.67409677,1,2,1,2,0,0,4,debit,5/6/2019 0:00,id_40,69.86429435,Not_Canceled
TID35765,website,1,group_1,0,32.94931279,0,0,1,2,0,0,2,debit,3/1/2019 0:00,id_8,77.07551714,Not_Canceled
TID05288,app,0,group_1,0,218.2447683,0,0,1,2,0,0,1,credit,8/12/2018 0:00,id_39,63.23301024,Canceled
TID14064,app,0,group_1,0,43.00298496,0,0,1,1,0,0,1,debit,9/20/2018 0:00,id_94,46.15773551,Not_Canceled
TID03805,app,0,group_1,0,1.203034817,0,0,1,1,0,0,2,debit,3/14/2019 0:00,id_24,56.61145455,Not_Canceled
TID15007,app,0,group_1,0,70.79599265,0,0,1,2,0,0,3,debit,8/30/2018 0:00,id_48,56.61145455,Not_Canceled
TID12972,website,0,group_1,0,108.6566286,1,0,1,3,0,0,2,debit,5/29/2019 0:00,id_61,88.36704472,Not_Canceled
TID16605,website,0,group_1,0,27.43202615,1,2,1,2,0,0,3,debit,1/12/2019 0:00,id_13,41.49446387,Not_Canceled
TID21973,website,0,group_2,0,124.111315,1,0,1,2,0,0,2,debit,6/7/2019 0:00,id_20,53.38738848,Not_Canceled
TID09662,app,0,group_5,0,89.88149643,0,2,1,2,0,0,2,debit,4/27/2019 0:00,id_14,70.77168748,Not_Canceled
TID15783,app,0,group_5,0,146.0650324,0,0,1,2,0,0,3,debit,7/17/2019 0:00,id_51,66.02918817,Not_Canceled
TID16964,whoosh,0,group_1,,8.865059433,0,0,1,,0,0,2,debit,4/4/2019 0:00,id_23,56.61145455,Not_Canceled
TID04902,website,,group_4,0,94.42117738,1,0,1,2,0,0,4,debit,4/24/2019 0:00,id_36,75.46139884,Not_Canceled
TID32164,website,0,group_4,0,31.67008884,1,0,1,2,0,0,3,debit,2/28/2019 0:00,id_19,80.23842857,Not_Canceled
TID12099,app,0,group_5,0,37.33842538,1,0,1,2,0,0,2,credit,5/25/2019 0:00,id_50,76.19580081,Not_Canceled
TID33677,website,0,group_1,0,17.97797755,1,1,1,2,0,0,2,debit,6/18/2019 0:00,id_64,64.4726712,Not_Canceled
TID31461,website,0,group_1,0,36.63362847,0,0,1,2,0,0,2,debit,8/24/2018 0:00,id_65,56.35426715,Not_Canceled
TID12440,app,0,group_1,0,2.023000219,0,0,1,1,0,0,4,debit,10/12/2018 0:00,id_72,40.10436629,Not_Canceled
TID25997,app,0,group_1,0,100.8617895,1,1,1,2,0,0,3,debit,7/30/2019 0:00,id_97,44.69086155,Not_Canceled
TID13299,website,0,group_4,0,145.6823943,0,0,1,2,0,0,2,debit,7/5/2019 0:00,id_23,68.64636973,Not_Canceled
TID20475,website,0,group_1,0,11.98045888,0,0,1,1,0,0,1,debit,3/27/2019 0:00,id_34,56.61145455,Not_Canceled
TID26735,website,0,group_5,0,9.168302441,0,0,3,2,0,0,2,debit,7/25/2019 0:00,id_55,83.4286901,Not_Canceled
TID34160,app,0,group_1,0,22.13977826,1,0,1,1,0,0,1,debit,9/14/2018 0:00,id_11,47.21968807,Not_Canceled
TID26568,app,0,group_1,0,90.22327885,1,0,1,3,0,0,3,debit,5/9/2019 0:00,id_92,61.91835759,Not_Canceled
TID13970,website,0,group_1,0,0.417775773,0,0,1,1,0,0,1,debit,7/16/2018 0:00,id_35,48.80522502,Not_Canceled
TID24332,website,0,group_1,0,22.81022294,1,0,1,2,0,0,2,debit,7/11/2019 0:00,id_54,84.3913619,Not_Canceled
TID28294,website,0,group_1,0,12.20131277,0,0,1,1,0,0,1,debit,5/8/2019 0:00,id_61,62.34865758,Not_Canceled
TID30371,website,0,group_4,0,23.8181888,0,2,2,2,0,0,3,debit,3/18/2019 0:00,id_31,69.37755535,Canceled
TID16126,telephone,0,group_4,,-70,2,0,1,,0,16,1,debit,1/11/2019 0:00,id_36,0,Not_Canceled
TID31044,website,0,group_4,0,75.54119417,2,1,1,3,0,0,1,debit,6/9/2019 0:00,id_4,84.05463798,Not_Canceled
TID04666,website,0,group_1,0,0.398897471,0,0,1,2,0,0,1,debit,7/21/2018 0:00,id_80,78.09972609,Not_Canceled
TID08904,app,0,group_1,0,127.3032899,1,0,1,3,0,0,3,debit,6/21/2019 0:00,id_94,57.58699676,Not_Canceled
TID01877,website,,group_4,0,0.017237892,0,1,1,2,0,0,1,debit,1/23/2019 0:00,id_12,77.12434065,Not_Canceled
TID14718,app,0,group_1,0,65.46339958,0,0,1,1,0,0,2,debit,9/9/2018 0:00,id_87,59.17278266,Not_Canceled
TID14504,website,0,group_6,0,43.27617985,0,1,3,2,0,0,1,debit,1/16/2019 0:00,id_50,94.86471125,Not_Canceled
TID24288,app,0,group_1,0,1.294731365,0,0,1,1,0,0,1,debit,4/25/2019 0:00,id_78,68.14821769,Not_Canceled
TID08588,whoosh,0,group_5,,3.757777246,0,0,1,,0,25,1,debit,6/15/2019 0:00,id_65,62.22215052,Not_Canceled
TID11712,app,0,group_1,0,57.35665348,0,0,1,1,0,0,1,credit,5/18/2019 0:00,id_19,51.95103622,Not_Canceled
TID09500,app,0,group_1,0,220.7824229,0,0,1,1,0,0,1,credit,7/20/2019 0:00,id_86,45.09170191,Not_Canceled
TID07689,app,0,group_4,0,67.12790612,0,2,1,2,0,0,1,debit,11/5/2018 0:00,id_51,38.05347992,Not_Canceled
TID21581,website,1,group_1,0,3.654734818,0,0,1,1,0,0,1,debit,2/8/2019 0:00,id_28,61.20853328,Not_Canceled
TID17947,website,0,group_4,0,40.31969441,0,0,1,2,0,0,5,debit,7/31/2019 0:00,id_16,83.62137334,Not_Canceled
TID32106,website,0,group_1,0,27.01323778,2,2,1,2,0,0,2,debit,4/29/2019 0:00,id_56,54.46560038,Not_Canceled
TID06921,telephone,0,group_1,,13.45858443,0,1,1,,0,0,1,debit,3/19/2019 0:00,id_8,0,Not_Canceled
TID06964,website,,group_4,0,21.72693341,0,2,1,3,0,0,2,debit,5/6/2019 0:00,id_63,74.62762189,Canceled
TID18128,app,0,group_1,0,112.181552,0,0,1,2,0,0,2,debit,5/10/2019 0:00,id_9,59.17278266,Not_Canceled
TID25204,website,0,group_4,0,77.80216316,0,2,1,2,0,0,2,debit,2/25/2019 0:00,id_29,54.52252146,Not_Canceled
TID03880,whoosh,0,group_1,,17.06555756,0,2,1,,0,0,1,debit,8/28/2018 0:00,id_16,40.78410636,Not_Canceled
TID24702,website,0,group_4,0,48.91829078,2,1,1,3,0,0,1,debit,4/14/2019 0:00,id_82,88.36704472,Not_Canceled
TID36278,website,0,group_1,0,32.10737248,2,0,1,2,0,0,3,debit,9/13/2018 0:00,id_76,56.35426715,Not_Canceled
TID24243,app,0,group_1,0,57.92464437,0,0,1,1,0,0,2,debit,10/6/2018 0:00,id_78,46.15773551,Not_Canceled
TID00772,app,0,group_1,0,101.7811128,0,0,1,1,0,0,2,credit,9/23/2018 0:00,id_48,52.47221015,Not_Canceled
TID19909,app,0,group_1,0,95.03847047,1,1,1,2,0,0,5,credit,3/5/2019 0:00,id_23,64.61854581,Not_Canceled
TID29439,app,0,group_1,0,29.30442079,0,1,1,2,0,0,2,debit,10/14/2018 0:00,id_82,39.69560568,Not_Canceled
TID34089,website,0,group_1,0,199.036285,1,1,1,2,0,0,2,debit,2/23/2019 0:00,id_85,41.02835198,Not_Canceled
TID06780,website,0,group_4,0,122.5029651,1,4,2,2,0,0,5,debit,7/8/2019 0:00,id_15,65.36717331,Not_Canceled
TID25770,website,0,group_1,0,76.53928564,2,2,1,2,0,0,1,debit,5/27/2019 0:00,id_28,72.65956824,Not_Canceled
TID15047,website,0,group_1,0,89.54900545,1,0,1,2,0,0,3,debit,3/27/2019 0:00,id_76,61.86770119,Not_Canceled
TID19169,website,0,group_4,0,123.5301592,1,2,1,3,0,0,1,debit,6/23/2019 0:00,id_96,77.95354936,Canceled
TID18315,whoosh,0,group_1,,4.944323585,0,1,1,,0,1,0,debit,9/12/2018 0:00,id_93,40.78410636,Not_Canceled
TID13344,app,0,group_1,0,116.2090575,1,1,1,2,0,0,4,debit,7/4/2019 0:00,id_85,44.69086155,Not_Canceled
TID24335,app,0,group_1,0,131.990834,1,2,1,3,0,0,6,debit,6/19/2019 0:00,id_18,57.58699676,Not_Canceled
TID26826,website,0,group_2,0,87.69242847,1,2,1,2,0,0,2,debit,5/6/2019 0:00,id_46,65.25170751,Not_Canceled
TID10699,app,0,group_1,0,87.65825341,0,0,1,1,0,0,3,credit,4/10/2019 0:00,id_44,57.12524506,Not_Canceled
TID30931,website,0,group_4,0,9.250015466,0,0,1,3,0,0,2,debit,5/16/2019 0:00,id_31,87.26842062,Not_Canceled
TID06002,app,0,group_1,0,24.79051713,0,2,1,2,0,0,2,debit,9/18/2018 0:00,id_97,44.96349769,Not_Canceled
TID02364,website,0,group_2,0,45.08728825,0,2,1,2,0,0,2,debit,10/1/2018 0:00,id_81,47.09776731,Not_Canceled
TID33113,app,0,group_1,0,61.20843705,0,2,1,2,0,0,0,debit,9/11/2018 0:00,id_51,54.5483914,Not_Canceled
TID32834,website,0,group_1,0,108.4200236,1,2,1,2,0,0,1,debit,4/7/2019 0:00,id_82,47.23558691,Not_Canceled
TID21441,app,0,group_1,0,38.62568709,0,0,1,2,0,0,2,credit,7/22/2018 0:00,id_22,63.73742421,Not_Canceled
TID06895,website,0,group_1,0,87.0245499,0,0,1,2,0,0,3,debit,5/17/2019 0:00,id_64,58.00204451,Not_Canceled
TID29922,website,1,group_1,0,0.749116452,0,0,1,2,0,0,1,debit,1/4/2019 0:00,id_39,59.17278266,Not_Canceled
TID06766,website,0,group_1,0,42.5842538,1,2,1,2,0,0,0,debit,7/15/2019 0:00,id_67,77.07551714,Not_Canceled
TID02020,app,0,group_1,0,12.95882088,0,0,1,2,0,0,3,credit,4/3/2019 0:00,id_46,57.12524506,Not_Canceled
TID16140,website,,group_2,0,24.46626958,1,1,1,2,0,0,2,debit,1/6/2019 0:00,id_24,47.35215122,Not_Canceled
TID00719,app,0,group_1,0,54.66796664,0,0,1,2,0,0,1,credit,3/14/2019 0:00,id_64,61.20853328,Not_Canceled
TID19183,app,0,group_1,0,39.06760473,0,0,1,1,0,0,2,credit,7/22/2018 0:00,id_7,52.47221015,Not_Canceled
TID35392,website,,group_4,0,113.7819587,2,0,2,2,0,0,1,debit,7/7/2019 0:00,id_22,73.10315287,Not_Canceled
TID33720,website,,group_4,0,121.9139069,2,0,1,3,0,0,3,debit,4/19/2019 0:00,id_79,85.35218944,Not_Canceled
TID02581,app,0,group_1,0,3.078411693,0,0,1,2,0,0,3,debit,3/29/2019 0:00,id_71,56.61145455,Not_Canceled
TID24867,website,0,group_6,0,20.62323012,1,0,3,2,0,0,2,debit,7/18/2019 0:00,id_60,121.6190575,Not_Canceled
TID10375,app,0,group_4,0,-0.992470662,1,0,1,1,0,0,1,debit,9/28/2018 0:00,id_81,81.49770004,Not_Canceled
TID03782,whoosh,0,group_1,,0.229800402,0,0,1,,0,0,1,debit,8/18/2018 0:00,id_47,54.0306016,Not_Canceled
TID01338,website,0,group_2,0,119.7124009,0,0,3,0,0,0,2,debit,6/7/2019 0:00,id_14,57.92009924,Not_Canceled
TID06203,app,0,group_1,0,49.58345885,1,0,1,3,0,0,3,debit,12/8/2018 0:00,id_43,59.00431422,Not_Canceled
TID17661,whoosh,0,group_1,,4.480272389,0,0,1,,0,0,1,debit,1/27/2019 0:00,id_70,49.33182243,Not_Canceled
TID02096,whoosh,0,group_4,,10.80785972,0,0,1,,0,0,3,debit,5/22/2019 0:00,id_83,54.0306016,Not_Canceled
TID16423,app,0,group_1,0,118.4034017,0,1,1,1,0,0,3,debit,5/14/2019 0:00,id_94,64.24117034,Not_Canceled
TID26707,website,0,group_1,0,83.03730341,1,0,1,2,0,0,4,debit,3/13/2019 0:00,id_90,51.20946513,Not_Canceled
TID15982,website,,group_1,0,108.8867778,0,2,1,2,0,0,1,debit,8/27/2018 0:00,id_45,58.27846715,Canceled
TID07834,website,0,group_1,0,131.9971867,0,2,1,1,0,0,1,debit,3/24/2019 0:00,id_2,49.48961872,Not_Canceled
TID03984,whoosh,0,group_1,,3.456100404,1,0,1,,0,0,2,debit,2/3/2019 0:00,id_38,21.43441656,Not_Canceled
TID17529,app,0,group_2,0,136.9946693,0,1,1,2,0,0,2,debit,5/18/2019 0:00,id_15,49.20026125,Not_Canceled
TID30562,website,0,group_1,0,2.929181575,2,2,1,1,0,0,3,debit,2/8/2019 0:00,id_98,60.19209826,Not_Canceled
TID31309,app,0,group_1,0,27.94125631,0,0,1,1,0,0,1,debit,10/6/2018 0:00,id_46,74.18557739,Not_Canceled
TID09550,website,0,group_4,0,123.0368336,1,0,1,1,0,0,2,debit,4/13/2019 0:00,id_94,72.36359253,Not_Canceled
TID05115,website,0,group_1,0,1.892260113,1,0,1,2,0,0,4,debit,2/14/2019 0:00,id_11,61.7156903,Not_Canceled
TID01836,whoosh,0,group_1,,-0.947827333,0,1,1,,2,16,2,debit,12/19/2018 0:00,id_56,41.14767315,Not_Canceled
TID24312,website,0,group_1,0,76.25782241,1,1,1,2,0,0,4,debit,2/28/2019 0:00,id_67,59.47888364,Not_Canceled
TID20970,app,0,group_1,0,210.1700415,0,0,1,2,0,0,2,debit,4/27/2019 0:00,id_90,59.17278266,Canceled
TID04018,app,0,group_1,0,55.31784393,0,0,1,2,0,0,1,credit,3/14/2019 0:00,id_86,61.20853328,Not_Canceled
TID00571,website,0,group_1,0,268.498559,0,2,1,2,0,0,3,debit,3/16/2019 0:00,id_96,47.74917162,Canceled
TID18980,website,0,group_1,0,1.311753911,1,2,1,2,0,0,2,debit,3/16/2019 0:00,id_41,67.24999912,Not_Canceled
TID00161,website,0,group_4,0,35.2489994,1,2,1,2,0,0,1,debit,4/7/2019 0:00,id_47,79.26749451,Not_Canceled
TID13728,website,0,group_1,0,13.31572156,1,0,1,2,0,0,2,debit,5/16/2019 0:00,id_42,69.74018045,Not_Canceled
TID29163,app,0,group_1,0,115.102618,0,1,1,2,0,0,3,debit,7/30/2019 0:00,id_60,44.69086155,Not_Canceled
TID30001,website,,group_1,0,27.80627451,1,1,1,1,0,0,0,debit,4/2/2019 0:00,id_92,64.74425551,Not_Canceled
TID18606,app,0,group_1,0,7.247453116,1,0,1,2,0,0,3,debit,4/12/2019 0:00,id_70,81.0137548,Not_Canceled
TID06491,website,0,group_4,0,16.07523045,3,0,1,3,0,0,2,debit,6/8/2019 0:00,id_95,101.4280422,Not_Canceled
TID22640,website,0,group_1,0,17.03729193,3,0,1,1,0,0,2,debit,9/8/2018 0:00,id_81,45.56126742,Not_Canceled
TID02790,website,0,group_1,0,81.3350788,2,2,1,2,0,0,3,debit,10/1/2018 0:00,id_82,53.64171518,Not_Canceled
TID17836,app,0,group_1,0,153.6309212,0,0,1,2,0,0,3,debit,3/27/2019 0:00,id_97,46.15773551,Not_Canceled
TID27673,website,0,group_4,0,60.37775869,0,1,1,2,0,0,3,debit,2/26/2019 0:00,id_8,60.19209826,Not_Canceled
TID27659,app,0,group_1,0,56.06113512,0,0,1,2,0,0,1,debit,5/16/2019 0:00,id_87,69.24335324,Not_Canceled
TID07391,website,0,group_1,0,5.861512587,2,0,1,2,0,0,3,debit,8/11/2018 0:00,id_47,68.08341314,Not_Canceled
TID28224,website,0,group_1,0,6.884256058,1,1,1,2,0,0,2,debit,7/25/2018 0:00,id_7,54.0306016,Not_Canceled
TID29713,whoosh,,group_1,,83.9773707,0,0,1,,0,0,2,debit,8/17/2018 0:00,id_22,54.0306016,Not_Canceled
TID11261,app,0,group_1,0,290.5026936,0,0,1,1,0,0,2,credit,6/28/2019 0:00,id_33,54.0306016,Not_Canceled
TID26698,whoosh,0,group_1,,98.75890549,0,0,1,,0,0,1,debit,1/27/2019 0:00,id_86,49.33182243,Not_Canceled
TID03159,website,0,group_4,0,12.06921056,1,1,1,2,0,0,2,debit,6/25/2019 0:00,id_54,83.58765917,Not_Canceled
TID03063,website,0,group_1,0,194.9607213,1,2,1,2,0,0,5,debit,6/28/2019 0:00,id_96,54.52252146,Not_Canceled
TID05643,website,0,group_4,0,23.12307389,1,0,1,2,0,0,1,debit,7/11/2019 0:00,id_50,91.55443883,Not_Canceled
TID18274,website,0,group_1,0,9.882577137,2,0,1,2,0,0,1,debit,3/15/2019 0:00,id_17,64.24117034,Not_Canceled
TID01368,app,0,group_1,0,6.455933426,0,2,1,2,0,0,4,debit,7/13/2018 0:00,id_27,43.48472045,Not_Canceled
TID11781,website,0,group_1,0,119.0067084,0,0,1,1,0,0,2,debit,3/23/2019 0:00,id_97,54.49664947,Not_Canceled
TID05535,app,0,group_1,0,121.7583349,0,0,1,2,0,0,2,debit,3/23/2019 0:00,id_90,51.42898852,Not_Canceled
TID00498,website,0,group_1,0,6.888342185,2,1,1,1,0,0,0,debit,10/24/2018 0:00,id_9,54.5483914,Not_Canceled
TID03549,app,0,group_1,0,48.20906357,0,0,1,2,0,0,1,credit,8/19/2018 0:00,id_84,61.20853328,Not_Canceled
TID29945,telephone,1,group_5,,-27,1,1,3,,0,0,1,debit,7/7/2019 0:00,id_13,0,Not_Canceled
TID07169,website,0,group_4,0,11.33821665,2,0,1,2,0,0,1,debit,9/16/2018 0:00,id_95,86.31120013,Not_Canceled
TID32822,app,0,group_1,0,32.34393668,0,0,1,1,0,0,2,debit,10/28/2018 0:00,id_34,45.09170191,Not_Canceled
TID19163,app,0,group_1,0,43.24867482,0,0,1,2,0,0,3,debit,1/25/2019 0:00,id_41,46.15773551,Not_Canceled
TID20005,website,0,group_1,0,8.995303145,1,0,1,2,0,0,1,debit,5/2/2019 0:00,id_19,64.92018043,Not_Canceled
TID00434,website,0,group_2,0,45.66947652,0,2,1,2,0,0,2,debit,10/1/2018 0:00,id_11,47.09776731,Not_Canceled
TID13150,website,0,group_4,0,2.818215106,0,2,1,2,0,0,1,debit,9/25/2018 0:00,id_66,77.12434065,Not_Canceled
TID12659,app,0,group_4,0,51.151914,0,0,1,2,0,0,3,debit,10/27/2018 0:00,id_19,38.05347992,Not_Canceled
TID36023,whoosh,,group_4,,2.287175483,0,0,1,,1,1,1,debit,3/28/2019 0:00,id_25,64.24117034,Not_Canceled
TID22001,whoosh,0,group_1,,70.74158167,0,0,1,,0,0,2,debit,8/17/2018 0:00,id_5,54.0306016,Not_Canceled
TID09982,website,0,group_1,0,227.8789556,1,2,1,2,0,0,3,debit,6/3/2019 0:00,id_0,47.34155644,Not_Canceled
TID32648,website,,group_1,0,7.519387656,1,0,1,2,0,0,1,debit,12/10/2018 0:00,id_89,68.74592727,Not_Canceled
TID19745,whoosh,0,group_1,,2.875640601,0,1,1,,0,0,1,debit,7/30/2019 0:00,id_34,59.17278266,Not_Canceled
TID02229,website,0,group_1,0,0.177242501,2,0,2,2,0,0,1,debit,5/30/2019 0:00,id_38,88.22387688,Not_Canceled
TID35750,website,0,group_2,0,96.62589973,2,1,1,2,0,0,2,debit,9/26/2018 0:00,id_55,42.83378856,Not_Canceled
TID15308,website,0,group_1,0,10.23632499,2,0,1,2,0,0,5,debit,7/26/2018 0:00,id_38,54.0306016,Not_Canceled
TID24701,website,0,group_1,0,7.119933553,2,1,1,2,0,0,4,debit,8/29/2018 0:00,id_19,80.6262484,Not_Canceled
TID34932,app,0,group_1,0,71.37165212,0,0,1,1,0,0,3,debit,5/22/2019 0:00,id_68,69.24335324,Not_Canceled
TID27664,app,0,group_1,0,144.9762229,0,2,1,2,0,0,1,credit,8/6/2018 0:00,id_7,56.35426715,Not_Canceled
TID35377,website,0,group_6,0,113.7531932,2,0,2,2,0,0,1,debit,7/7/2019 0:00,id_55,101.1016102,Not_Canceled
TID20066,website,,group_1,0,47.46073517,1,2,1,2,0,0,2,credit,5/27/2019 0:00,id_79,80.35965605,Not_Canceled
TID22648,app,0,group_1,0,14.38236391,0,2,1,2,0,0,1,debit,11/12/2018 0:00,id_89,25.98867817,Not_Canceled
TID22543,website,,group_1,0,0.6038318,2,1,1,3,0,0,2,debit,2/9/2019 0:00,id_23,77.61229089,Not_Canceled
TID09512,app,0,group_1,0,3.50498648,0,2,1,2,0,0,2,debit,3/4/2019 0:00,id_75,35.28999954,Not_Canceled
TID27499,website,0,group_4,0,44.56797593,2,1,1,3,0,0,3,credit,6/4/2019 0:00,id_49,87.59347242,Not_Canceled
TID09055,website,0,group_4,0,19.57332768,1,1,1,3,0,0,0,debit,3/18/2019 0:00,id_3,85.35218944,Not_Canceled
TID24080,website,0,group_2,0,0.597914561,1,1,1,2,0,0,1,debit,12/12/2018 0:00,id_31,46.82192636,Not_Canceled
TID30679,website,1,group_1,0,93.36508939,0,2,1,2,0,0,1,credit,4/15/2019 0:00,id_44,93.49571264,Not_Canceled
TID18047,app,0,group_1,0,22.39428912,0,0,1,2,0,0,2,debit,10/14/2018 0:00,id_29,46.15773551,Not_Canceled
TID17384,website,,group_2,0,6.173821046,0,1,1,2,0,0,0,debit,11/14/2018 0:00,id_42,61.84237039,Not_Canceled
TID29362,website,0,group_4,0,144.9177777,0,0,1,3,0,0,2,debit,7/25/2019 0:00,id_8,84.48752719,Not_Canceled
TID13924,website,0,group_1,0,2.440368417,1,1,1,2,0,0,0,debit,6/3/2019 0:00,id_30,63.73742421,Not_Canceled
TID02717,app,0,group_1,0,117.3684042,0,1,1,1,0,0,1,debit,5/14/2019 0:00,id_56,64.24117034,Not_Canceled
TID27611,website,0,group_1,0,70.09639472,1,1,1,2,0,0,2,debit,3/12/2019 0:00,id_76,57.27923139,Not_Canceled
TID33553,whoosh,0,group_1,,4.375989871,0,2,1,,1,0,0,debit,8/28/2018 0:00,id_10,59.17278266,Not_Canceled
TID35395,website,0,group_1,0,14.58060482,1,0,1,2,0,0,2,debit,1/4/2019 0:00,id_81,49.80496023,Not_Canceled
TID14307,website,0,group_4,0,25.32008495,1,2,1,2,0,0,4,debit,8/27/2018 0:00,id_85,68.32264016,Not_Canceled
TID26418,app,0,group_1,0,124.0903813,0,2,1,2,0,0,1,credit,7/16/2018 0:00,id_34,56.35426715,Not_Canceled
TID02730,website,0,group_1,0,132.4211273,0,0,1,2,0,0,3,debit,4/24/2019 0:00,id_94,61.86770119,Not_Canceled
TID24060,website,1,group_4,0,21.8156089,2,2,1,3,0,0,1,debit,7/1/2019 0:00,id_55,105.6095083,Not_Canceled
TID25699,telephone,0,,,-61,1,0,1,,2,7,1,debit,11/18/2018 0:00,id_74,0,Not_Canceled
TID15590,app,0,group_4,0,76.7716128,0,2,1,2,0,0,6,debit,2/28/2019 0:00,id_81,35.84547761,Not_Canceled
TID27337,whoosh,0,group_1,,13.47152162,0,0,1,,0,0,2,debit,6/28/2019 0:00,id_60,61.7156903,Not_Canceled
TID27457,website,0,group_1,0,0.814501253,3,0,1,2,0,0,2,debit,7/28/2018 0:00,id_98,62.22215052,Not_Canceled
TID30109,website,0,group_1,0,1.426435076,0,0,1,2,0,0,3,debit,1/18/2019 0:00,id_38,54.71908168,Not_Canceled
TID15089,app,0,group_1,0,46.1824349,0,2,1,2,0,0,2,debit,2/25/2019 0:00,id_32,51.42898852,Canceled
TID04222,app,0,group_1,0,88.62369782,1,0,1,3,0,0,3,credit,4/10/2019 0:00,id_88,78.09972609,Not_Canceled
TID31877,website,0,group_4,0,8.507244631,1,2,1,3,0,0,1,debit,2/25/2019 0:00,id_83,100.9616565,Not_Canceled
TID18805,website,0,group_6,0,77.7680361,1,0,3,2,0,0,4,debit,5/8/2019 0:00,id_94,106.9508871,Not_Canceled
TID06600,app,0,group_5,0,59.70683999,1,0,2,2,0,0,1,debit,5/17/2019 0:00,id_23,60.53800616,Not_Canceled
TID14228,app,0,group_5,0,30.29690173,0,0,1,3,0,0,1,debit,7/14/2019 0:00,id_56,90.42437347,Not_Canceled
TID09587,whoosh,0,group_1,,0.111161447,0,1,1,,0,0,2,debit,8/8/2018 0:00,id_11,56.8684468,Not_Canceled
TID36176,website,0,group_1,0,6.922075742,0,0,1,1,0,0,1,debit,5/1/2019 0:00,id_27,66.62505212,Not_Canceled
TID03198,website,0,group_1,0,37.56394291,0,2,1,2,0,0,2,debit,12/3/2018 0:00,id_92,52.62839365,Not_Canceled
TID25750,app,0,group_1,0,0.009983505,0,0,1,1,0,0,1,debit,5/2/2019 0:00,id_95,56.61145455,Canceled
TID18159,website,0,group_1,0,89.50174313,1,2,1,2,0,0,5,debit,2/26/2019 0:00,id_20,50.72805431,Not_Canceled
TID04163,website,0,group_4,0,35.14929656,1,2,1,2,0,0,1,debit,2/10/2019 0:00,id_9,57.84325793,Not_Canceled
TID13294,website,0,group_1,0,-0.143777469,0,0,2,2,0,0,1,debit,5/10/2019 0:00,id_29,87.74636769,Not_Canceled
TID27087,website,0,group_1,0,-0.268558389,0,0,1,1,0,0,2,debit,7/19/2018 0:00,id_7,81.0137548,Not_Canceled
TID09101,website,0,group_1,0,2.056657125,0,2,1,2,0,0,4,debit,1/18/2019 0:00,id_24,55.58152236,Not_Canceled
TID08922,app,0,group_1,0,115.7394754,0,0,1,2,0,0,5,debit,1/3/2019 0:00,id_66,43.48472045,Not_Canceled
TID18738,app,0,group_1,0,187.852572,0,0,1,1,0,0,2,debit,5/23/2019 0:00,id_93,74.18557739,Canceled
TID13759,website,0,group_6,0,52.80641749,2,0,2,2,0,0,3,debit,3/29/2019 0:00,id_6,96.88851087,Not_Canceled
TID08709,app,0,group_1,0,6.193147665,0,0,1,1,0,0,1,debit,3/15/2019 0:00,id_63,56.61145455,Not_Canceled
TID01240,website,0,group_1,0,0.690546214,1,0,1,2,0,0,1,debit,7/25/2019 0:00,id_81,79.07306831,Not_Canceled
TID22271,whoosh,0,group_1,,19.15173067,0,1,1,,0,0,0,debit,12/18/2018 0:00,id_99,41.32654741,Not_Canceled
TID34683,app,0,group_1,0,204.4610121,0,2,1,2,0,0,2,debit,9/16/2018 0:00,id_8,44.95815453,Not_Canceled
TID16066,website,0,group_1,0,0.348471154,0,1,2,2,0,0,2,debit,3/23/2019 0:00,id_15,68.74592727,Not_Canceled
TID13632,website,0,group_1,0,32.24951191,1,1,2,2,0,0,3,debit,3/22/2019 0:00,id_10,72.21552848,Not_Canceled
TID25179,app,0,group_1,0,88.55228924,0,0,1,2,0,0,4,debit,7/3/2019 0:00,id_37,44.69086155,Not_Canceled
TID16901,website,0,group_1,0,49.79641578,0,1,1,2,0,0,3,debit,3/5/2019 0:00,id_83,51.87278505,Not_Canceled
TID11813,website,0,group_4,0,37.09674275,0,0,1,2,0,0,2,debit,3/1/2019 0:00,id_21,76.85574693,Not_Canceled
TID35340,website,0,group_1,0,9.093145358,0,2,1,2,0,0,9,debit,12/28/2018 0:00,id_11,53.13285937,Not_Canceled
TID03135,website,0,group_2,0,180.4323545,1,0,3,0,0,0,1,debit,7/28/2019 0:00,id_38,57.91497701,Not_Canceled
TID19430,website,0,group_1,0,12.44146602,1,1,1,2,0,0,3,debit,1/26/2019 0:00,id_81,54.5483914,Not_Canceled
TID08867,whoosh,0,group_1,,2.930801634,0,1,1,,0,0,1,debit,7/30/2019 0:00,id_70,59.17278266,Not_Canceled
TID03459,app,0,group_1,0,102.4693972,0,0,1,2,0,0,2,credit,9/23/2018 0:00,id_14,63.73742421,Not_Canceled
TID24988,app,0,group_1,0,220.7914081,1,0,1,2,0,0,1,credit,7/20/2019 0:00,id_74,57.12524506,Not_Canceled
TID14220,app,0,group_1,0,23.58530643,1,2,1,2,0,0,1,credit,12/10/2018 0:00,id_27,63.73742421,Not_Canceled
TID25319,website,0,group_1,0,40.55555263,0,0,1,2,0,0,3,debit,3/1/2019 0:00,id_7,68.0485141,Not_Canceled
TID19687,app,0,group_1,0,2.442259873,0,0,1,1,0,0,1,debit,2/7/2019 0:00,id_9,35.28999954,Not_Canceled
TID25298,website,0,group_1,0,58.61234805,2,2,1,2,0,0,3,debit,9/15/2018 0:00,id_98,53.64171518,Not_Canceled
TID10490,app,0,group_1,0,73.19034342,0,0,1,1,0,0,3,debit,11/1/2018 0:00,id_83,42.31617671,Not_Canceled
TID31827,website,0,group_1,0,15.48129878,1,0,1,2,0,0,2,debit,2/15/2019 0:00,id_22,63.73742421,Not_Canceled
TID03537,app,0,group_4,0,2.018482032,0,0,1,1,0,0,1,debit,2/7/2019 0:00,id_19,35.28999954,Not_Canceled
TID22256,app,0,group_1,0,169.4157202,0,2,1,1,0,0,2,debit,3/30/2019 0:00,id_22,39.96818981,Not_Canceled
TID03983,website,1,group_6,0,54.2682366,1,2,3,2,0,0,1,debit,2/25/2019 0:00,id_20,98.15562712,Not_Canceled
TID10003,website,0,group_1,0,149.8829915,1,1,1,2,0,0,2,debit,7/22/2018 0:00,id_16,46.95457587,Not_Canceled
TID34124,app,0,group_1,0,43.97275119,0,0,1,2,0,0,3,debit,1/25/2019 0:00,id_69,46.15773551,Not_Canceled
TID24442,app,0,group_1,0,112.0047107,0,2,1,2,0,0,2,debit,6/22/2019 0:00,id_80,44.69086155,Not_Canceled
TID10461,website,0,group_1,0,21.55402138,0,0,1,1,0,0,1,debit,2/9/2019 0:00,id_82,51.42898852,Canceled
TID29193,app,0,group_4,0,91.88125767,0,1,1,2,0,0,2,debit,5/11/2019 0:00,id_59,54.52252146,Canceled
TID29581,app,,group_1,0,255.7707389,0,0,1,1,0,0,2,credit,5/23/2019 0:00,id_45,54.0306016,Not_Canceled
TID21116,app,,group_1,0,24.8633016,1,2,1,2,0,0,2,debit,12/3/2018 0:00,id_51,36.95220629,Not_Canceled
TID21521,app,0,group_4,0,61.46095293,1,2,1,2,0,0,1,debit,5/20/2019 0:00,id_6,54.52252146,Not_Canceled
TID18711,website,0,group_1,0,42.27869654,0,0,1,2,0,0,1,debit,9/30/2018 0:00,id_87,0,Not_Canceled
TID06434,app,0,group_1,0,151.2283212,1,0,1,1,0,0,3,debit,12/27/2018 0:00,id_96,44.02146061,Not_Canceled
TID30009,website,0,group_4,0,0.453901305,0,1,1,2,0,0,0,debit,12/11/2018 0:00,id_10,57.63826422,Not_Canceled
TID15533,app,0,group_1,0,74.45202266,0,0,1,1,0,0,2,credit,8/26/2018 0:00,id_16,52.47221015,Not_Canceled
TID16031,app,0,group_1,0,-0.549208429,0,0,1,2,0,0,2,credit,7/22/2018 0:00,id_95,63.73742421,Not_Canceled
TID03280,website,0,group_1,0,15.89763024,1,0,1,2,0,0,4,debit,8/17/2018 0:00,id_41,67.62449985,Not_Canceled
TID15740,whoosh,0,group_1,,7.785396674,0,0,1,,0,0,1,debit,1/27/2019 0:00,id_89,49.33182243,Not_Canceled
TID06427,website,0,group_4,0,15.8717158,1,1,1,2,0,0,3,debit,2/8/2019 0:00,id_51,53.40815742,Not_Canceled
TID26289,website,0,group_5,0,140.7939278,2,1,1,4,0,0,1,debit,6/23/2019 0:00,id_31,77.95354936,Not_Canceled
TID06417,whoosh,0,group_1,,-0.457606025,0,1,1,,0,3,0,debit,11/28/2018 0:00,id_35,46.15773551,Not_Canceled
TID34191,whoosh,0,group_1,,99.22089326,0,0,1,,0,0,1,debit,1/27/2019 0:00,id_8,49.33182243,Not_Canceled
TID04500,whoosh,0,group_1,,0.28061817,0,0,1,,0,0,1,debit,7/3/2019 0:00,id_20,50.90605539,Not_Canceled
TID23598,website,0,group_1,0,17.28944453,0,0,1,2,0,0,2,debit,12/20/2018 0:00,id_2,45.59858458,Not_Canceled
TID24155,website,0,group_1,0,-0.516321551,2,0,1,2,0,0,1,debit,7/27/2018 0:00,id_77,62.22215052,Not_Canceled
TID05579,website,0,group_1,0,40.62368208,0,2,1,2,0,0,3,debit,1/13/2019 0:00,id_10,48.50464103,Not_Canceled
TID31187,app,0,group_1,0,150.4850677,1,0,1,2,0,0,3,credit,5/24/2019 0:00,id_53,54.0306016,Not_Canceled
TID19481,website,1,group_1,0,1.719262089,1,0,1,1,0,0,1,debit,10/20/2018 0:00,id_37,59.17278266,Not_Canceled
TID24353,website,0,group_4,0,113.7369506,0,0,1,3,0,0,4,debit,5/23/2019 0:00,id_36,84.12681219,Not_Canceled
TID31865,app,0,group_1,0,88.08991143,1,0,1,2,0,0,3,credit,4/10/2019 0:00,id_7,67.74925609,Not_Canceled
TID29233,app,0,group_4,0,31.06183188,3,2,2,2,0,0,5,debit,1/7/2019 0:00,id_57,50.92175638,Not_Canceled
TID20582,whoosh,0,group_1,,4.415907455,1,0,1,,0,0,2,debit,5/1/2019 0:00,id_48,64.24117034,Not_Canceled
TID03527,website,0,group_1,0,65.59522988,0,2,1,1,0,0,8,debit,10/20/2018 0:00,id_50,30.58077901,Not_Canceled
TID10402,app,0,group_1,0,149.7466897,0,2,1,2,0,0,1,credit,12/10/2018 0:00,id_94,59.68280455,Not_Canceled
TID09430,website,0,group_1,0,1.329923449,0,0,1,1,0,0,3,debit,1/18/2019 0:00,id_97,51.95103622,Not_Canceled
TID00278,app,0,group_1,0,109.2225093,0,2,1,2,0,0,1,credit,7/2/2018 0:00,id_1,56.35426715,Not_Canceled
TID24224,website,0,group_1,0,66.07724822,1,1,1,2,0,0,3,debit,9/26/2018 0:00,id_62,53.64171518,Not_Canceled
TID26763,website,,group_1,0,117.9822183,1,0,1,2,0,0,4,debit,4/18/2019 0:00,id_84,64.06493473,Not_Canceled
TID26331,website,0,group_1,0,10.75257678,1,0,1,2,0,0,1,debit,8/6/2018 0:00,id_98,54.0306016,Not_Canceled
TID17057,app,0,group_1,0,116.0142549,0,2,1,1,0,0,3,debit,2/4/2019 0:00,id_51,46.68921428,Not_Canceled
TID06117,website,0,group_1,0,9.134516112,0,2,1,2,0,0,5,debit,7/29/2018 0:00,id_56,51.72666346,Not_Canceled
TID35689,website,,group_4,0,32.80378466,2,1,1,2,0,0,1,debit,9/26/2018 0:00,id_61,61.86770119,Not_Canceled
TID23345,website,0,group_4,0,19.71445094,4,0,1,3,0,0,4,debit,2/14/2019 0:00,id_17,73.939806,Not_Canceled
TID21891,app,0,group_1,0,21.186549,1,0,1,2,0,0,1,debit,9/14/2018 0:00,id_58,51.42898852,Not_Canceled
TID13797,app,,group_1,0,59.69760803,0,0,1,1,0,0,1,debit,1/5/2019 0:00,id_51,49.33182243,Not_Canceled
TID11648,website,0,group_1,0,120.0419393,0,1,1,2,0,0,2,debit,5/18/2019 0:00,id_16,72.65956824,Canceled
TID20085,website,,group_1,0,1.333694146,0,0,1,1,0,0,1,debit,2/2/2019 0:00,id_48,51.95103622,Not_Canceled
TID07600,website,0,group_1,0,115.8541319,0,2,1,1,0,0,1,debit,2/5/2019 0:00,id_14,0.945652257,Not_Canceled
TID28314,website,0,group_4,0,21.84931138,1,0,1,3,0,0,2,debit,7/4/2019 0:00,id_47,101.4280422,Not_Canceled
TID12570,app,0,group_4,0,26.09395732,0,2,1,2,0,0,3,debit,9/25/2018 0:00,id_93,46.15773551,Not_Canceled
TID10627,whoosh,0,group_1,,3.365674785,0,1,1,,0,2,1,debit,2/12/2019 0:00,id_41,41.32654741,Not_Canceled
TID14562,app,0,group_1,0,191.0906856,0,0,1,1,0,0,2,debit,6/1/2019 0:00,id_27,56.61145455,Not_Canceled
TID09479,app,0,group_1,0,192.1924597,0,0,1,1,0,0,2,debit,6/1/2019 0:00,id_57,56.61145455,Not_Canceled
TID19073,website,0,group_1,0,149.5616422,1,0,1,2,0,0,4,debit,6/19/2019 0:00,id_10,58.89195723,Not_Canceled
TID31057,website,0,group_4,0,19.58858584,2,2,1,3,0,0,1,credit,1/21/2019 0:00,id_29,101.4280422,Not_Canceled
TID18423,website,0,group_1,0,147.5999511,1,0,1,2,0,0,2,debit,8/19/2018 0:00,id_42,55.83930225,Not_Canceled
TID19280,website,0,group_1,0,8.703919115,0,0,1,1,0,0,2,debit,5/30/2019 0:00,id_93,61.20853328,Not_Canceled
TID09108,app,0,group_1,0,196.71288,0,2,1,2,0,0,5,debit,7/9/2019 0:00,id_56,44.69086155,Not_Canceled
TID25225,website,0,group_2,0,130.2634252,1,1,1,2,0,0,2,debit,3/2/2019 0:00,id_27,60.48715814,Not_Canceled
TID27819,website,0,group_1,0,14.44051857,1,2,1,2,0,0,1,debit,12/3/2018 0:00,id_35,55.92690209,Not_Canceled
TID02131,website,0,group_1,0,43.39335977,1,0,1,2,0,0,1,debit,3/16/2019 0:00,id_38,68.19806032,Not_Canceled
TID26213,app,0,group_1,0,12.19127019,1,1,1,2,0,0,1,debit,11/12/2018 0:00,id_26,40.24046616,Not_Canceled
TID17044,website,0,group_4,0,37.07317757,0,2,1,2,0,0,3,debit,1/20/2019 0:00,id_49,52.62839365,Not_Canceled
TID01630,app,0,group_1,1,18.8727438,0,0,1,1,1,0,3,debit,9/13/2018 0:00,id_52,48.80522502,Not_Canceled
TID31944,whoosh,0,group_1,,7.117968283,0,1,1,,0,0,0,debit,10/24/2018 0:00,id_20,48.27767928,Not_Canceled
TID08847,whoosh,1,group_1,,26.06803394,0,1,1,,0,0,0,debit,7/16/2019 0:00,id_0,40.78410636,Not_Canceled
TID35103,website,0,group_4,0,140.610177,1,1,1,3,0,0,5,debit,7/9/2019 0:00,id_23,74.90735594,Not_Canceled
TID09381,app,0,group_1,0,14.04600138,1,0,1,3,0,0,3,debit,2/1/2019 0:00,id_24,68.24789683,Not_Canceled
TID06575,website,0,group_1,0,45.88373912,1,0,1,2,0,0,2,debit,3/29/2019 0:00,id_56,61.86770119,Not_Canceled
TID00742,app,0,group_1,0,137.6557134,0,1,1,2,0,0,5,credit,6/12/2019 0:00,id_87,60.31930885,Not_Canceled
TID22208,app,0,group_1,0,319.2683275,0,0,1,1,0,0,2,credit,7/26/2019 0:00,id_15,54.0306016,Not_Canceled
TID26683,website,1,group_1,0,17.5607947,0,1,1,2,0,0,0,debit,10/24/2018 0:00,id_16,61.20853328,Not_Canceled
TID05713,app,0,group_1,0,162.6645875,0,0,1,2,0,0,3,debit,8/25/2018 0:00,id_91,43.48472045,Not_Canceled
TID10611,website,0,group_4,0,32.61994631,1,1,1,1,0,0,1,debit,10/1/2018 0:00,id_1,77.12434065,Not_Canceled
TID25630,whoosh,0,group_1,,18.42302482,0,0,1,,0,0,1,debit,9/14/2018 0:00,id_93,51.69012231,Not_Canceled
TID28582,app,0,group_1,0,176.9493869,0,2,1,2,0,0,5,debit,7/26/2019 0:00,id_55,44.69086155,Canceled
TID03202,whoosh,0,group_1,,68.77102984,1,0,1,,0,0,1,debit,11/9/2018 0:00,id_49,40.78410636,Not_Canceled
TID20683,website,0,group_1,0,13.32568661,0,1,1,2,0,0,4,debit,2/12/2019 0:00,id_12,57.43314854,Not_Canceled
TID13184,app,0,group_1,0,24.55426286,0,0,1,2,0,0,2,debit,11/11/2018 0:00,id_89,35.28999954,Not_Canceled
TID05294,website,0,group_1,0,33.02902384,1,1,1,1,0,0,1,debit,8/22/2018 0:00,id_16,51.69012231,Not_Canceled
TID02048,website,0,group_1,0,48.69993978,0,1,1,2,0,0,2,debit,9/9/2018 0:00,id_40,45.363935,Not_Canceled
TID13931,website,0,group_1,0,63.08046278,2,2,1,2,0,0,2,debit,7/22/2019 0:00,id_81,77.07551714,Not_Canceled
TID32889,app,0,group_1,0,81.08536411,0,2,1,2,0,0,1,debit,4/1/2019 0:00,id_29,46.15773551,Not_Canceled
TID03953,app,0,group_1,0,11.43791638,0,0,1,1,0,0,1,debit,9/30/2018 0:00,id_99,50.64425306,Not_Canceled
TID10908,website,0,group_1,0,10.82058949,1,2,1,1,0,0,1,debit,1/21/2019 0:00,id_69,39.64650763,Not_Canceled
TID33656,website,0,group_6,0,68.63416804,2,0,3,2,0,0,3,debit,6/26/2019 0:00,id_90,98.29624709,Not_Canceled
TID22736,app,0,group_1,0,151.6507815,0,0,1,1,0,0,3,debit,12/27/2018 0:00,id_88,48.80522502,Not_Canceled
TID07998,app,0,group_1,0,179.1240256,1,1,1,2,0,0,1,debit,4/9/2019 0:00,id_22,59.17278266,Not_Canceled
TID32329,website,0,group_1,0,30.51403152,0,0,1,3,0,0,2,debit,2/9/2019 0:00,id_98,53.46007385,Not_Canceled
TID08150,website,0,group_4,0,98.82442396,0,2,1,3,0,0,2,debit,6/3/2019 0:00,id_61,74.21014701,Canceled
TID01418,website,0,group_4,0,0.153861516,1,0,1,3,0,0,1,debit,5/29/2019 0:00,id_36,96.74754825,Not_Canceled
TID06248,whoosh,0,group_1,,11.63296994,0,0,1,,0,0,3,debit,7/13/2018 0:00,id_19,40.78410636,Not_Canceled
TID09811,app,0,group_4,0,56.10863334,1,1,1,2,0,0,2,debit,10/14/2018 0:00,id_4,38.05347992,Not_Canceled
TID28755,whoosh,0,group_1,,44.50320895,0,0,1,,2,5,1,debit,6/15/2019 0:00,id_7,46.15773551,Not_Canceled
TID02811,app,0,group_1,0,112.9082046,1,1,1,2,0,0,2,debit,3/2/2019 0:00,id_42,36.95220629,Not_Canceled
TID22642,website,0,group_1,0,0.334907077,0,1,1,2,0,0,0,debit,12/5/2018 0:00,id_98,62.22215052,Not_Canceled
TID07303,website,0,group_1,0,8.560094635,2,0,1,2,0,0,1,debit,8/19/2018 0:00,id_92,61.7156903,Not_Canceled
TID09910,website,1,group_4,0,64.36308579,0,1,2,2,0,0,1,debit,7/16/2019 0:00,id_57,89.22523478,Not_Canceled
TID27292,website,0,group_1,0,143.4579575,1,0,1,2,0,0,1,debit,6/20/2019 0:00,id_60,49.37390965,Not_Canceled
TID31066,app,0,group_1,0,94.26023951,0,1,1,2,0,0,3,debit,4/9/2019 0:00,id_44,49.20026125,Not_Canceled
TID32614,website,,group_4,0,37.94645344,0,2,1,2,0,0,2,debit,2/25/2019 0:00,id_26,61.18315701,Not_Canceled
TID02605,website,0,group_1,0,3.488628989,2,1,1,2,0,0,2,debit,7/22/2018 0:00,id_42,72.54613485,Not_Canceled
TID01823,website,0,group_4,0,5.791616648,0,0,1,3,0,0,1,debit,6/8/2019 0:00,id_89,91.07990928,Not_Canceled
TID10828,website,,group_1,0,15.07134254,1,0,1,1,0,0,1,debit,5/22/2019 0:00,id_85,56.61145455,Not_Canceled
TID06771,telephone,0,group_4,,66.89152522,1,2,1,,0,0,2,credit,8/14/2018 0:00,id_67,20.22186667,Not_Canceled
TID04536,app,0,group_1,0,151.023353,1,0,1,2,0,0,3,credit,5/24/2019 0:00,id_75,54.0306016,Not_Canceled
TID19601,website,0,group_1,0,10.55118498,1,0,1,2,0,0,2,debit,12/28/2018 0:00,id_1,48.96330321,Not_Canceled
TID07614,app,0,group_1,0,77.99415347,0,1,1,2,0,0,2,debit,2/12/2019 0:00,id_30,41.09886689,Not_Canceled
TID25963,app,0,group_1,0,40.66736167,0,0,1,2,0,0,1,credit,8/12/2018 0:00,id_84,64.24117034,Not_Canceled
TID35379,website,1,group_4,0,17.53864216,2,0,1,3,0,0,2,debit,5/8/2019 0:00,id_17,91.55443883,Not_Canceled
TID13677,app,0,group_1,0,74.46387269,0,1,1,2,0,0,2,debit,1/23/2019 0:00,id_45,36.95220629,Not_Canceled
TID20235,website,1,group_6,0,20.31158686,1,0,3,2,0,0,1,debit,7/27/2019 0:00,id_57,125.6769227,Not_Canceled
TID08274,app,0,group_1,0,29.54123162,0,0,1,2,0,0,2,credit,9/7/2018 0:00,id_69,69.74018045,Not_Canceled
TID15349,website,0,group_1,0,184.9247184,1,2,1,2,0,0,6,debit,7/18/2019 0:00,id_73,58.89195723,Not_Canceled
TID29658,website,0,group_1,0,8.703565945,1,1,1,2,0,0,1,debit,10/8/2018 0:00,id_81,52.47221015,Not_Canceled
TID03452,whoosh,0,group_1,,0.439484925,0,0,1,,0,1,2,debit,1/18/2019 0:00,id_95,46.15773551,Not_Canceled
TID27214,website,0,group_1,0,36.95703462,2,1,1,2,0,0,3,debit,2/15/2019 0:00,id_27,49.80496023,Not_Canceled
TID02163,website,0,group_1,0,73.43915188,1,0,1,2,0,0,2,debit,5/17/2019 0:00,id_81,72.65956824,Not_Canceled
TID27725,app,0,group_1,0,88.78183775,0,1,1,2,0,0,1,credit,9/12/2018 0:00,id_90,65.34709476,Not_Canceled
TID11243,website,0,group_4,0,13.87126909,0,0,1,1,0,0,3,debit,12/27/2018 0:00,id_67,47.5374961,Not_Canceled
TID29901,website,0,group_1,0,106.9691664,2,2,2,2,0,0,2,debit,4/29/2019 0:00,id_31,76.70917479,Not_Canceled
TID21698,website,0,group_1,0,2.473284228,2,0,1,2,0,0,2,debit,1/20/2019 0:00,id_63,60.19209826,Not_Canceled
TID12497,website,0,group_1,0,55.14779424,2,2,1,3,0,0,3,debit,9/16/2018 0:00,id_60,59.02473892,Not_Canceled
TID05327,app,0,group_1,0,116.1004946,0,2,1,1,0,0,1,debit,2/5/2019 0:00,id_52,51.42898852,Not_Canceled
TID34726,app,0,group_1,0,29.22631702,0,2,1,1,0,0,5,credit,2/28/2019 0:00,id_55,44.18227023,Not_Canceled
TID07337,website,0,group_1,0,132.2759969,1,1,1,2,0,0,3,debit,6/18/2019 0:00,id_39,59.97828307,Not_Canceled
TID06101,website,0,group_4,0,102.3417652,0,0,1,2,0,0,1,debit,5/11/2019 0:00,id_3,79.26749451,Not_Canceled
TID22955,app,0,group_1,0,57.42285986,0,0,1,1,0,0,2,debit,1/4/2019 0:00,id_8,51.69012231,Not_Canceled
TID32081,website,0,group_1,0,174.9922387,1,2,1,2,0,0,2,credit,7/1/2019 0:00,id_99,70.85588142,Canceled
TID10725,app,0,group_1,0,42.04199777,0,0,1,2,0,0,3,debit,12/8/2018 0:00,id_80,68.24789683,Not_Canceled
TID18593,website,0,group_1,0,85.21914488,1,0,1,2,0,0,1,debit,7/13/2019 0:00,id_99,72.65956824,Not_Canceled
TID08512,website,0,group_1,0,81.67080643,1,2,1,2,0,0,2,debit,4/14/2019 0:00,id_85,71.54860736,Not_Canceled
TID14488,whoosh,1,group_1,,5.350302268,1,0,1,,2,23,2,debit,2/6/2019 0:00,id_62,42.4079134,Not_Canceled
TID25729,website,0,group_4,0,69.46668953,2,0,1,3,0,0,2,debit,3/29/2019 0:00,id_87,77.95354936,Not_Canceled
TID30385,website,0,group_1,0,-0.195433145,0,0,1,2,0,0,1,debit,1/24/2019 0:00,id_62,48.27767928,Not_Canceled
TID01622,website,0,group_5,0,56.57880494,0,2,1,2,0,0,5,debit,3/4/2019 0:00,id_81,53.91657683,Not_Canceled
TID20699,website,0,group_4,0,29.23059774,1,0,1,3,0,0,4,debit,2/7/2019 0:00,id_60,67.89891274,Not_Canceled
TID33251,website,0,group_4,0,61.51045831,0,1,1,2,0,0,2,debit,3/9/2019 0:00,id_10,62.32335961,Not_Canceled
TID16527,website,0,group_1,0,39.97748766,1,2,1,2,0,0,3,debit,2/10/2019 0:00,id_21,50.85371292,Not_Canceled
TID12204,app,0,group_1,0,135.6912002,0,1,1,2,0,0,2,debit,8/22/2018 0:00,id_45,54.0306016,Not_Canceled
TID20621,website,0,group_4,0,6.382200472,1,2,1,2,0,0,1,debit,9/11/2018 0:00,id_63,77.12434065,Not_Canceled
TID11827,app,0,group_1,0,298.0515401,0,0,1,1,0,0,2,debit,4/17/2019 0:00,id_13,46.68921428,Not_Canceled
TID13747,website,0,group_1,0,112.3368696,1,1,1,2,0,0,2,debit,4/9/2019 0:00,id_78,61.86770119,Not_Canceled
TID26481,whoosh,0,group_1,,3.489988086,0,0,1,,0,0,1,debit,1/18/2019 0:00,id_30,44.02146061,Not_Canceled
TID09189,app,0,group_1,0,102.7285156,0,2,1,2,0,0,1,debit,5/6/2019 0:00,id_81,49.20026125,Not_Canceled
TID18917,app,0,group_1,0,150.2021112,0,0,1,1,0,0,2,debit,12/27/2018 0:00,id_70,44.02146061,Not_Canceled
TID35458,whoosh,0,group_1,,10.62617257,0,2,1,,2,11,1,debit,10/30/2018 0:00,id_56,40.78410636,Not_Canceled
TID21912,website,0,group_1,0,125.0633836,1,0,1,2,0,0,4,debit,6/5/2019 0:00,id_52,54.52252146,Not_Canceled
TID20497,website,0,group_1,0,79.22364143,3,1,1,2,0,0,2,debit,3/23/2019 0:00,id_89,57.27923139,Not_Canceled
TID09336,app,0,group_4,0,138.9610726,1,0,1,2,0,0,3,debit,1/19/2019 0:00,id_77,39.14950302,Not_Canceled
TID09463,website,0,group_1,0,30.427206,2,0,1,2,0,0,3,debit,9/14/2018 0:00,id_41,56.35426715,Not_Canceled
TID03120,app,0,group_1,0,150.6830659,0,0,1,1,0,0,3,debit,12/27/2018 0:00,id_79,48.80522502,Not_Canceled
TID33103,website,1,group_1,0,39.83027284,1,1,1,2,0,0,4,debit,9/7/2018 0:00,id_57,46.43954535,Not_Canceled
TID07406,app,0,group_1,0,91.68404812,0,0,1,2,0,0,4,debit,9/14/2018 0:00,id_83,43.48472045,Not_Canceled
TID34591,app,0,group_1,0,3.754181153,0,2,1,3,0,0,1,credit,6/18/2018 0:00,id_59,78.34325189,Not_Canceled
TID07427,website,0,group_1,0,20.67149908,0,1,1,2,0,0,0,debit,2/12/2019 0:00,id_13,54.5483914,Canceled
TID08791,app,0,group_1,0,263.5233227,0,1,1,2,0,0,0,debit,8/29/2018 0:00,id_97,41.86780981,Not_Canceled
TID21309,website,0,group_4,0,11.5297955,2,0,1,1,0,0,2,debit,6/6/2019 0:00,id_61,84.3913619,Not_Canceled
TID19415,telephone,0,,,-38,4,0,1,,0,1,1,debit,7/12/2019 0:00,id_57,0,Not_Canceled
TID20321,website,0,group_4,0,16.18905969,1,1,1,2,0,0,2,debit,2/9/2019 0:00,id_78,43.13524904,Not_Canceled
TID22078,website,0,group_1,0,38.04277754,1,1,1,2,0,0,4,debit,2/14/2019 0:00,id_7,39.72833211,Not_Canceled
TID06510,app,0,group_1,0,29.57952686,0,0,1,2,0,0,2,debit,5/10/2019 0:00,id_70,79.07306831,Not_Canceled
TID07877,website,0,group_4,0,8.392862487,0,0,1,2,0,0,3,debit,3/29/2019 0:00,id_69,81.98116246,Not_Canceled
TID18529,website,0,group_1,0,11.68804611,0,2,1,2,0,0,3,debit,12/15/2018 0:00,id_79,52.47221015,Not_Canceled
TID08359,website,0,group_4,0,28.45466353,0,4,1,2,0,0,7,debit,5/20/2019 0:00,id_98,55.89083435,Not_Canceled
TID01056,website,0,group_1,0,5.947300539,1,2,2,2,0,0,2,debit,7/15/2019 0:00,id_58,98.15562712,Not_Canceled
TID04645,app,0,group_1,0,153.8883849,1,1,1,2,0,0,4,debit,6/6/2019 0:00,id_69,44.69086155,Not_Canceled
TID10856,app,0,group_1,0,56.13522826,0,0,1,2,0,0,1,debit,5/16/2019 0:00,id_83,69.24335324,Not_Canceled
TID30423,website,0,group_1,0,70.1861654,1,1,1,2,0,0,4,debit,7/25/2019 0:00,id_51,77.07551714,Not_Canceled
TID04120,website,0,group_1,0,101.7825916,3,0,2,2,0,0,1,debit,6/22/2019 0:00,id_22,69.98837128,Not_Canceled
TID02892,app,0,group_1,0,220.5002893,0,2,1,2,0,0,1,debit,9/24/2018 0:00,id_37,40.78410636,Not_Canceled
TID25681,website,0,group_4,0,38.33939465,0,0,1,3,0,0,1,debit,7/25/2019 0:00,id_48,92.64429056,Not_Canceled
TID16390,website,0,group_1,0,84.68079684,2,2,1,2,0,0,3,debit,2/22/2019 0:00,id_40,45.59858458,Not_Canceled
TID07289,website,0,group_1,0,63.71057517,1,1,1,2,0,0,2,debit,6/4/2019 0:00,id_80,65.19647264,Not_Canceled
TID16779,website,0,group_1,0,86.48576897,2,2,1,3,0,0,3,credit,4/29/2019 0:00,id_79,106.9508871,Not_Canceled
TID08646,website,0,group_4,0,59.58272275,0,1,1,2,0,0,3,debit,2/26/2019 0:00,id_7,60.19209826,Not_Canceled
TID27171,app,0,group_1,0,114.9595345,0,2,1,1,0,0,2,debit,2/4/2019 0:00,id_90,46.68921428,Not_Canceled
TID22230,website,0,group_1,0,32.15600442,2,1,1,2,0,0,1,debit,9/26/2018 0:00,id_82,57.27923139,Not_Canceled
TID18208,website,0,group_1,0,169.1940099,1,2,1,3,0,0,2,debit,6/16/2019 0:00,id_41,0,Not_Canceled
TID04374,website,0,group_4,0,81.19922425,1,1,1,2,0,0,3,debit,4/2/2019 0:00,id_29,61.05624917,Not_Canceled
TID12518,website,0,group_2,0,301.6971053,1,2,1,2,0,0,8,debit,7/10/2019 0:00,id_72,45.94485922,Not_Canceled
TID00931,website,0,group_1,0,93.05191926,3,2,1,3,0,0,3,debit,4/19/2019 0:00,id_75,84.12681219,Not_Canceled
TID27458,app,0,group_1,0,7.971304689,1,0,1,2,0,0,3,debit,7/13/2018 0:00,id_87,41.32654741,Not_Canceled
TID14250,website,0,group_1,0,93.63098044,1,0,1,2,0,0,4,debit,9/14/2018 0:00,id_85,53.64171518,Not_Canceled
TID05947,telephone,0,group_1,,-0.183499397,1,0,1,,0,0,2,debit,3/6/2019 0:00,id_95,0,Not_Canceled
TID23014,website,0,group_4,0,124.297646,1,2,1,2,0,0,3,debit,5/25/2019 0:00,id_51,73.54136477,Not_Canceled
TID36097,website,0,group_4,0,13.13536218,1,0,1,1,0,0,1,debit,2/6/2019 0:00,id_79,55.99387474,Not_Canceled
TID28196,app,0,group_1,0,36.95363488,0,0,1,2,0,0,3,credit,9/20/2018 0:00,id_6,65.24668649,Not_Canceled
TID12283,app,0,group_1,0,192.9351311,0,0,1,1,0,0,2,debit,6/1/2019 0:00,id_33,56.61145455,Not_Canceled
TID14408,app,0,group_1,0,148.4801873,0,1,1,2,0,0,4,debit,12/7/2018 0:00,id_7,41.86780981,Not_Canceled
TID13859,app,0,group_1,0,74.32997793,0,0,1,2,0,0,1,credit,8/26/2018 0:00,id_80,63.73742421,Not_Canceled
TID05485,app,0,group_1,0,163.1908724,0,0,1,1,0,0,2,debit,9/9/2018 0:00,id_38,59.17278266,Not_Canceled
TID19290,app,0,group_1,0,28.68056865,0,0,1,2,0,0,3,debit,12/8/2018 0:00,id_20,68.24789683,Not_Canceled
TID19016,app,0,group_1,0,69.78041477,0,0,1,2,0,0,2,debit,5/11/2019 0:00,id_32,59.17278266,Not_Canceled
TID06424,website,0,group_1,0,25.84809079,2,2,2,2,0,0,1,debit,3/24/2019 0:00,id_3,73.03910752,Not_Canceled
TID18215,website,,group_1,0,41.09456332,2,1,1,2,0,0,2,debit,9/23/2018 0:00,id_96,62.17153564,Not_Canceled
TID27753,website,0,group_6,0,69.87485239,2,0,3,2,0,0,3,debit,3/15/2019 0:00,id_93,94.06260174,Not_Canceled
TID07725,website,0,group_1,0,94.01104212,1,0,1,2,0,0,2,debit,3/20/2019 0:00,id_93,57.27923139,Not_Canceled
TID10190,website,0,group_4,0,20.69940481,2,0,1,2,0,0,2,debit,5/16/2019 0:00,id_38,67.05012244,Not_Canceled
TID26311,website,,group_1,0,1.799929556,0,0,1,1,0,0,2,debit,8/31/2018 0:00,id_0,44.66411765,Not_Canceled
TID23852,website,0,group_1,0,117.4601958,0,1,1,1,0,0,2,debit,5/14/2019 0:00,id_90,5.000256741,Not_Canceled
TID35474,app,0,group_1,0,73.33829571,0,0,1,2,0,0,2,credit,8/26/2018 0:00,id_5,59.93754192,Not_Canceled
TID23968,app,0,group_1,0,125.103771,0,0,1,2,0,0,3,debit,5/10/2019 0:00,id_93,49.20026125,Not_Canceled
TID17350,app,0,group_4,0,31.20155765,0,2,1,2,0,0,5,debit,5/25/2019 0:00,id_53,57.27923139,Not_Canceled
TID29499,website,0,group_1,0,-0.335346207,1,0,1,2,0,0,2,debit,5/8/2019 0:00,id_42,62.09560038,Not_Canceled
TID19560,app,0,group_1,0,26.49419645,0,0,1,2,0,0,1,debit,5/16/2019 0:00,id_77,69.24335324,Not_Canceled
TID30538,website,0,group_1,0,0.263959788,2,1,1,2,0,0,1,debit,7/16/2018 0:00,id_68,54.0306016,Not_Canceled
TID13065,app,0,group_1,0,45.77456153,0,2,1,2,0,0,3,credit,2/9/2019 0:00,id_19,60.70067186,Not_Canceled
TID10117,app,0,group_1,0,224.4811709,0,1,1,2,0,0,2,debit,9/9/2018 0:00,id_18,40.78410636,Not_Canceled
TID08378,website,0,group_1,0,109.6885224,1,1,1,2,0,0,3,debit,6/18/2019 0:00,id_84,63.0058042,Not_Canceled
TID26012,website,0,group_1,0,96.88493763,2,1,2,2,0,0,1,debit,7/14/2019 0:00,id_98,76.19580081,Not_Canceled
TID12509,website,0,group_1,0,31.0145607,1,1,1,2,0,0,2,debit,4/9/2019 0:00,id_26,72.65956824,Not_Canceled
TID15017,website,0,group_1,0,144.6629025,2,0,1,2,0,0,3,debit,12/6/2018 0:00,id_66,44.69086155,Not_Canceled
TID10184,telephone,0,,,-90,1,0,1,,0,4,1,debit,9/28/2018 0:00,id_83,0,Not_Canceled
TID15620,website,0,group_1,0,203.6566237,1,3,1,2,0,0,8,debit,6/25/2019 0:00,id_45,54.52252146,Not_Canceled
TID24782,website,0,group_1,0,6.298387499,1,0,1,2,0,0,3,debit,2/15/2019 0:00,id_56,62.38913076,Not_Canceled
TID32342,app,0,group_2,0,32.91594776,0,0,1,2,0,0,3,debit,9/28/2018 0:00,id_78,50.46609857,Not_Canceled
TID21123,app,0,group_1,0,290.4085203,1,1,1,2,0,0,2,debit,5/25/2019 0:00,id_68,44.55711543,Not_Canceled
TID02431,website,0,group_4,0,0.328869273,0,0,1,1,0,0,1,debit,7/26/2018 0:00,id_30,73.20166579,Not_Canceled
TID02708,app,0,group_1,0,3.617148903,0,2,1,2,0,0,1,credit,7/16/2018 0:00,id_79,56.35426715,Not_Canceled
TID19559,website,0,group_4,0,50.21028091,2,0,1,3,0,0,2,debit,5/11/2019 0:00,id_30,88.36704472,Not_Canceled
TID27420,app,0,group_6,0,24.543487,1,1,1,3,0,0,1,debit,12/10/2018 0:00,id_51,65.24668649,Not_Canceled
TID05180,app,0,group_2,0,137.9838648,0,1,1,2,0,0,2,debit,5/18/2019 0:00,id_31,49.20026125,Not_Canceled
TID21587,website,0,group_1,0,68.96679353,2,0,1,2,0,0,3,debit,7/24/2019 0:00,id_22,77.07551714,Not_Canceled
TID02211,website,0,group_1,0,19.8675855,2,2,1,2,0,0,1,debit,1/15/2019 0:00,id_94,55.58152236,Not_Canceled
TID10914,website,0,group_1,0,82.9295388,1,2,1,2,0,0,2,debit,4/14/2019 0:00,id_81,71.54860736,Not_Canceled
TID25798,app,0,group_1,0,74.26491689,0,0,1,2,0,0,2,credit,8/26/2018 0:00,id_34,63.73742421,Not_Canceled
TID08626,website,0,group_1,0,3.247498311,1,0,1,1,0,0,1,debit,12/28/2018 0:00,id_22,48.80522502,Not_Canceled
TID05573,website,1,group_1,0,78.57616578,1,0,1,2,0,0,3,debit,3/1/2019 0:00,id_31,61.86770119,Not_Canceled
TID29878,website,0,group_6,0,10.261552,2,1,3,2,0,0,1,debit,2/4/2019 0:00,id_46,94.86471125,Not_Canceled
TID13925,telephone,0,group_1,,0.026555681,3,0,1,,0,0,1,debit,1/4/2019 0:00,id_63,0,Not_Canceled
TID17688,app,0,group_1,0,273.1124653,0,1,1,2,0,0,2,debit,4/20/2019 0:00,id_70,56.61145455,Canceled
TID27145,whoosh,0,group_1,,6.14359842,0,0,1,,0,2,2,debit,10/19/2018 0:00,id_58,40.78410636,Not_Canceled
TID25120,website,0,group_4,0,27.45763051,1,3,1,2,0,0,8,debit,9/19/2018 0:00,id_46,63.19262806,Not_Canceled
TID31457,website,0,group_4,0,55.28730446,2,2,1,3,0,0,2,debit,5/27/2019 0:00,id_71,66.24961223,Not_Canceled
TID11990,app,0,group_4,0,55.62205324,0,0,1,1,0,0,1,credit,3/14/2019 0:00,id_22,55.06536163,Not_Canceled
TID03590,app,0,group_1,0,25.33430226,0,2,1,1,0,0,3,debit,10/30/2018 0:00,id_7,36.67604384,Not_Canceled
TID35912,website,0,group_1,0,68.3898096,0,1,1,2,0,0,3,debit,2/15/2019 0:00,id_83,43.26971658,Not_Canceled
TID26653,app,0,group_1,0,219.3132821,0,1,1,1,0,0,2,debit,8/12/2018 0:00,id_63,47.04474191,Not_Canceled
TID23009,website,0,,0,37.40543441,2,2,1,3,0,0,2,debit,5/4/2019 0:00,id_90,105.8224697,Not_Canceled
TID26292,website,0,group_1,0,95.16725907,0,2,1,2,0,0,2,debit,3/16/2019 0:00,id_90,53.42373323,Not_Canceled
TID13066,whoosh,1,group_1,,1.322384821,0,0,1,,2,4,1,debit,6/15/2019 0:00,id_94,47.21968807,Not_Canceled
TID32770,website,0,group_1,0,5.501051156,2,3,1,1,0,0,5,debit,7/24/2018 0:00,id_86,51.75798102,Not_Canceled
TID24372,website,0,group_2,0,4.826897088,1,1,3,2,0,0,2,debit,1/20/2019 0:00,id_32,51.44466277,Not_Canceled
TID00905,app,0,group_4,0,21.69546647,0,0,1,1,0,0,1,debit,10/12/2018 0:00,id_50,55.06536163,Not_Canceled
TID20964,website,0,group_1,0,28.09989231,2,1,1,2,0,0,1,debit,9/19/2018 0:00,id_3,64.56825046,Not_Canceled
TID13726,website,0,group_1,0,7.71684855,1,1,1,1,0,0,2,debit,5/21/2019 0:00,id_3,63.39954111,Not_Canceled
TID11063,whoosh,0,group_1,,1.800095475,1,0,1,,3,3,1,debit,3/13/2019 0:00,id_2,29.65018893,Not_Canceled
TID03105,website,0,group_1,0,82.039874,1,2,1,2,0,0,1,debit,6/17/2019 0:00,id_63,51.79451418,Not_Canceled
TID07008,website,0,group_4,0,39.22199779,2,1,1,2,0,0,2,debit,9/19/2018 0:00,id_11,50.46609857,Not_Canceled
TID31231,website,0,group_1,0,77.59589795,1,1,1,2,0,0,2,debit,12/26/2018 0:00,id_64,58.66202429,Not_Canceled
TID30072,website,0,group_1,0,1.254683865,2,1,1,2,0,0,1,debit,3/31/2019 0:00,id_21,67.24999912,Not_Canceled
TID06827,whoosh,1,group_1,,2.305678977,1,0,1,,0,3,1,debit,4/11/2019 0:00,id_12,41.86780981,Not_Canceled
TID30967,website,,group_4,0,65.56648069,2,0,1,3,0,0,3,debit,6/28/2019 0:00,id_96,80.8684765,Not_Canceled
TID35868,website,1,group_1,0,40.33638967,1,1,1,2,0,0,3,debit,5/28/2019 0:00,id_76,64.59339896,Not_Canceled
TID31873,app,0,group_1,0,74.2618801,0,0,1,2,0,0,2,credit,8/26/2018 0:00,id_18,59.93754192,Not_Canceled
TID12999,website,0,group_4,0,59.83339515,1,1,1,2,0,0,2,debit,3/9/2019 0:00,id_47,62.32335961,Not_Canceled
TID06709,website,1,group_4,0,4.058612628,1,0,1,3,0,0,3,debit,7/4/2019 0:00,id_26,96.74754825,Not_Canceled
TID04243,app,0,group_1,0,9.77612159,0,2,1,1,0,0,3,debit,12/16/2018 0:00,id_28,29.53567811,Not_Canceled
TID31024,app,0,group_1,0,33.32277115,0,0,1,2,0,0,3,credit,8/31/2018 0:00,id_18,118.7513026,Canceled
TID01047,website,0,group_1,0,34.02659552,0,1,1,1,0,0,4,debit,1/16/2019 0:00,id_75,45.57192999,Not_Canceled
TID31410,website,0,group_1,0,1.676351633,2,0,1,2,0,0,3,debit,7/20/2018 0:00,id_81,58.15052102,Not_Canceled
TID30709,app,0,group_1,0,43.66772495,0,0,1,2,0,0,3,debit,1/25/2019 0:00,id_15,46.15773551,Not_Canceled
TID11656,whoosh,0,group_1,,3.322421398,0,0,1,,0,0,1,debit,6/28/2019 0:00,id_17,40.78410636,Not_Canceled
TID18309,app,0,group_1,0,55.9633556,0,0,1,2,0,0,1,debit,5/16/2019 0:00,id_34,69.24335324,Not_Canceled
TID04437,website,0,group_1,0,83.18105487,1,1,1,2,0,0,2,debit,3/12/2019 0:00,id_52,51.37673524,Not_Canceled
TID22240,whoosh,0,group_1,,0.056209627,0,1,1,,0,0,2,debit,8/15/2018 0:00,id_75,40.78410636,Not_Canceled
TID09904,website,0,group_4,0,78.70762064,1,1,1,2,0,0,3,debit,3/12/2019 0:00,id_67,56.7142748,Not_Canceled
TID15699,whoosh,0,group_1,,7.467378018,0,0,1,,0,2,2,debit,5/9/2019 0:00,id_28,61.20853328,Not_Canceled
TID34464,app,,group_1,0,293.0279267,0,0,1,1,0,0,2,credit,6/28/2019 0:00,id_20,54.0306016,Not_Canceled
TID28831,whoosh,0,group_1,,74.9670815,0,0,1,,0,0,1,debit,11/16/2018 0:00,id_40,40.78410636,Not_Canceled
TID00485,website,0,group_2,0,319.9753345,1,2,1,2,0,0,1,debit,7/28/2019 0:00,id_22,56.58574461,Not_Canceled
TID23550,app,0,group_4,0,101.4631427,2,2,1,2,0,0,1,debit,12/11/2018 0:00,id_64,31.73894067,Not_Canceled
TID20047,app,0,group_1,0,131.7863107,1,1,1,2,0,0,2,debit,2/16/2019 0:00,id_78,51.07872193,Not_Canceled
TID31897,app,0,group_1,0,20.20277129,0,2,1,2,0,0,1,debit,3/11/2019 0:00,id_14,56.61145455,Not_Canceled
TID01479,website,0,group_1,0,6.035365316,1,1,1,1,0,0,2,debit,4/30/2019 0:00,id_27,62.34865758,Not_Canceled
TID01931,telephone,0,group_1,,0.706000094,0,0,1,,0,0,1,debit,8/25/2018 0:00,id_45,0,Not_Canceled
TID33184,website,0,group_2,0,10.24484788,0,2,1,2,0,0,1,debit,12/10/2018 0:00,id_56,50.68615657,Not_Canceled
TID05321,website,0,group_4,0,188.015615,1,2,1,2,0,0,3,debit,7/31/2018 0:00,id_78,53.64171518,Not_Canceled
TID19122,app,0,group_1,0,86.8666116,1,1,1,2,0,0,2,debit,4/27/2019 0:00,id_44,40.78410636,Not_Canceled
TID35823,app,0,group_1,0,39.59239225,0,0,1,2,0,0,2,credit,7/22/2018 0:00,id_60,59.93754192,Not_Canceled
TID27971,website,0,group_1,0,124.7906159,1,2,1,2,0,0,3,debit,9/22/2018 0:00,id_22,53.64171518,Not_Canceled
TID02937,website,0,group_2,0,145.3801684,0,1,3,0,0,0,2,debit,7/23/2019 0:00,id_72,62.38407185,Not_Canceled
TID20045,website,0,group_1,0,184.9624729,2,0,1,2,0,0,2,debit,4/13/2019 0:00,id_6,49.73666454,Canceled
TID33489,website,0,group_1,0,114.1317924,0,2,1,2,0,0,1,debit,6/18/2018 0:00,id_84,46.95457587,Canceled
TID29835,whoosh,,group_5,,13.15899297,0,0,1,,0,0,4,debit,1/11/2019 0:00,id_66,51.95103622,Not_Canceled
TID17451,website,0,group_1,0,91.49951828,0,1,1,2,0,0,3,debit,4/2/2019 0:00,id_89,54.52252146,Canceled
TID07309,whoosh,0,group_1,,4.209101674,0,1,1,,0,0,0,debit,8/8/2018 0:00,id_57,40.78410636,Not_Canceled
TID36175,app,0,group_1,0,49.53944858,0,1,1,2,0,0,3,debit,2/26/2019 0:00,id_81,42.04076811,Not_Canceled
TID01897,whoosh,0,group_1,,0.272186928,0,0,1,,0,2,1,debit,5/16/2019 0:00,id_75,55.32354256,Not_Canceled
TID15803,website,0,group_1,0,171.3814463,1,0,1,2,0,0,4,debit,6/27/2019 0:00,id_64,56.7142748,Not_Canceled
TID28469,website,0,group_4,0,111.5906664,1,1,1,2,0,0,3,debit,4/9/2019 0:00,id_52,63.20777189,Not_Canceled
TID15315,app,0,group_4,0,18.55193856,2,0,1,2,0,0,4,debit,10/12/2018 0:00,id_16,33.89490499,Not_Canceled
TID05788,whoosh,0,group_1,,-0.105028508,0,1,1,,0,0,0,debit,11/28/2018 0:00,id_38,40.78410636,Not_Canceled
TID33803,website,0,group_1,0,29.63356547,1,0,1,1,0,0,3,debit,3/22/2019 0:00,id_86,50.68091895,Not_Canceled
TID11407,app,0,group_1,0,192.2857722,0,0,1,1,0,0,2,debit,6/1/2019 0:00,id_96,56.61145455,Canceled
TID02930,app,0,group_1,0,223.2564847,0,1,1,2,0,0,2,debit,9/9/2018 0:00,id_39,40.78410636,Not_Canceled
TID10314,website,0,group_1,0,3.590626001,2,2,1,2,0,0,7,debit,7/20/2018 0:00,id_46,55.87022246,Not_Canceled
TID29564,website,0,group_4,0,8.458010142,1,2,1,2,0,0,4,credit,6/7/2019 0:00,id_94,109.30302,Not_Canceled
TID13594,app,0,group_1,0,56.11635038,1,1,1,2,0,0,4,debit,1/16/2019 0:00,id_32,38.05347992,Not_Canceled
TID23119,website,0,group_1,0,0.959454075,0,2,1,2,0,0,0,debit,7/17/2018 0:00,id_42,58.15052102,Not_Canceled
TID05150,website,,group_1,0,47.750208,1,0,1,2,0,0,2,debit,8/31/2018 0:00,id_24,56.35426715,Not_Canceled
TID06475,app,0,group_1,0,204.3144359,0,2,1,2,0,0,2,debit,9/16/2018 0:00,id_54,44.95815453,Not_Canceled
TID33060,app,0,group_1,0,149.9936584,1,0,1,2,0,0,3,credit,5/24/2019 0:00,id_78,54.0306016,Not_Canceled
TID09886,website,0,group_1,0,22.88917194,0,2,1,1,0,0,3,debit,8/12/2018 0:00,id_62,45.17179877,Not_Canceled
TID17045,website,0,group_1,0,18.32069291,0,2,2,2,0,0,0,debit,5/20/2019 0:00,id_89,73.69389735,Not_Canceled
TID18654,website,0,group_1,1,23.39013482,0,1,1,2,1,0,4,debit,11/16/2018 0:00,id_41,42.9468774,Not_Canceled
TID16784,website,0,group_1,0,77.98008006,1,2,1,2,0,0,3,debit,6/24/2019 0:00,id_99,62.77846086,Not_Canceled
TID08838,whoosh,0,group_1,,32.8228615,0,1,1,,0,0,1,debit,1/2/2019 0:00,id_85,40.24046616,Not_Canceled
TID34174,website,0,group_1,0,2.216425987,1,1,1,1,0,0,3,debit,1/30/2019 0:00,id_40,51.16763337,Not_Canceled
TID15909,website,0,group_1,0,56.19219616,0,1,1,1,0,0,4,debit,8/24/2018 0:00,id_94,43.00609468,Not_Canceled
TID31169,whoosh,0,group_1,,32.88328087,0,1,1,,0,0,1,debit,1/2/2019 0:00,id_73,40.24046616,Not_Canceled
TID05972,website,0,group_5,0,93.67979974,0,1,1,2,0,0,2,debit,3/2/2019 0:00,id_71,56.73997499,Not_Canceled
TID34254,app,0,group_1,0,115.4449613,0,2,1,2,0,0,2,debit,2/4/2019 0:00,id_95,51.95103622,Not_Canceled
TID32021,website,1,group_4,0,93.29889747,0,0,1,2,0,0,3,debit,2/14/2019 0:00,id_54,57.27923139,Not_Canceled
TID30761,app,0,group_1,0,34.3443225,0,2,1,2,0,0,3,debit,2/8/2019 0:00,id_44,31.5860586,Not_Canceled
TID26157,website,1,group_1,0,0.956676879,2,0,2,2,0,0,5,debit,2/6/2019 0:00,id_7,73.20166579,Not_Canceled
TID20533,app,0,group_1,0,191.9451092,0,0,1,1,0,0,2,debit,6/1/2019 0:00,id_9,56.61145455,Not_Canceled
TID02353,telephone,0,group_1,,1.697013726,0,1,1,,0,0,1,debit,10/24/2018 0:00,id_71,0,Not_Canceled
TID14516,website,0,group_4,0,11.3755498,1,2,1,2,0,0,1,debit,4/15/2019 0:00,id_60,72.21552848,Not_Canceled
TID33276,whoosh,1,group_1,,2.845262571,1,0,1,,0,0,1,debit,4/18/2019 0:00,id_50,53.51198188,Not_Canceled
TID05091,website,0,group_1,0,-0.631473006,0,0,1,2,0,0,2,debit,10/5/2018 0:00,id_54,56.66286857,Not_Canceled
TID31996,website,0,group_1,0,291.7982704,0,0,1,2,0,0,2,credit,6/28/2019 0:00,id_69,66.75011988,Canceled
TID26407,website,0,group_1,0,137.5917795,1,0,1,2,0,0,3,debit,5/8/2019 0:00,id_34,62.17153564,Not_Canceled
TID24507,website,0,group_4,0,136.0854356,1,2,1,2,0,0,2,debit,4/21/2019 0:00,id_8,65.77354218,Not_Canceled
TID23162,whoosh,0,group_1,,3.440295614,1,0,1,,0,0,1,debit,11/3/2018 0:00,id_30,48.27767928,Not_Canceled
TID10006,website,,group_1,0,82.22499291,1,1,1,2,0,0,1,debit,2/24/2019 0:00,id_12,61.86770119,Not_Canceled
TID32891,website,1,group_1,0,9.79319051,0,1,1,2,0,0,4,debit,10/10/2018 0:00,id_91,50.35600958,Not_Canceled
TID00531,app,0,group_1,0,71.31013253,0,0,1,2,0,0,2,debit,5/25/2019 0:00,id_93,49.20026125,Not_Canceled
TID06945,website,0,group_4,0,136.3891118,1,2,1,3,0,0,4,debit,7/21/2019 0:00,id_16,81.59443103,Not_Canceled
TID17075,app,0,group_1,0,150.2554669,0,2,1,2,0,0,1,credit,12/10/2018 0:00,id_59,59.68280455,Not_Canceled
TID03795,whoosh,0,group_1,,18.88773938,0,0,1,,0,0,2,debit,5/30/2019 0:00,id_67,54.0306016,Not_Canceled
TID25892,app,0,group_1,0,192.3983361,0,0,1,1,0,0,2,debit,6/1/2019 0:00,id_27,56.61145455,Not_Canceled
TID22229,whoosh,0,group_4,,10.53020595,0,0,1,,0,0,3,debit,5/22/2019 0:00,id_96,54.0306016,Not_Canceled
TID32790,telephone,0,group_1,,-0.672886634,0,0,1,,1,7,1,debit,10/26/2018 0:00,id_41,0,Not_Canceled
TID35901,website,0,group_4,0,140.0128693,2,2,1,3,0,0,1,debit,6/10/2019 0:00,id_44,75.02018138,Not_Canceled
TID08683,whoosh,0,group_1,,1.88140674,0,0,1,,0,0,1,debit,10/22/2018 0:00,id_21,48.27767928,Not_Canceled
TID16166,website,0,group_1,0,15.91764445,1,0,1,2,0,0,4,debit,3/6/2019 0:00,id_23,79.55898362,Not_Canceled
TID05305,app,0,group_1,0,165.0101976,0,0,1,1,0,0,2,debit,9/9/2018 0:00,id_88,59.17278266,Not_Canceled
TID16885,app,0,group_1,0,269.4231381,0,0,1,2,0,0,4,debit,3/28/2019 0:00,id_35,48.80522502,Not_Canceled
TID18951,website,0,group_1,0,73.93111984,0,0,1,2,0,0,4,debit,9/14/2018 0:00,id_4,53.64171518,Not_Canceled
TID14865,website,0,group_1,0,75.50227504,1,2,1,2,0,0,2,debit,6/3/2019 0:00,id_12,47.23558691,Not_Canceled
TID24940,whoosh,0,group_1,,55.38030836,0,0,1,,0,5,2,debit,3/8/2019 0:00,id_3,40.78410636,Not_Canceled
TID12808,website,0,group_1,0,64.40230286,2,0,1,2,0,0,2,debit,10/28/2018 0:00,id_46,48.38326494,Not_Canceled
TID24501,app,0,group_1,0,192.6233116,0,0,1,1,0,0,2,debit,6/1/2019 0:00,id_88,56.61145455,Not_Canceled
TID27600,website,1,group_1,0,6.54238633,3,0,1,1,0,0,2,debit,9/27/2018 0:00,id_50,73.69389735,Not_Canceled
TID06690,website,0,group_1,0,-0.208906777,0,0,2,2,0,0,1,debit,6/8/2019 0:00,id_30,88.22387688,Not_Canceled
TID33434,website,0,group_1,0,209.8916006,0,1,1,1,0,0,3,credit,9/15/2018 0:00,id_30,0,Not_Canceled
TID07065,website,0,group_1,0,172.2118133,1,2,1,2,0,0,6,debit,6/29/2019 0:00,id_13,43.9410192,Not_Canceled
TID35559,website,0,group_1,0,2.530892271,2,0,1,1,0,0,2,debit,10/14/2018 0:00,id_90,59.68280455,Not_Canceled
TID16329,website,0,group_4,0,106.0450317,1,2,1,2,0,0,2,debit,3/25/2019 0:00,id_65,54.52252146,Not_Canceled
TID32726,app,0,group_1,0,70.47021282,0,0,1,1,0,0,3,debit,5/22/2019 0:00,id_68,69.24335324,Not_Canceled
TID23832,website,0,group_1,0,102.1614462,1,1,1,2,0,0,4,debit,5/16/2019 0:00,id_11,69.16877765,Not_Canceled
TID20745,website,0,group_6,0,28.48429356,1,1,3,2,0,0,2,debit,11/11/2018 0:00,id_75,99.87356333,Not_Canceled
TID33418,website,0,group_4,0,6.448131195,0,0,1,2,0,0,2,debit,10/11/2018 0:00,id_20,61.7156903,Not_Canceled
TID28854,website,0,group_4,0,135.4500868,0,2,1,2,0,0,3,debit,4/5/2019 0:00,id_67,60.62443141,Not_Canceled
TID01476,app,0,group_1,0,211.8042666,1,2,1,2,0,0,3,debit,4/27/2019 0:00,id_99,47.74917162,Not_Canceled
TID30491,website,0,group_1,0,92.09391736,1,2,1,2,0,0,3,credit,4/1/2019 0:00,id_31,57.84838121,Not_Canceled
TID07133,app,0,group_1,0,131.1082287,0,2,1,2,0,0,1,credit,7/23/2018 0:00,id_85,56.35426715,Not_Canceled
TID18265,app,0,group_1,0,32.74822858,0,0,1,2,0,0,2,debit,2/13/2019 0:00,id_93,42.14880707,Not_Canceled
TID00895,app,0,group_1,0,116.0688546,0,2,1,1,0,0,1,debit,2/5/2019 0:00,id_20,46.68921428,Not_Canceled
TID08509,app,0,group_1,0,247.497276,0,1,1,1,0,0,1,credit,5/14/2019 0:00,id_56,54.0306016,Not_Canceled
TID31679,website,0,group_4,0,62.67367187,1,1,1,3,0,0,1,debit,3/10/2019 0:00,id_56,72.21552848,Not_Canceled
TID36253,website,0,group_4,0,8.950890006,0,2,1,2,0,0,6,debit,12/24/2018 0:00,id_91,38.87597883,Not_Canceled
TID35476,website,0,group_1,0,157.4459817,1,2,1,2,0,0,5,debit,7/4/2019 0:00,id_66,47.98711999,Not_Canceled
TID16076,app,0,group_1,0,54.36487052,0,0,1,2,0,0,1,credit,3/14/2019 0:00,id_26,61.20853328,Not_Canceled
TID21111,app,,group_5,0,4.832997306,0,0,1,2,0,0,4,debit,1/11/2019 0:00,id_30,51.94060387,Not_Canceled
TID23778,website,0,group_1,0,126.5642896,1,0,1,2,0,0,4,debit,4/11/2019 0:00,id_73,46.99701053,Not_Canceled
TID10300,website,0,group_1,0,38.19907952,0,2,1,1,0,0,2,debit,8/12/2018 0:00,id_68,51.69012231,Not_Canceled
TID16383,app,0,group_1,0,117.5846977,1,2,1,2,0,0,2,debit,5/13/2019 0:00,id_31,64.24117034,Not_Canceled
TID36070,website,0,group_1,0,64.99278565,1,0,1,2,0,0,1,debit,9/23/2018 0:00,id_41,53.61577272,Not_Canceled
TID17642,app,0,group_1,0,15.67466656,0,2,2,2,0,0,2,debit,11/11/2018 0:00,id_87,55.50414946,Not_Canceled
TID03379,app,0,group_1,0,86.63682149,0,2,1,2,0,0,2,debit,5/19/2019 0:00,id_91,49.20026125,Not_Canceled
TID12196,website,0,group_1,0,77.13832276,2,0,1,1,0,0,1,debit,9/7/2018 0:00,id_14,39.24789417,Not_Canceled
TID01694,website,0,group_1,0,0.856078236,0,1,1,1,0,0,2,debit,8/12/2018 0:00,id_55,0,Not_Canceled
TID23634,app,0,group_1,0,146.6406609,0,2,1,2,0,0,1,credit,8/6/2018 0:00,id_10,56.35426715,Not_Canceled
TID02514,website,0,group_1,0,22.83053417,2,0,1,2,0,0,2,debit,9/23/2018 0:00,id_49,58.35521227,Not_Canceled
TID22591,website,0,group_2,0,46.87829592,2,0,1,2,0,0,2,debit,10/13/2018 0:00,id_58,61.96900704,Not_Canceled
TID21926,app,0,group_1,0,75.53598294,1,1,1,2,0,0,3,debit,5/28/2019 0:00,id_98,49.20026125,Not_Canceled
TID06030,app,0,group_1,0,14.10738759,0,0,1,2,0,0,2,debit,9/22/2018 0:00,id_52,59.17278266,Not_Canceled
TID29681,app,0,group_1,0,74.39836496,0,0,1,2,0,0,2,credit,8/26/2018 0:00,id_12,59.93754192,Not_Canceled
TID27817,whoosh,0,group_1,,0.919129484,0,0,1,,0,0,1,debit,1/27/2019 0:00,id_97,48.80522502,Not_Canceled
TID17961,website,0,group_1,0,58.06549085,1,1,1,2,0,0,2,debit,2/19/2019 0:00,id_18,47.90782574,Not_Canceled
TID07478,app,0,group_1,0,132.7907994,1,1,1,2,0,0,2,debit,2/16/2019 0:00,id_29,51.07872193,Not_Canceled
TID05208,app,0,group_4,0,2.87956035,0,0,1,2,0,0,3,debit,9/22/2018 0:00,id_78,51.42898852,Not_Canceled
TID20893,website,0,group_1,0,2.023160719,0,1,1,1,0,0,0,debit,2/11/2019 0:00,id_49,57.12524506,Not_Canceled
TID31923,website,0,group_1,0,79.20762025,0,2,1,2,0,0,1,debit,1/7/2019 0:00,id_86,40.58853512,Not_Canceled
TID24861,website,,group_1,0,80.85622684,3,0,1,2,0,0,4,debit,12/7/2018 0:00,id_73,64.64369103,Not_Canceled
TID21287,website,0,group_1,0,50.50632167,2,0,2,2,0,0,3,debit,9/28/2018 0:00,id_33,65.24668649,Not_Canceled
TID34730,website,0,group_4,0,46.72094637,0,1,1,2,0,0,2,debit,3/9/2019 0:00,id_19,62.32335961,Not_Canceled
TID08815,website,0,group_1,0,137.1977376,0,1,1,2,0,0,4,debit,6/13/2019 0:00,id_22,63.20777189,Not_Canceled
TID31561,app,0,group_5,0,38.95951303,0,2,1,2,0,0,1,credit,12/17/2018 0:00,id_68,66.65006882,Not_Canceled
TID02782,website,0,group_4,0,94.71304479,1,1,1,2,0,0,3,debit,4/26/2019 0:00,id_88,75.46139884,Not_Canceled
TID30159,website,0,group_4,0,85.04292697,1,1,1,2,0,0,4,debit,6/20/2019 0:00,id_22,54.79663877,Not_Canceled
TID06782,app,0,group_1,0,55.16147688,0,0,1,2,0,0,1,credit,3/14/2019 0:00,id_67,61.20853328,Not_Canceled
TID05326,app,0,group_1,0,75.12585926,0,0,1,2,0,0,2,credit,8/26/2018 0:00,id_4,63.73742421,Not_Canceled
TID25560,whoosh,0,group_1,,7.394658855,0,0,1,,1,0,1,debit,9/29/2018 0:00,id_72,40.78410636,Not_Canceled
TID13134,website,0,group_1,0,189.65753,1,2,1,2,0,0,5,debit,8/16/2018 0:00,id_69,55.83930225,Not_Canceled
TID16847,whoosh,0,group_1,,11.54203455,1,0,1,,0,1,1,debit,11/2/2018 0:00,id_94,40.78410636,Not_Canceled
TID05158,website,0,group_2,0,13.35939659,0,0,3,0,0,0,3,debit,12/29/2018 0:00,id_63,47.35215122,Not_Canceled
TID27556,app,0,group_1,0,64.62177607,0,0,1,1,0,0,2,debit,9/9/2018 0:00,id_49,59.17278266,Not_Canceled
TID30898,app,0,group_1,0,121.6280634,0,0,1,2,0,0,2,debit,3/23/2019 0:00,id_74,51.42898852,Not_Canceled
TID29899,website,0,group_4,0,50.21032601,2,0,1,3,0,0,1,debit,7/28/2019 0:00,id_44,96.88851087,Not_Canceled
TID29134,website,0,group_2,0,41.63249397,0,0,1,2,0,0,3,debit,1/26/2019 0:00,id_88,44.76038323,Not_Canceled
TID21942,website,0,group_1,0,12.7740334,1,0,1,2,0,0,1,debit,8/25/2018 0:00,id_84,84.87200447,Not_Canceled
TID09330,website,,group_1,0,98.04961233,0,2,1,2,0,0,2,debit,4/28/2019 0:00,id_92,69.16877765,Not_Canceled
TID29848,app,0,group_1,0,0.901833425,0,0,1,2,0,0,2,debit,2/9/2019 0:00,id_43,60.19209826,Not_Canceled
TID36090,website,0,group_1,0,192.89121,0,1,1,2,0,0,2,debit,5/28/2019 0:00,id_13,69.24335324,Canceled
TID30043,website,0,group_4,0,-0.683138976,0,0,1,1,0,0,1,debit,9/22/2018 0:00,id_48,0,Not_Canceled
TID05395,app,0,group_1,0,131.0053615,0,2,1,2,0,0,1,credit,7/23/2018 0:00,id_72,56.35426715,Canceled
TID02117,website,0,group_1,0,159.2892237,1,2,1,2,0,0,5,debit,6/13/2019 0:00,id_67,49.95725595,Not_Canceled
TID00750,app,0,group_1,0,149.902399,0,2,1,2,0,0,1,credit,12/10/2018 0:00,id_41,59.68280455,Not_Canceled
TID32575,website,0,group_4,0,9.213394349,1,0,1,2,0,0,4,debit,4/17/2019 0:00,id_14,83.18773069,Not_Canceled
TID24525,telephone,0,group_1,,23.65313579,0,2,1,,0,0,2,debit,4/15/2019 0:00,id_41,0,Not_Canceled
TID17870,website,0,group_6,0,1.244102072,2,0,3,2,0,0,1,debit,9/1/2018 0:00,id_94,114.3475741,Not_Canceled
TID10330,website,,group_1,0,59.01637651,1,0,1,2,0,0,3,debit,5/29/2019 0:00,id_69,59.1217401,Not_Canceled
TID02149,website,0,group_1,0,41.20052499,1,2,1,2,0,0,2,debit,5/27/2019 0:00,id_8,63.46007962,Not_Canceled
TID06223,website,0,group_1,0,1.624226516,2,1,1,2,0,0,3,debit,7/25/2018 0:00,id_35,70.23641452,Not_Canceled
TID32025,app,0,group_1,0,62.34835535,0,0,1,1,0,0,3,debit,12/27/2018 0:00,id_37,44.02146061,Not_Canceled
TID16872,website,0,,0,2.913976017,0,0,1,3,0,0,2,debit,3/15/2019 0:00,id_84,100.7609989,Not_Canceled
TID08814,website,0,group_1,0,-0.807617231,1,0,1,2,0,0,4,debit,7/13/2018 0:00,id_15,54.0306016,Not_Canceled
TID21169,website,0,group_4,0,6.598708359,1,0,1,2,0,0,2,debit,3/15/2019 0:00,id_22,67.24999912,Not_Canceled
TID32354,website,0,group_1,0,113.4491469,2,1,1,2,0,0,2,debit,7/4/2018 0:00,id_70,46.95457587,Not_Canceled
TID19245,website,0,group_1,0,-0.177965706,0,2,1,2,0,0,3,debit,2/25/2019 0:00,id_24,71.32606872,Not_Canceled
TID04709,website,0,group_4,0,30.11070517,1,2,1,2,0,0,2,debit,9/23/2018 0:00,id_40,68.53682844,Not_Canceled
TID07806,website,1,group_4,0,97.25395426,2,2,1,3,0,0,1,debit,7/28/2019 0:00,id_16,88.36704472,Not_Canceled
TID10348,website,,group_1,0,6.432396364,1,1,1,2,0,0,2,debit,4/23/2019 0:00,id_18,70.07272251,Not_Canceled
TID19766,app,0,group_1,0,40.44127938,0,2,1,2,0,0,3,credit,5/26/2019 0:00,id_52,67.00013766,Not_Canceled
TID07934,website,0,group_1,0,0.234365954,2,0,1,1,0,0,2,debit,8/31/2018 0:00,id_39,87.74636769,Not_Canceled
TID06193,website,0,group_4,0,45.70607585,1,0,1,2,0,0,3,debit,5/16/2019 0:00,id_41,73.39862491,Not_Canceled
TID11606,website,0,group_1,0,90.10839485,1,0,2,2,0,0,3,debit,6/12/2019 0:00,id_8,74.43121211,Not_Canceled
TID30707,website,0,group_4,0,24.58322351,2,2,1,3,0,0,2,debit,2/3/2019 0:00,id_3,62.66726505,Not_Canceled
TID35867,app,0,group_1,0,70.76599593,0,0,1,1,0,0,3,debit,5/22/2019 0:00,id_20,69.24335324,Not_Canceled
TID24116,app,,group_1,0,210.3028671,0,1,1,2,0,0,3,debit,9/15/2018 0:00,id_24,44.95815453,Not_Canceled
TID02649,website,1,group_1,0,9.101440522,1,1,1,2,0,0,2,debit,3/16/2019 0:00,id_6,71.88466783,Not_Canceled
TID06513,website,0,group_4,0,-0.804446529,1,1,1,1,0,0,1,debit,9/26/2018 0:00,id_23,53.51198188,Not_Canceled
TID25260,app,0,group_1,0,32.76657723,0,0,1,1,0,0,4,credit,9/28/2018 0:00,id_95,48.33575615,Not_Canceled
TID24919,app,0,group_1,0,132.3353317,1,1,1,2,0,0,2,debit,4/2/2019 0:00,id_46,49.20026125,Not_Canceled
TID31088,app,0,group_1,0,45.70306014,2,2,1,2,0,0,4,debit,8/19/2018 0:00,id_86,54.07723651,Not_Canceled
TID32039,whoosh,0,group_1,,5.053367099,0,0,1,,0,0,2,debit,2/1/2019 0:00,id_39,48.80522502,Not_Canceled
TID18302,website,0,group_1,0,65.46207347,0,2,1,3,0,0,3,debit,12/8/2018 0:00,id_94,65.20651593,Not_Canceled
TID10340,website,0,group_1,0,64.74208834,0,2,1,2,0,0,2,debit,2/11/2019 0:00,id_59,50.63377628,Not_Canceled
TID34657,website,0,group_1,0,0.362857915,1,0,1,2,0,0,4,debit,7/20/2018 0:00,id_33,46.95457587,Not_Canceled
TID03793,website,0,group_4,0,2.606270293,0,2,1,2,0,0,1,debit,6/17/2019 0:00,id_15,89.97263357,Canceled
TID04670,app,0,group_1,0,3.352395292,1,1,1,2,0,0,1,credit,4/28/2019 0:00,id_21,65.24668649,Not_Canceled
TID10555,app,0,group_1,0,102.1116155,0,0,1,2,0,0,2,credit,9/23/2018 0:00,id_33,59.93754192,Canceled
TID29932,website,0,group_1,0,116.5845762,1,0,1,2,0,0,4,debit,5/8/2019 0:00,id_20,52.82091352,Not_Canceled
TID04165,app,0,group_1,0,0.161648823,0,1,1,2,0,0,2,debit,2/3/2019 0:00,id_56,43.48472045,Not_Canceled
TID17162,whoosh,0,group_1,,28.54891823,0,0,1,,0,0,1,debit,4/27/2019 0:00,id_35,56.61145455,Not_Canceled
TID31443,website,0,group_1,0,5.873580824,0,0,1,2,0,0,3,debit,2/28/2019 0:00,id_97,75.65735632,Not_Canceled
TID10232,app,0,group_4,0,2.528089674,0,0,1,2,0,0,3,debit,9/22/2018 0:00,id_77,51.42898852,Not_Canceled
TID15262,website,0,group_1,0,29.22055536,1,2,1,2,0,0,3,debit,4/22/2019 0:00,id_91,58.00204451,Not_Canceled
TID15555,app,0,group_1,0,59.24029253,1,1,1,3,0,0,3,debit,3/12/2019 0:00,id_27,61.7156903,Not_Canceled
TID32479,website,0,group_1,0,41.81774689,1,0,1,2,0,0,1,debit,12/24/2018 0:00,id_27,48.96330321,Not_Canceled
TID01858,website,0,group_1,0,50.40455104,2,0,1,1,0,0,3,debit,12/22/2018 0:00,id_58,0.945652257,Not_Canceled
TID24471,app,0,group_1,0,41.82542008,0,0,1,2,0,0,3,debit,12/8/2018 0:00,id_14,68.24789683,Not_Canceled
TID21872,website,0,group_2,0,243.4997895,1,2,1,2,0,0,0,debit,5/27/2019 0:00,id_11,56.90954752,Not_Canceled
TID22966,website,0,group_1,0,11.87618833,3,2,1,2,0,0,2,debit,7/31/2018 0:00,id_64,54.0306016,Not_Canceled
TID10181,website,0,group_1,0,116.450766,1,0,1,2,0,0,4,debit,12/6/2018 0:00,id_57,51.69012231,Not_Canceled
TID20994,app,0,group_1,0,15.52298093,0,2,1,2,0,0,2,debit,4/15/2019 0:00,id_12,49.20026125,Not_Canceled
TID25368,app,0,group_1,0,72.04620907,0,0,1,1,0,0,3,debit,11/1/2018 0:00,id_50,42.31617671,Not_Canceled
TID13758,website,0,group_1,0,118.5277769,1,2,1,2,0,0,2,debit,7/21/2019 0:00,id_81,66.39983088,Not_Canceled
TID33461,website,0,group_1,0,9.203305204,1,6,1,1,0,0,17,debit,1/5/2019 0:00,id_42,42.53197535,Not_Canceled
TID18932,website,0,group_4,0,3.699057048,1,0,1,2,0,0,1,credit,2/10/2019 0:00,id_40,86.79003251,Not_Canceled
TID26397,website,0,group_1,0,213.577092,0,0,1,2,0,0,3,debit,5/15/2019 0:00,id_92,74.18557739,Canceled
TID18726,app,,group_1,0,96.6854945,0,2,1,2,0,0,1,credit,6/18/2018 0:00,id_79,56.35426715,Not_Canceled
TID12068,whoosh,1,group_1,,7.925889764,0,0,1,,0,0,1,debit,3/28/2019 0:00,id_27,58.15052102,Not_Canceled
TID01847,app,0,group_4,0,23.37744032,1,0,1,2,0,0,3,debit,9/28/2018 0:00,id_73,46.15773551,Not_Canceled
TID14961,website,0,group_4,0,144.2716107,2,0,1,2,0,0,2,debit,5/23/2019 0:00,id_63,79.26749451,Not_Canceled
TID34908,website,0,group_1,0,0.61236489,2,0,1,2,0,0,3,debit,8/17/2018 0:00,id_82,84.87200447,Not_Canceled
TID25741,website,0,group_1,0,14.59121435,1,0,1,1,0,0,2,debit,9/7/2018 0:00,id_77,64.49279512,Not_Canceled
TID08687,website,0,group_4,0,11.80357826,1,2,2,2,0,0,2,debit,5/6/2019 0:00,id_48,68.50196824,Not_Canceled
TID25506,website,0,group_4,0,22.699041,1,2,1,2,0,0,3,debit,3/18/2019 0:00,id_22,71.8204414,Not_Canceled
TID03216,website,0,group_1,0,11.77671129,2,2,1,2,0,0,1,debit,8/28/2018 0:00,id_68,71.22712526,Not_Canceled
TID17595,website,0,group_1,0,35.78709207,2,1,3,1,0,0,0,debit,7/2/2019 0:00,id_70,89.22523478,Not_Canceled
TID05860,website,0,group_1,0,107.428962,1,0,1,2,0,0,2,debit,8/17/2018 0:00,id_95,53.64171518,Not_Canceled
TID07348,app,0,group_1,0,25.90037298,0,0,1,2,0,0,1,debit,5/17/2019 0:00,id_13,69.24335324,Not_Canceled
TID25102,website,0,group_1,0,28.10652414,0,1,1,2,0,0,3,debit,1/16/2019 0:00,id_87,41.32654741,Not_Canceled
TID05730,app,0,group_1,0,1.230086114,0,2,1,1,0,0,1,debit,2/5/2019 0:00,id_66,38.05347992,Canceled
TID30633,website,0,group_1,0,165.991182,2,2,1,2,0,0,3,debit,6/28/2019 0:00,id_85,58.89195723,Not_Canceled
TID19751,website,0,group_4,0,2.129167082,1,2,1,2,0,0,0,credit,7/15/2019 0:00,id_60,82.68615831,Not_Canceled
TID20913,website,0,group_4,0,146.3571059,1,2,1,2,0,0,2,debit,5/4/2019 0:00,id_33,68.32264016,Not_Canceled
TID32176,app,0,group_1,1,0.66106144,2,0,1,1,0,9,1,debit,4/5/2019 0:00,id_1,29.65018893,Not_Canceled
TID28631,app,0,group_4,0,44.19912887,0,1,1,2,0,0,1,debit,5/26/2019 0:00,id_45,57.27923139,Not_Canceled
TID35061,app,0,group_1,0,112.2805014,0,0,1,2,0,0,2,debit,5/10/2019 0:00,id_46,59.17278266,Not_Canceled
TID20637,app,0,group_1,0,150.6669942,0,0,1,1,0,0,3,debit,12/27/2018 0:00,id_20,44.02146061,Not_Canceled
TID09384,app,0,group_1,0,56.02734188,0,0,1,2,0,0,1,debit,5/16/2019 0:00,id_41,69.24335324,Not_Canceled
TID29140,app,0,group_1,0,0.163856752,0,0,1,1,0,0,1,debit,2/6/2019 0:00,id_97,38.05347992,Not_Canceled
TID12460,website,0,group_1,0,30.3632301,1,0,1,2,0,0,2,debit,5/1/2019 0:00,id_72,63.68701299,Not_Canceled
TID00874,website,0,group_4,0,2.965226457,1,0,1,3,0,0,1,debit,1/14/2019 0:00,id_22,74.18557739,Not_Canceled
TID26983,website,0,group_1,0,3.403778488,2,0,1,2,0,0,2,debit,2/16/2019 0:00,id_23,68.24789683,Not_Canceled
TID35645,whoosh,0,group_1,,11.87643565,0,0,1,,0,0,2,debit,9/27/2018 0:00,id_31,74.18557739,Not_Canceled
TID27480,app,0,group_1,0,39.5804484,0,0,1,2,0,0,2,credit,7/22/2018 0:00,id_79,63.73742421,Not_Canceled
TID04830,website,0,group_1,0,45.45269886,1,1,1,2,0,0,2,debit,6/11/2019 0:00,id_45,68.19806032,Not_Canceled
TID33538,app,0,group_1,0,60.73555356,0,2,1,2,0,0,0,debit,9/11/2018 0:00,id_66,54.5483914,Not_Canceled
TID15135,website,0,group_1,0,8.995105952,1,1,1,2,0,0,5,debit,7/26/2018 0:00,id_20,54.0306016,Not_Canceled
TID00389,whoosh,0,group_1,,5.264948795,0,0,1,,0,0,4,debit,2/1/2019 0:00,id_42,48.80522502,Not_Canceled
TID17602,telephone,0,group_1,,2.437733158,1,0,1,,0,0,1,debit,12/24/2018 0:00,id_75,0,Not_Canceled
TID19603,telephone,0,group_1,,32.51123255,0,1,1,,0,0,1,debit,1/2/2019 0:00,id_32,0.945652257,Not_Canceled
TID03096,website,0,group_4,0,101.5194472,3,2,1,2,0,0,4,credit,6/17/2019 0:00,id_24,86.79003251,Not_Canceled
TID35185,website,0,group_1,0,152.3675023,1,1,1,2,0,0,3,debit,6/4/2019 0:00,id_99,54.52252146,Not_Canceled
TID15598,website,0,group_6,0,29.56376635,2,1,1,2,0,0,2,debit,4/13/2019 0:00,id_11,106.9508871,Not_Canceled
TID29103,website,0,group_1,0,68.39093008,0,0,1,1,0,0,2,debit,2/8/2019 0:00,id_8,45.57192999,Not_Canceled
TID01853,website,0,group_1,0,-0.012282675,0,0,1,2,0,0,2,debit,7/21/2018 0:00,id_48,51.42898852,Not_Canceled
TID29237,app,0,group_4,0,41.76116289,1,2,1,2,0,0,3,debit,10/16/2018 0:00,id_86,38.05347992,Not_Canceled
TID13984,app,0,group_1,0,162.7205867,0,0,1,2,0,0,3,debit,8/25/2018 0:00,id_57,23.82724981,Not_Canceled
TID12955,website,0,group_1,0,35.80480365,1,1,1,2,0,0,2,debit,1/30/2019 0:00,id_34,50.22489892,Not_Canceled
TID29353,website,0,group_2,0,65.29154363,1,0,3,0,0,0,1,debit,7/12/2019 0:00,id_61,72.89620312,Not_Canceled
TID31105,app,0,group_1,0,164.5645633,0,0,1,1,0,0,2,debit,9/9/2018 0:00,id_13,59.17278266,Not_Canceled
TID12524,website,1,group_4,0,5.80737692,1,1,1,2,0,0,1,debit,12/10/2018 0:00,id_24,70.73206098,Not_Canceled
TID05562,website,0,group_4,0,159.6762769,2,0,1,3,0,0,2,debit,7/24/2019 0:00,id_94,50.04124805,Not_Canceled
TID04096,app,0,group_4,0,268.2837431,0,2,1,2,0,0,1,debit,6/17/2019 0:00,id_84,48.21430942,Not_Canceled
TID30941,app,0,group_1,0,31.7518717,0,0,1,1,0,0,2,debit,10/28/2018 0:00,id_88,45.09170191,Not_Canceled
TID11939,website,0,group_4,0,58.79169214,2,1,1,3,0,0,0,debit,7/2/2019 0:00,id_69,77.95354936,Not_Canceled
TID07419,website,0,group_2,0,40.15676064,1,0,1,2,0,0,3,debit,12/22/2018 0:00,id_62,47.51102564,Not_Canceled
TID14085,app,0,group_1,0,121.6629389,1,2,1,2,0,0,1,credit,3/4/2019 0:00,id_51,62.7279214,Not_Canceled
TID08565,app,0,group_1,0,192.4353052,0,0,1,1,0,0,2,debit,6/1/2019 0:00,id_74,56.61145455,Not_Canceled
TID03539,website,0,group_1,0,83.92020862,2,1,1,2,0,0,2,debit,9/23/2018 0:00,id_42,53.64171518,Not_Canceled
TID25263,app,0,group_1,0,117.4295521,0,2,1,2,0,0,1,credit,7/9/2018 0:00,id_59,56.35426715,Not_Canceled
TID36190,app,0,group_1,0,109.6180912,0,2,1,2,0,0,4,credit,6/20/2019 0:00,id_37,58.02252781,Not_Canceled
TID24868,whoosh,0,group_1,,99.76254211,0,0,1,,0,0,1,debit,1/27/2019 0:00,id_95,49.33182243,Not_Canceled
TID31861,website,0,group_1,0,41.21287615,0,0,1,2,0,0,3,debit,3/20/2019 0:00,id_12,61.86770119,Not_Canceled
TID29331,website,0,group_1,0,34.09485131,1,0,1,2,0,0,1,debit,3/30/2019 0:00,id_99,61.86770119,Not_Canceled
TID21540,website,0,group_1,0,0.061892551,0,0,1,2,0,0,2,debit,10/20/2018 0:00,id_96,51.42898852,Not_Canceled
TID17929,app,0,group_1,0,38.59406914,0,0,1,2,0,0,2,credit,7/22/2018 0:00,id_97,59.93754192,Not_Canceled
TID19696,app,0,group_1,0,4.859197337,0,0,1,1,0,0,1,debit,2/7/2019 0:00,id_70,54.5483914,Not_Canceled
TID10684,website,0,group_1,0,63.29897325,1,1,1,2,0,0,3,debit,10/20/2018 0:00,id_91,51.42898852,Not_Canceled
TID21232,app,0,group_1,0,81.46152144,1,1,1,2,0,0,2,debit,3/2/2019 0:00,id_31,40.78410636,Not_Canceled
TID13036,app,0,group_1,0,60.80656458,0,2,1,2,0,0,0,debit,9/11/2018 0:00,id_42,54.5483914,Not_Canceled
TID03906,app,0,group_1,0,219.4445455,0,2,1,1,0,0,4,debit,8/12/2018 0:00,id_31,47.92368634,Not_Canceled
TID34812,website,0,group_1,0,0.581027414,2,1,1,2,0,0,2,debit,8/5/2018 0:00,id_39,62.22215052,Not_Canceled
TID31236,app,0,group_1,0,13.57440389,0,0,1,1,0,0,4,debit,4/25/2019 0:00,id_87,39.14950302,Not_Canceled
TID32396,website,0,group_2,0,129.8255442,0,1,1,2,0,0,2,debit,3/2/2019 0:00,id_90,60.48715814,Not_Canceled
TID14390,website,0,group_4,0,72.67107189,2,1,1,3,0,0,2,debit,3/23/2019 0:00,id_42,77.95354936,Not_Canceled
TID11794,website,,group_1,0,0.776581873,0,1,1,2,0,0,0,debit,5/28/2019 0:00,id_3,79.55898362,Not_Canceled
TID25206,app,0,group_4,0,152.0009606,1,2,1,2,0,0,1,debit,1/28/2019 0:00,id_9,39.14950302,Not_Canceled
TID14118,website,0,group_1,0,38.6545715,1,0,1,2,0,0,2,debit,12/30/2018 0:00,id_40,48.48881224,Not_Canceled
TID28111,website,0,group_1,0,25.33459806,1,0,1,1,0,0,3,debit,3/6/2019 0:00,id_64,73.36416347,Not_Canceled
TID07730,website,0,group_1,0,127.8644861,2,1,1,3,0,0,2,debit,6/18/2019 0:00,id_81,67.40982876,Not_Canceled
TID18841,website,0,group_1,0,63.92945238,1,0,1,2,0,0,3,debit,7/3/2019 0:00,id_89,66.39983088,Not_Canceled
TID35673,app,0,group_1,0,78.61330064,0,1,1,2,0,0,2,debit,3/2/2019 0:00,id_87,59.17278266,Canceled
TID12043,app,0,group_1,0,114.8632825,0,2,1,1,0,0,2,debit,2/4/2019 0:00,id_37,46.68921428,Not_Canceled
TID05247,website,,group_4,0,44.37355333,0,0,1,1,0,0,2,debit,2/22/2019 0:00,id_99,61.18315701,Not_Canceled
TID08478,website,0,group_1,0,0.692489576,2,1,1,2,0,0,0,debit,3/12/2019 0:00,id_70,59.68280455,Not_Canceled
TID26264,app,0,group_1,0,72.79539932,0,2,1,2,0,0,2,debit,1/21/2019 0:00,id_87,38.05347992,Not_Canceled
TID24462,app,0,group_1,0,13.27119219,0,0,1,1,0,0,1,debit,9/22/2018 0:00,id_7,59.17278266,Not_Canceled
TID26342,website,0,group_4,0,76.01355377,1,0,1,2,0,0,3,debit,3/1/2019 0:00,id_17,66.39983088,Not_Canceled
TID15435,app,0,group_1,0,63.60244179,1,0,2,2,0,0,4,debit,2/27/2019 0:00,id_1,44.46612994,Not_Canceled
TID34869,app,,group_1,0,59.54984158,0,1,1,2,0,0,1,debit,8/29/2018 0:00,id_98,40.78410636,Not_Canceled
TID05727,website,0,group_1,0,124.4315061,1,2,1,2,0,0,6,debit,7/11/2019 0:00,id_82,64.70906092,Not_Canceled
TID35082,app,0,group_1,0,140.8927649,0,0,1,2,0,0,5,debit,12/6/2018 0:00,id_97,43.48472045,Not_Canceled
TID29963,app,0,group_1,0,158.9368598,0,1,1,1,0,0,1,debit,3/17/2019 0:00,id_42,40.78410636,Not_Canceled
TID12009,app,0,group_1,0,43.47843525,0,0,1,2,0,0,3,debit,1/25/2019 0:00,id_50,46.15773551,Not_Canceled
TID27555,website,0,group_1,0,6.841683641,1,2,1,1,0,0,1,debit,9/18/2018 0:00,id_66,57.6485168,Not_Canceled
TID09112,website,0,group_1,0,34.35084861,1,0,1,1,0,0,2,debit,9/15/2018 0:00,id_25,56.12263069,Not_Canceled
TID12333,app,0,group_1,0,-0.467460162,0,0,1,1,0,0,1,debit,12/15/2018 0:00,id_77,29.65018893,Not_Canceled
TID11953,website,0,group_1,0,103.5199104,0,2,1,2,0,0,0,debit,4/22/2019 0:00,id_43,54.77595867,Not_Canceled
TID00872,website,0,group_1,0,77.85783581,1,1,1,2,0,0,2,debit,3/12/2019 0:00,id_17,43.23207267,Not_Canceled
TID29678,website,0,group_2,0,124.1504565,0,0,1,2,0,0,2,debit,6/7/2019 0:00,id_22,57.92009924,Not_Canceled
TID07551,website,0,group_1,0,92.69514841,1,0,1,2,0,0,3,debit,3/14/2019 0:00,id_50,54.1860252,Not_Canceled
TID21860,whoosh,0,group_1,,13.67971725,0,1,1,,0,0,3,debit,8/22/2018 0:00,id_61,40.78410636,Not_Canceled
TID19991,app,0,group_1,0,29.64868514,0,0,1,2,0,0,2,debit,5/10/2019 0:00,id_74,79.07306831,Not_Canceled
TID04337,website,0,group_1,0,152.0561538,1,0,1,2,0,0,2,debit,7/18/2019 0:00,id_84,66.39983088,Canceled
TID11996,website,0,group_1,0,16.60928043,0,0,1,2,0,0,3,debit,9/27/2018 0:00,id_93,49.89949773,Not_Canceled
TID26780,website,0,group_1,0,0.265521253,0,0,1,1,0,0,2,debit,7/13/2018 0:00,id_8,48.80522502,Not_Canceled
TID34345,website,0,group_1,0,46.85921228,2,1,1,2,0,0,3,debit,9/8/2018 0:00,id_91,60.72608178,Not_Canceled
TID09544,website,0,group_1,0,175.7825998,1,2,1,2,0,0,5,debit,7/10/2019 0:00,id_11,58.89195723,Not_Canceled
TID23902,whoosh,0,group_1,,3.080766779,0,1,1,,1,7,0,debit,2/26/2019 0:00,id_20,40.78410636,Not_Canceled
TID17109,website,0,group_1,0,124.1534273,2,1,1,2,0,0,1,debit,7/2/2018 0:00,id_96,46.95457587,Canceled
TID06152,app,0,group_1,0,209.6611534,0,1,1,2,0,0,3,debit,9/15/2018 0:00,id_95,44.95815453,Not_Canceled
TID34198,app,0,group_1,0,0.009891337,0,1,1,2,0,0,2,debit,7/4/2018 0:00,id_57,46.15773551,Not_Canceled
TID00796,website,0,group_4,0,85.94909745,1,2,1,3,0,0,2,debit,7/15/2019 0:00,id_35,88.36704472,Not_Canceled
TID29660,app,0,group_1,0,116.9708761,0,2,1,2,0,0,1,credit,7/9/2018 0:00,id_20,56.35426715,Not_Canceled
TID06233,website,0,group_1,0,-0.205148679,0,0,1,1,0,0,1,debit,12/13/2018 0:00,id_66,49.85748475,Not_Canceled
TID00361,app,0,group_1,0,158.7722556,0,1,1,1,0,0,1,debit,3/17/2019 0:00,id_8,40.78410636,Not_Canceled
TID33987,website,0,group_1,0,119.5880198,2,1,1,3,0,0,3,debit,4/19/2019 0:00,id_73,79.35981886,Not_Canceled
TID28760,website,0,group_1,0,71.80142362,1,1,1,2,0,0,0,debit,6/3/2019 0:00,id_18,57.27923139,Not_Canceled
TID15069,website,0,group_1,0,46.68036304,2,0,1,1,0,0,1,debit,12/1/2018 0:00,id_15,49.33182243,Not_Canceled
TID08994,app,0,group_1,0,42.63459703,0,0,1,2,0,0,1,debit,9/20/2018 0:00,id_0,51.42898852,Not_Canceled
TID10733,app,0,group_1,0,210.0687773,0,1,1,2,0,0,3,debit,9/15/2018 0:00,id_44,44.95815453,Not_Canceled
TID32086,whoosh,0,group_1,,41.2690856,0,2,1,,0,0,1,debit,2/18/2019 0:00,id_10,51.77885764,Not_Canceled
TID23920,website,0,group_1,0,161.9945428,0,0,1,2,0,0,3,debit,6/21/2019 0:00,id_55,65.24668649,Canceled
TID06097,app,0,group_4,0,161.638478,1,0,1,2,0,0,5,debit,2/13/2019 0:00,id_21,39.14950302,Not_Canceled
TID02829,whoosh,0,group_1,,0.957852501,0,0,1,,0,0,1,debit,1/27/2019 0:00,id_75,48.80522502,Not_Canceled
TID01948,website,0,group_1,0,1.958251857,0,0,1,2,0,0,1,debit,5/10/2019 0:00,id_90,69.24335324,Not_Canceled
TID07665,app,0,group_1,1,19.6181114,0,0,1,2,1,0,3,debit,9/13/2018 0:00,id_28,54.0306016,Not_Canceled
TID29210,app,0,group_1,0,2.450714636,0,2,1,2,0,0,3,debit,11/10/2018 0:00,id_44,36.95220629,Not_Canceled
TID25323,app,0,group_1,0,102.3165012,0,1,1,2,0,0,3,credit,6/11/2019 0:00,id_6,60.31930885,Not_Canceled
TID10338,whoosh,0,group_1,,0.300450931,0,0,1,,0,0,1,debit,3/21/2019 0:00,id_48,40.78410636,Not_Canceled
TID02579,whoosh,0,group_1,,3.571701032,0,0,1,,0,1,1,debit,10/13/2018 0:00,id_54,40.78410636,Not_Canceled
TID05815,app,0,group_1,0,89.3129014,1,1,1,2,0,0,2,debit,4/16/2019 0:00,id_16,46.15773551,Not_Canceled
TID23372,app,0,group_1,0,109.176583,0,2,1,2,0,0,1,credit,7/2/2018 0:00,id_44,56.35426715,Not_Canceled
TID19349,website,0,group_1,0,10.13843595,1,0,1,2,0,0,3,debit,9/27/2018 0:00,id_7,72.21552848,Not_Canceled
TID22460,whoosh,0,group_1,,1.677623574,0,2,1,,3,37,1,debit,6/17/2019 0:00,id_75,40.78410636,Not_Canceled
TID27795,website,1,group_4,0,101.124768,0,1,1,2,0,0,2,debit,3/19/2019 0:00,id_10,61.00547367,Not_Canceled
TID05993,website,0,group_6,0,102.456253,2,1,3,2,0,0,3,debit,6/4/2019 0:00,id_2,95.31245101,Not_Canceled
TID20981,website,0,group_4,0,121.7150015,1,0,1,2,0,0,3,debit,4/19/2019 0:00,id_56,69.98837128,Not_Canceled
TID02640,website,0,group_4,0,44.05701431,0,1,1,2,0,0,1,debit,5/26/2019 0:00,id_63,57.27923139,Canceled
TID26572,app,0,group_1,0,269.9605907,0,0,1,2,0,0,4,debit,3/28/2019 0:00,id_72,48.80522502,Not_Canceled
TID09935,website,0,group_1,0,119.7702522,2,2,1,2,0,0,1,debit,7/17/2018 0:00,id_47,46.95457587,Not_Canceled
TID00658,website,0,group_1,0,13.97064577,1,0,1,1,0,0,1,debit,2/14/2019 0:00,id_61,51.95103622,Not_Canceled
TID15784,website,0,group_4,0,55.95332742,1,2,1,2,0,0,2,debit,4/21/2019 0:00,id_52,75.46139884,Not_Canceled
TID35990,website,0,group_1,0,71.71744455,0,0,1,2,0,0,3,debit,3/8/2019 0:00,id_66,41.98673135,Not_Canceled
TID02426,app,,group_1,0,106.3215638,0,2,1,3,0,0,1,credit,7/28/2019 0:00,id_64,79.99588112,Not_Canceled
TID27813,website,0,group_1,0,2.76383838,1,0,1,2,0,0,2,debit,7/13/2019 0:00,id_62,84.3913619,Not_Canceled
TID01959,website,0,group_1,0,31.58265,1,1,1,1,0,0,1,debit,10/1/2018 0:00,id_34,69.24335324,Not_Canceled
TID26247,app,0,group_1,0,11.3870803,0,0,1,2,0,0,3,credit,5/1/2019 0:00,id_76,88.70095132,Not_Canceled
TID06659,whoosh,0,group_1,,47.0459887,0,0,1,,0,0,1,debit,10/19/2018 0:00,id_73,40.78410636,Not_Canceled
TID21471,app,0,group_1,0,13.91921681,0,0,1,2,0,0,3,credit,4/3/2019 0:00,id_24,57.12524506,Not_Canceled
TID26809,whoosh,0,group_1,,1.0216984,1,0,1,,0,2,1,debit,12/15/2018 0:00,id_17,40.78410636,Not_Canceled
TID10193,whoosh,0,group_1,,99.27678851,0,0,1,,0,0,1,debit,1/27/2019 0:00,id_49,49.33182243,Not_Canceled
TID22861,app,,group_1,0,151.5841071,0,0,1,1,0,0,2,debit,12/27/2018 0:00,id_45,44.02146061,Not_Canceled
TID15447,app,0,group_1,0,27.75336137,2,0,1,2,0,0,2,debit,2/23/2019 0:00,id_93,43.48472045,Not_Canceled
TID09465,website,0,group_1,0,110.4589027,2,1,1,2,0,0,3,debit,4/9/2019 0:00,id_50,59.97828307,Not_Canceled
TID10787,website,0,group_1,0,30.23174047,1,2,1,2,0,0,1,debit,6/3/2019 0:00,id_47,47.46866779,Not_Canceled
TID18147,website,0,group_1,0,62.87162439,3,0,1,2,0,0,5,debit,10/4/2018 0:00,id_93,44.69086155,Not_Canceled
TID23129,website,0,group_6,0,10.42070039,1,1,3,2,0,0,1,debit,7/16/2019 0:00,id_2,111.0959528,Not_Canceled
TID15528,website,0,group_1,0,220.2580248,1,4,1,2,0,0,5,debit,7/22/2019 0:00,id_57,54.52252146,Not_Canceled
TID09661,app,0,group_1,0,70.69742632,0,0,1,2,0,0,3,debit,8/30/2018 0:00,id_36,56.61145455,Not_Canceled
TID22992,website,0,group_1,0,66.2588689,1,2,1,2,0,0,3,debit,8/28/2018 0:00,id_94,53.64171518,Not_Canceled
TID00015,website,0,group_4,0,41.12168427,1,2,1,3,0,0,2,debit,6/9/2019 0:00,id_29,84.05463798,Not_Canceled
TID35352,website,0,group_1,0,121.7066226,1,2,1,2,0,0,8,debit,6/21/2019 0:00,id_94,59.75924483,Not_Canceled
TID06071,app,0,group_1,0,58.99148438,0,0,1,1,0,0,2,debit,10/6/2018 0:00,id_11,46.15773551,Not_Canceled
TID26107,app,0,group_1,0,70.77504011,0,0,1,1,0,0,3,debit,5/22/2019 0:00,id_79,69.24335324,Not_Canceled
TID12435,whoosh,0,group_1,,4.622753668,0,1,1,,0,3,1,debit,5/7/2019 0:00,id_55,56.61145455,Not_Canceled
TID19210,website,0,group_1,0,166.7270644,1,0,1,2,0,0,3,debit,7/11/2019 0:00,id_19,66.39983088,Canceled
TID29176,website,0,group_1,0,125.9627469,0,1,1,2,0,0,3,debit,7/30/2019 0:00,id_42,60.72608178,Not_Canceled
TID29585,whoosh,0,group_1,,11.98089823,1,0,1,,0,5,2,debit,5/22/2019 0:00,id_93,40.78410636,Not_Canceled
TID23413,website,0,group_1,0,100.7197862,2,1,1,2,0,0,4,debit,4/2/2019 0:00,id_39,55.40095756,Not_Canceled
TID17599,website,0,group_4,0,94.70423385,0,0,1,2,0,0,3,debit,4/26/2019 0:00,id_94,79.26749451,Not_Canceled
TID24231,website,0,group_1,0,9.065598681,1,2,1,2,0,0,1,debit,9/4/2018 0:00,id_9,86.34952314,Not_Canceled
TID08424,app,0,group_1,0,87.49116349,0,1,1,2,0,0,2,debit,10/28/2018 0:00,id_24,31.96521032,Not_Canceled
TID17621,website,0,group_1,0,16.79663681,0,0,1,2,0,0,3,debit,1/24/2019 0:00,id_85,41.06632404,Not_Canceled
TID33541,website,0,group_1,1,4.617309131,1,1,1,2,11,19,2,debit,12/30/2018 0:00,id_58,53.51198188,Not_Canceled
TID01739,website,0,group_1,0,4.389250459,0,0,2,2,0,0,3,debit,2/27/2019 0:00,id_73,51.07872193,Not_Canceled
TID34855,app,,group_1,0,30.9737194,0,0,1,1,0,0,2,debit,10/28/2018 0:00,id_93,45.09170191,Not_Canceled
TID22080,website,0,group_2,0,4.40001762,0,0,3,2,0,0,1,debit,11/26/2018 0:00,id_0,86.07161631,Not_Canceled
TID06037,website,0,group_1,0,-0.286222813,1,1,1,1,0,0,0,debit,10/17/2018 0:00,id_23,54.5483914,Not_Canceled
TID18555,website,,group_1,0,40.95503248,1,2,1,2,0,0,3,debit,6/7/2019 0:00,id_50,68.19806032,Not_Canceled
TID22743,app,0,group_1,0,92.03643042,0,0,1,2,0,0,4,debit,9/14/2018 0:00,id_30,43.48472045,Not_Canceled
TID28079,website,0,group_1,0,100.9841018,1,0,1,2,0,0,4,debit,4/3/2019 0:00,id_39,55.62278054,Not_Canceled
TID33885,website,0,group_1,0,3.505610024,0,1,1,1,0,0,0,debit,12/18/2018 0:00,id_52,49.85748475,Not_Canceled
TID24751,website,0,group_1,0,12.85119717,2,0,1,2,0,0,3,debit,8/30/2018 0:00,id_70,71.22712526,Not_Canceled
TID33705,website,0,group_1,0,0.289260749,1,0,1,2,0,0,1,debit,2/1/2019 0:00,id_76,57.63826422,Not_Canceled
TID12001,app,0,group_1,0,264.7354846,1,0,1,2,0,0,2,credit,6/1/2019 0:00,id_44,66.75011988,Canceled
TID03007,website,0,group_1,0,147.233639,0,2,1,2,0,0,7,debit,4/6/2019 0:00,id_18,44.21977847,Not_Canceled
TID13148,website,0,group_1,0,26.46362917,2,0,2,2,0,0,2,debit,3/23/2019 0:00,id_95,81.49770004,Not_Canceled
TID35937,website,0,group_1,0,38.92873664,2,0,1,1,0,0,2,debit,11/4/2018 0:00,id_64,54.49664947,Not_Canceled
TID33616,app,0,group_1,0,72.51400361,0,0,1,1,0,0,3,debit,11/1/2018 0:00,id_45,42.31617671,Not_Canceled
TID09536,whoosh,1,group_1,,1.475763584,0,0,1,,2,5,1,debit,5/9/2019 0:00,id_75,41.86780981,Not_Canceled
TID34798,website,0,group_1,0,2.277947061,0,1,1,2,0,0,0,debit,12/11/2018 0:00,id_61,44.34298264,Not_Canceled
TID26530,app,0,group_1,0,0.238615955,0,1,1,2,0,0,2,debit,11/4/2018 0:00,id_5,48.80522502,Not_Canceled
TID28352,website,0,group_4,0,110.2949399,0,0,1,2,0,0,2,debit,3/28/2019 0:00,id_17,54.52252146,Not_Canceled
TID02496,website,0,group_4,0,104.7516959,0,2,1,2,0,0,1,debit,3/25/2019 0:00,id_87,57.27923139,Not_Canceled
TID25841,website,0,group_1,0,24.67576864,1,1,1,2,0,0,1,debit,3/3/2019 0:00,id_1,79.55898362,Not_Canceled
TID06793,website,1,group_6,0,27.79668848,2,0,3,2,0,0,1,credit,6/27/2019 0:00,id_42,142.1373072,Not_Canceled
TID13855,app,0,group_4,0,36.07396701,0,1,1,2,0,0,3,debit,10/6/2018 0:00,id_94,44.15547539,Not_Canceled
TID00340,website,0,group_1,0,21.82838247,1,0,1,2,0,0,3,debit,10/25/2018 0:00,id_13,54.52252146,Not_Canceled
TID25691,app,0,group_1,0,12.87011627,0,1,1,2,0,0,0,debit,9/11/2018 0:00,id_52,44.55711543,Not_Canceled
TID24939,website,0,group_4,0,7.666402668,0,0,1,2,0,0,3,credit,3/29/2019 0:00,id_8,95.33600643,Not_Canceled
TID11957,website,0,group_1,0,64.91584955,2,0,1,2,0,0,2,debit,10/5/2018 0:00,id_65,57.80739281,Not_Canceled
TID32543,app,0,group_1,0,79.19092434,0,0,1,2,0,0,2,debit,10/21/2018 0:00,id_99,46.15773551,Not_Canceled
TID10119,website,0,group_4,0,88.4965346,1,0,1,3,0,0,1,debit,7/27/2019 0:00,id_19,84.05463798,Not_Canceled
TID07704,app,0,group_1,0,24.85107719,0,2,1,2,0,0,3,debit,10/30/2018 0:00,id_3,40.78410636,Not_Canceled
TID19818,website,0,group_1,0,6.40695084,2,0,1,2,0,0,2,debit,8/30/2018 0:00,id_68,72.21552848,Not_Canceled
TID10415,app,0,group_1,0,7.807722571,0,0,1,1,0,0,1,debit,2/13/2019 0:00,id_70,57.63826422,Not_Canceled
TID16704,app,0,group_1,0,160.2775877,1,2,1,2,0,0,0,debit,7/15/2019 0:00,id_36,44.69086155,Not_Canceled
TID21905,website,0,group_4,0,117.4222947,1,0,1,2,0,0,2,debit,4/13/2019 0:00,id_44,70.88064115,Not_Canceled
TID35433,whoosh,0,group_1,,11.76999094,0,0,1,,0,0,1,debit,9/27/2018 0:00,id_28,74.18557739,Not_Canceled
TID20402,whoosh,0,group_5,,6.371234724,0,0,1,,0,0,2,debit,1/13/2019 0:00,id_64,51.95103622,Not_Canceled
TID18116,website,0,group_1,0,73.1078386,2,1,1,2,0,0,2,debit,11/4/2018 0:00,id_50,48.38326494,Not_Canceled
TID00906,whoosh,0,group_1,,42.15806122,0,0,1,,0,0,3,debit,8/23/2018 0:00,id_28,40.78410636,Not_Canceled
TID14509,website,0,group_4,1,0.164084351,3,1,2,2,0,2,0,debit,8/1/2018 0:00,id_75,70.97966556,Not_Canceled
TID11269,website,0,group_1,0,11.75525879,1,2,1,1,0,0,0,debit,5/6/2019 0:00,id_58,57.6485168,Not_Canceled
TID33034,website,0,group_1,0,1.777669,0,2,1,2,0,0,4,credit,12/10/2018 0:00,id_88,52.1179064,Not_Canceled
TID30915,website,0,group_1,0,195.4938377,2,2,1,2,0,0,5,debit,7/24/2018 0:00,id_93,35.82328591,Not_Canceled
TID25827,app,0,group_1,0,38.80676607,0,0,1,1,0,0,2,credit,7/22/2018 0:00,id_10,52.47221015,Not_Canceled
TID09871,website,0,group_1,0,35.39760537,1,2,1,2,0,0,3,debit,3/31/2019 0:00,id_99,61.95887771,Not_Canceled
TID29599,app,0,group_1,0,-0.029097497,0,0,1,1,0,0,1,debit,2/6/2019 0:00,id_26,56.61145455,Not_Canceled
TID26173,website,0,group_4,0,85.35881955,0,1,1,3,0,0,5,debit,7/30/2019 0:00,id_56,91.22231178,Not_Canceled
TID08611,website,,group_1,0,-0.399750052,1,0,1,1,0,0,1,debit,6/5/2019 0:00,id_93,83.4286901,Not_Canceled
TID32701,app,0,group_2,0,34.12240765,0,1,2,1,0,0,4,credit,10/3/2018 0:00,id_59,60.56851155,Not_Canceled
TID16108,app,0,group_1,0,145.1237175,0,2,1,2,0,0,1,credit,8/6/2018 0:00,id_20,56.35426715,Not_Canceled
TID17847,website,0,group_1,0,34.70967998,1,1,1,2,0,0,2,debit,9/19/2018 0:00,id_83,60.9546911,Not_Canceled
TID33567,website,0,group_1,0,98.63587825,1,1,2,2,0,0,2,debit,6/22/2019 0:00,id_0,69.98837128,Not_Canceled
TID03298,app,0,group_1,0,55.34971691,0,0,1,2,0,0,2,credit,8/25/2018 0:00,id_28,49.85748475,Not_Canceled
TID30155,website,0,group_6,0,-0.516373336,0,1,3,2,0,0,2,debit,8/8/2018 0:00,id_7,86.46926413,Not_Canceled
TID06823,app,0,group_1,0,35.93594471,0,0,1,2,0,0,3,credit,9/20/2018 0:00,id_69,65.24668649,Not_Canceled
TID10880,whoosh,0,group_1,,30.57466598,1,2,1,,0,0,4,debit,4/22/2019 0:00,id_81,56.61145455,Not_Canceled
TID35890,app,0,group_1,0,95.85279315,0,2,1,1,0,0,2,debit,6/22/2019 0:00,id_88,48.57322253,Not_Canceled
TID35321,app,0,group_1,0,1.143567019,1,1,1,2,0,0,2,debit,5/25/2019 0:00,id_66,46.15773551,Not_Canceled
TID12945,website,,group_1,0,150.0211806,1,0,2,2,0,0,2,debit,7/25/2019 0:00,id_93,76.63587108,Not_Canceled
TID08621,website,0,group_1,0,0.897592145,0,2,1,2,0,0,5,debit,7/27/2018 0:00,id_3,58.73357511,Not_Canceled
TID13857,website,0,group_4,0,51.97349279,2,2,1,1,0,0,3,debit,2/22/2019 0:00,id_41,61.24913167,Not_Canceled
TID20641,app,0,group_1,0,73.75005674,0,0,1,1,0,0,2,credit,8/26/2018 0:00,id_44,48.80522502,Not_Canceled
TID10744,app,0,group_1,0,36.35789174,1,0,1,2,0,0,2,debit,3/6/2019 0:00,id_43,42.04076811,Not_Canceled
TID15040,app,0,group_4,0,141.1302918,0,2,1,2,0,0,2,debit,3/25/2019 0:00,id_33,49.20026125,Not_Canceled
TID10305,website,0,group_1,0,93.76278116,3,1,1,2,0,0,2,debit,11/11/2018 0:00,id_29,44.69086155,Not_Canceled
TID34181,app,0,group_1,0,72.90855789,0,0,1,1,0,0,2,credit,8/26/2018 0:00,id_12,48.80522502,Not_Canceled
TID00871,app,,group_1,0,255.5366383,1,0,1,2,0,0,2,credit,5/23/2019 0:00,id_68,66.75011988,Canceled
TID13252,website,0,group_4,0,68.68093861,2,2,1,3,0,0,2,debit,6/30/2019 0:00,id_72,77.95354936,Not_Canceled
TID07244,website,0,group_1,0,132.3812591,2,0,1,3,0,0,3,debit,6/19/2019 0:00,id_34,77.95354936,Not_Canceled
TID23705,telephone,0,group_4,,-11,0,0,1,,0,0,0,debit,9/29/2018 0:00,id_39,0,Not_Canceled
TID21818,app,0,group_1,0,146.4951614,1,0,1,2,0,0,1,debit,7/13/2019 0:00,id_18,49.46332517,Not_Canceled
TID23706,app,0,group_1,0,55.403873,0,2,1,2,0,0,2,debit,9/2/2018 0:00,id_39,100.4949072,Not_Canceled
TID04476,website,0,group_4,0,3.688577857,1,0,1,2,0,0,1,debit,5/18/2019 0:00,id_1,77.12434065,Not_Canceled
TID25553,app,0,group_1,0,1.988042438,0,2,1,2,0,0,2,debit,3/25/2019 0:00,id_93,44.95815453,Not_Canceled
TID20982,website,1,group_1,0,17.35503737,2,0,2,2,0,0,2,debit,7/3/2019 0:00,id_38,97.21728936,Not_Canceled
TID34521,website,0,group_1,0,19.32017758,0,0,2,2,0,0,2,credit,2/23/2019 0:00,id_48,95.57150675,Canceled
TID17503,whoosh,1,group_1,,28.55688959,0,0,1,,0,0,3,debit,3/13/2019 0:00,id_61,41.86780981,Not_Canceled
TID09301,website,0,group_4,0,64.03186357,0,1,1,3,0,0,0,debit,7/2/2019 0:00,id_86,77.95354936,Not_Canceled
TID11896,app,,group_1,0,12.40341702,0,0,1,2,0,0,1,credit,3/22/2019 0:00,id_42,74.97113034,Not_Canceled
TID27320,website,0,group_1,0,0.581294856,1,2,1,2,0,0,2,debit,10/1/2018 0:00,id_5,79.19459409,Not_Canceled
TID16624,whoosh,0,group_1,,21.54040648,0,0,1,,0,0,1,debit,7/20/2019 0:00,id_25,50.90605539,Not_Canceled
TID31287,website,0,group_4,0,9.067343631,1,2,1,3,0,0,1,debit,1/21/2019 0:00,id_47,72.70887783,Not_Canceled
TID31961,website,0,group_1,0,11.74958347,1,1,1,2,0,0,2,debit,12/23/2018 0:00,id_67,53.51198188,Not_Canceled
TID23050,app,0,group_1,0,6.775495621,2,2,1,2,0,0,1,credit,12/3/2018 0:00,id_26,58.45751285,Not_Canceled
TID18724,website,0,group_1,0,37.18404988,1,0,1,2,0,0,3,debit,3/1/2019 0:00,id_92,68.0485141,Not_Canceled
TID12924,website,0,group_1,0,32.24666068,1,0,1,1,0,0,2,debit,3/28/2019 0:00,id_86,49.37917014,Not_Canceled
TID05047,app,0,group_1,0,3.854192991,0,1,1,1,0,0,3,debit,1/2/2019 0:00,id_68,40.13159238,Not_Canceled
TID19692,app,,group_1,0,119.12065,0,0,1,2,0,0,3,debit,5/15/2019 0:00,id_13,69.24335324,Not_Canceled
TID00006,website,0,group_2,0,81.5630251,1,2,3,0,0,0,1,debit,6/30/2019 0:00,id_55,57.91497701,Not_Canceled
TID02200,website,1,group_6,0,18.16044131,0,1,3,2,0,0,2,debit,12/9/2018 0:00,id_36,104.9933635,Not_Canceled
TID16690,website,0,group_1,0,320.00525,1,0,1,2,0,0,2,credit,7/26/2019 0:00,id_77,66.75011988,Canceled
TID24154,website,0,group_1,0,167.0746378,1,0,1,2,0,0,4,debit,7/3/2019 0:00,id_12,46.99701053,Not_Canceled
TID35258,website,0,group_1,0,9.896533692,0,0,1,2,0,0,3,debit,3/15/2019 0:00,id_28,64.74425551,Canceled
TID27356,website,0,group_6,0,0.488516313,2,0,2,2,0,0,1,debit,6/27/2019 0:00,id_38,103.2899927,Not_Canceled
TID21145,app,1,group_1,0,2.816780928,0,0,1,1,0,0,2,debit,3/20/2019 0:00,id_84,61.20853328,Not_Canceled
TID30234,website,0,group_1,0,74.15027893,1,0,1,1,0,0,3,debit,5/24/2019 0:00,id_22,74.43121211,Not_Canceled
TID02241,website,1,group_1,0,11.50243193,1,0,1,2,0,0,2,credit,7/27/2019 0:00,id_42,101.6610993,Not_Canceled
TID03024,whoosh,0,group_1,,0.476720452,0,0,1,,0,0,1,debit,1/27/2019 0:00,id_47,48.80522502,Not_Canceled
TID27605,website,0,group_1,0,16.60210967,1,0,1,2,0,0,2,debit,9/9/2018 0:00,id_35,53.88028778,Not_Canceled
TID32743,website,0,group_4,0,104.1737557,1,1,1,2,0,0,2,debit,6/22/2019 0:00,id_81,68.64636973,Not_Canceled
TID25408,app,0,group_6,0,16.58249613,0,1,1,3,0,0,3,debit,12/1/2018 0:00,id_2,63.73742421,Not_Canceled
TID25418,website,0,group_2,0,10.80939899,0,1,1,2,0,0,2,debit,12/2/2018 0:00,id_30,49.0212439,Not_Canceled
TID12581,website,0,group_1,0,18.32849606,1,0,1,1,0,0,2,debit,1/17/2019 0:00,id_53,41.98673135,Not_Canceled
TID26030,website,1,group_4,0,0.75394643,0,0,1,2,0,0,1,debit,9/22/2018 0:00,id_79,81.49770004,Not_Canceled
TID16597,website,0,group_1,0,92.79284284,1,1,1,2,0,0,1,debit,5/28/2019 0:00,id_8,72.65956824,Not_Canceled
TID18502,website,0,group_1,0,132.3530845,1,1,1,2,0,0,4,debit,4/16/2019 0:00,id_9,58.89195723,Not_Canceled
TID02375,app,0,group_1,0,14.39613816,0,0,1,1,0,0,1,debit,9/22/2018 0:00,id_10,59.17278266,Not_Canceled
TID00774,website,0,group_4,0,62.28687773,1,0,1,2,0,0,3,debit,3/29/2019 0:00,id_69,54.79663877,Not_Canceled
TID19805,website,0,group_2,0,113.7029988,1,0,3,0,0,0,3,debit,3/8/2019 0:00,id_68,47.74917162,Not_Canceled
TID30158,website,0,group_1,0,10.64224557,1,2,1,2,0,0,1,debit,7/21/2019 0:00,id_69,84.3913619,Canceled
TID28124,whoosh,1,group_1,,0.902569827,0,0,1,,1,0,1,debit,3/9/2019 0:00,id_3,41.86780981,Not_Canceled
TID05050,app,0,group_1,0,41.04886248,0,0,1,1,0,0,1,credit,8/12/2018 0:00,id_91,50.38222488,Not_Canceled
TID01032,app,0,group_1,0,127.1535213,0,1,1,2,0,0,2,debit,7/6/2019 0:00,id_34,49.46332517,Not_Canceled
TID36145,website,0,group_1,0,1.549848112,0,0,1,1,0,0,1,debit,10/4/2018 0:00,id_10,69.24335324,Not_Canceled
TID25148,app,0,group_1,0,110.3833742,1,0,1,2,0,0,4,debit,11/16/2018 0:00,id_98,43.48472045,Not_Canceled
TID17712,website,0,group_4,0,122.3095692,1,0,1,2,0,0,3,debit,7/10/2019 0:00,id_68,68.64636973,Not_Canceled
TID00080,whoosh,0,group_1,,-0.334234497,0,1,1,,0,0,0,debit,10/31/2018 0:00,id_25,40.78410636,Not_Canceled
TID14925,app,0,group_1,0,55.87697981,0,0,1,2,0,0,1,debit,5/16/2019 0:00,id_24,69.24335324,Not_Canceled
TID14099,app,0,group_1,0,149.4915367,0,1,1,1,0,0,2,debit,12/26/2018 0:00,id_82,44.02146061,Not_Canceled
TID15217,website,0,group_4,0,195.9332536,1,2,1,2,0,0,5,debit,7/9/2019 0:00,id_16,58.89195723,Not_Canceled
TID01864,website,0,group_1,0,0.422903709,0,1,1,2,0,0,3,debit,7/18/2018 0:00,id_3,53.51198188,Not_Canceled
TID07499,whoosh,0,group_1,,-0.205713214,0,0,1,,0,0,1,debit,9/27/2018 0:00,id_5,70.73206098,Not_Canceled
TID14399,app,0,group_1,0,13.33652664,1,2,2,2,0,0,0,debit,11/13/2018 0:00,id_33,40.24046616,Not_Canceled
TID33270,app,0,group_1,0,0.695286664,0,2,1,1,0,0,1,debit,2/5/2019 0:00,id_98,38.05347992,Canceled
TID33594,website,0,group_4,0,75.33328318,0,1,1,2,0,0,3,debit,2/22/2019 0:00,id_19,53.42373323,Not_Canceled
TID30354,app,0,group_1,0,16.40523669,0,1,1,2,0,0,2,debit,10/21/2018 0:00,id_29,25.98867817,Not_Canceled
TID05941,app,0,group_1,0,161.50232,0,0,1,2,0,0,3,debit,8/25/2018 0:00,id_27,43.48472045,Not_Canceled
TID32130,website,1,group_1,0,222.8801309,2,2,1,2,0,0,0,debit,9/11/2018 0:00,id_84,53.64171518,Not_Canceled
TID22417,website,0,group_5,0,0.803200077,1,0,1,1,0,0,1,debit,8/3/2018 0:00,id_66,0,Not_Canceled
TID29097,website,0,group_1,0,20.97908392,0,1,2,2,0,0,0,debit,5/20/2019 0:00,id_73,64.06493473,Not_Canceled
TID02990,website,0,group_4,0,94.59034849,2,0,1,3,0,0,2,debit,6/20/2019 0:00,id_74,77.95354936,Not_Canceled
TID27918,app,0,group_1,0,17.44008946,0,2,1,2,0,0,1,debit,4/28/2019 0:00,id_63,56.61145455,Not_Canceled
TID27621,website,0,group_4,0,52.99600374,1,0,1,3,0,0,3,debit,3/15/2019 0:00,id_21,77.95354936,Not_Canceled
TID21987,website,0,group_4,0,69.03386118,0,2,1,2,0,0,2,debit,3/25/2019 0:00,id_94,64.28144139,Not_Canceled
TID20713,website,0,group_1,0,70.89029009,1,0,1,2,0,0,3,debit,6/5/2019 0:00,id_26,52.08141117,Not_Canceled
TID07959,website,0,group_1,0,2.543608253,1,1,1,1,0,0,0,credit,1/16/2019 0:00,id_82,73.69389735,Not_Canceled
TID20588,app,0,group_1,0,73.00536527,0,0,1,1,0,0,2,credit,8/26/2018 0:00,id_13,52.47221015,Not_Canceled
TID29747,whoosh,0,group_1,,5.295861353,0,0,1,,0,0,1,debit,8/10/2018 0:00,id_96,40.78410636,Not_Canceled
TID34486,website,0,group_4,0,72.84982062,3,2,1,2,0,0,3,debit,4/28/2019 0:00,id_13,75.46139884,Not_Canceled
TID32779,website,1,group_4,0,0.505261374,2,0,1,3,0,0,1,debit,4/27/2019 0:00,id_2,110.2230878,Not_Canceled
TID21502,whoosh,0,group_1,,5.071030903,1,0,1,,0,1,1,debit,3/13/2019 0:00,id_10,53.51198188,Not_Canceled
TID16309,app,,group_1,0,81.55019716,1,1,1,2,0,0,2,debit,3/2/2019 0:00,id_92,40.78410636,Not_Canceled
TID30012,app,0,group_1,0,145.068719,0,2,1,2,0,0,1,debit,12/11/2018 0:00,id_88,40.78410636,Not_Canceled
TID29068,website,0,group_4,0,0.774173368,0,0,1,2,0,0,1,debit,6/28/2019 0:00,id_23,81.98116246,Not_Canceled
TID18286,website,0,group_1,0,99.23618403,1,1,1,2,0,0,3,debit,4/26/2019 0:00,id_35,77.12434065,Not_Canceled
TID00268,website,0,group_1,0,17.85869272,0,0,1,2,0,0,1,debit,12/31/2018 0:00,id_59,47.90782574,Not_Canceled
TID19235,website,0,group_1,0,6.956904873,1,0,1,3,0,0,1,debit,7/28/2019 0:00,id_58,91.07990928,Not_Canceled
TID30241,website,0,group_1,0,1.347041769,0,1,1,1,0,0,0,debit,1/15/2019 0:00,id_43,51.95103622,Not_Canceled
TID26687,app,0,group_1,0,198.7810243,0,2,1,2,0,0,4,debit,7/11/2019 0:00,id_38,44.69086155,Not_Canceled
TID00290,website,0,group_1,0,97.31428682,1,2,1,2,0,0,5,debit,4/3/2019 0:00,id_30,58.2733502,Not_Canceled
TID29165,app,0,group_4,0,96.5808385,0,0,1,2,0,0,2,debit,7/19/2019 0:00,id_65,50.09373117,Not_Canceled
TID35876,whoosh,0,group_1,,13.00148854,0,1,1,,0,0,0,debit,10/23/2018 0:00,id_30,40.78410636,Not_Canceled
TID06314,app,0,group_1,0,4.393684091,0,1,1,1,0,0,0,debit,5/6/2019 0:00,id_27,57.12524506,Not_Canceled
TID08058,website,0,group_4,0,36.97272136,1,0,1,2,0,0,1,debit,4/28/2019 0:00,id_57,63.28852869,Not_Canceled
TID30083,website,0,group_1,0,169.9749093,2,2,1,3,0,0,5,debit,7/1/2019 0:00,id_15,56.67829126,Not_Canceled
TID04330,website,0,group_4,0,26.71779459,0,0,1,2,0,0,1,debit,3/21/2019 0:00,id_60,72.21552848,Not_Canceled
TID10824,website,0,group_1,0,20.40725991,1,2,1,2,0,0,1,debit,5/26/2019 0:00,id_7,79.55898362,Not_Canceled
TID14820,website,0,group_1,0,4.480135913,1,0,1,1,0,0,1,debit,5/16/2019 0:00,id_52,66.75011988,Not_Canceled
TID19216,app,1,group_1,0,8.871303391,0,2,1,2,0,0,3,debit,5/27/2019 0:00,id_31,61.20853328,Not_Canceled
TID04528,app,0,group_1,0,189.1895232,0,0,1,1,0,0,2,debit,5/23/2019 0:00,id_54,74.18557739,Canceled
TID17635,website,0,group_4,0,58.62180444,2,1,1,3,0,0,2,debit,5/11/2019 0:00,id_60,86.93359545,Not_Canceled
TID02394,app,0,group_1,0,24.33162904,1,2,1,2,0,0,2,debit,12/3/2018 0:00,id_91,36.95220629,Not_Canceled
TID05098,website,0,group_2,0,42.37322983,1,0,1,2,0,0,3,debit,12/22/2018 0:00,id_33,52.34199796,Not_Canceled
TID35040,website,0,group_1,0,-0.085803837,1,1,1,2,0,0,4,debit,10/10/2018 0:00,id_46,62.7279214,Not_Canceled
TID02684,website,0,group_1,0,190.260058,1,1,1,2,0,0,3,debit,7/30/2019 0:00,id_45,63.86342309,Canceled
TID36221,app,0,group_1,0,191.5733843,0,1,1,2,0,0,2,debit,5/11/2019 0:00,id_7,32.20815661,Not_Canceled
TID01436,app,0,group_1,0,151.3669601,0,0,1,1,0,0,3,debit,12/27/2018 0:00,id_30,48.80522502,Not_Canceled
TID17284,website,0,group_1,0,7.038147308,1,0,1,2,0,0,3,debit,11/3/2018 0:00,id_30,42.13800524,Not_Canceled
TID17589,whoosh,0,group_1,,1.937608503,0,0,1,,0,1,1,debit,11/16/2018 0:00,id_65,40.78410636,Not_Canceled
TID15213,website,0,group_2,0,12.82160648,1,0,1,2,0,0,2,debit,12/1/2018 0:00,id_95,47.35215122,Not_Canceled
TID03747,website,0,group_1,0,131.081812,1,1,1,2,0,0,3,debit,7/9/2019 0:00,id_29,58.89195723,Not_Canceled
TID23190,website,0,group_4,0,70.75085584,1,1,1,1,0,0,3,debit,2/22/2019 0:00,id_93,53.42373323,Not_Canceled
TID27260,app,0,group_1,0,195.5364118,0,2,1,2,0,0,5,debit,7/16/2019 0:00,id_42,44.69086155,Not_Canceled
TID23248,app,0,group_1,0,23.11667766,0,2,1,2,0,0,1,credit,12/10/2018 0:00,id_8,63.73742421,Not_Canceled
TID16648,website,0,group_1,0,32.62088074,1,0,1,2,0,0,3,debit,1/18/2019 0:00,id_63,51.20423647,Not_Canceled
TID23063,app,0,group_1,0,11.59747717,0,1,1,2,0,0,0,debit,9/11/2018 0:00,id_17,44.55711543,Not_Canceled
TID08707,website,0,group_1,0,14.18490334,1,0,1,2,0,0,1,debit,5/16/2019 0:00,id_96,69.74018045,Not_Canceled
TID18417,website,0,group_6,0,39.4330952,0,0,3,2,0,0,1,debit,10/1/2018 0:00,id_80,88.36704472,Not_Canceled
TID08677,telephone,0,group_1,,-0.083993639,0,0,1,,0,0,1,debit,7/19/2018 0:00,id_80,0,Not_Canceled
TID28878,app,,group_1,0,16.37748719,0,0,1,2,0,0,1,debit,3/8/2019 0:00,id_53,44.77107728,Not_Canceled
TID32565,app,0,group_1,0,41.61838498,0,1,1,2,0,0,3,debit,12/22/2018 0:00,id_51,38.05347992,Not_Canceled
TID01210,website,0,group_1,0,20.75584943,2,1,1,2,0,0,1,debit,8/13/2018 0:00,id_83,61.7156903,Not_Canceled
TID02062,app,0,group_4,0,41.89160533,0,0,1,2,0,0,3,debit,10/12/2018 0:00,id_82,38.05347992,Not_Canceled
TID25413,website,0,group_4,0,71.02545672,0,2,1,2,0,0,1,debit,4/1/2019 0:00,id_69,65.6481647,Not_Canceled
TID31962,telephone,0,group_1,,0.372295857,1,0,1,,0,0,1,debit,8/9/2018 0:00,id_24,0,Not_Canceled
TID13705,website,0,group_6,0,43.63080245,0,4,3,2,0,0,10,debit,3/2/2019 0:00,id_22,93.73671107,Canceled
TID20084,app,0,group_1,0,31.73561772,0,0,1,1,0,0,2,debit,10/28/2018 0:00,id_42,45.09170191,Not_Canceled
TID08261,whoosh,0,group_1,,4.550834122,0,1,1,,0,0,1,debit,4/9/2019 0:00,id_65,56.61145455,Not_Canceled
TID10039,website,0,group_1,0,57.70667555,1,2,1,2,0,0,4,debit,4/19/2019 0:00,id_99,69.16877765,Not_Canceled
TID20739,telephone,0,group_1,,1.523691598,1,0,1,,0,0,1,debit,8/9/2018 0:00,id_33,0,Not_Canceled
TID23159,website,0,group_1,0,35.13376716,2,1,2,2,0,0,1,debit,3/26/2019 0:00,id_43,65.49765872,Not_Canceled
TID03015,website,0,group_1,0,7.033068796,0,2,1,2,0,0,1,debit,12/24/2018 0:00,id_17,47.90782574,Not_Canceled
TID12634,website,0,group_1,0,62.2683987,1,2,1,2,0,0,3,debit,6/30/2019 0:00,id_69,61.86770119,Not_Canceled
TID28125,website,0,group_4,0,63.67203719,2,0,1,3,0,0,1,debit,7/5/2019 0:00,id_19,77.95354936,Not_Canceled
TID05722,app,0,group_4,0,0.908566321,0,2,1,2,0,0,1,debit,8/28/2018 0:00,id_2,46.15773551,Not_Canceled
TID19725,website,0,group_1,0,40.21129019,2,0,1,3,0,0,2,debit,2/9/2019 0:00,id_28,72.36359253,Not_Canceled
TID32724,website,0,group_4,0,35.58241926,3,0,1,3,0,0,5,debit,3/27/2019 0:00,id_43,77.4269307,Not_Canceled
TID23311,app,0,group_4,0,188.6574141,1,1,1,2,0,0,2,debit,3/2/2019 0:00,id_7,38.05347992,Not_Canceled
TID19908,app,0,group_1,0,32.93154968,0,2,1,2,0,0,2,debit,12/3/2018 0:00,id_77,35.28999954,Not_Canceled
TID02591,whoosh,0,group_1,,2.864511188,0,2,1,,0,0,0,debit,9/25/2018 0:00,id_31,40.78410636,Not_Canceled
TID22456,website,,group_4,0,95.64916609,2,2,1,3,0,0,5,debit,6/16/2019 0:00,id_57,79.83087822,Not_Canceled
TID19730,website,0,group_4,0,12.49259858,0,2,1,2,0,0,1,debit,11/13/2018 0:00,id_97,44.67481553,Not_Canceled
TID05602,website,0,group_1,0,11.54339552,2,2,2,2,0,0,2,debit,3/31/2019 0:00,id_54,79.80175411,Not_Canceled
TID13267,whoosh,0,group_1,,48.65583855,0,0,1,,0,0,1,debit,8/30/2018 0:00,id_24,40.78410636,Not_Canceled
TID17312,website,0,group_1,0,125.2248084,1,0,1,2,0,0,1,debit,12/2/2018 0:00,id_86,44.69086155,Not_Canceled
TID19395,app,0,group_1,0,15.46364433,0,0,1,2,0,0,2,debit,11/4/2018 0:00,id_98,35.28999954,Not_Canceled
TID22486,app,0,group_1,0,86.51965454,0,0,1,2,0,0,2,debit,9/1/2018 0:00,id_59,61.7156903,Not_Canceled
TID33526,website,0,group_6,0,100.0782596,0,2,3,2,0,0,3,debit,4/26/2019 0:00,id_4,101.8241858,Not_Canceled
TID30263,app,0,group_1,0,-0.054103211,0,1,1,1,0,0,0,debit,2/25/2019 0:00,id_6,46.15773551,Not_Canceled
TID04893,app,0,group_1,0,63.51291346,1,2,1,2,0,0,5,debit,7/5/2018 0:00,id_23,53.2004073,Not_Canceled
TID15519,app,0,group_1,0,27.0442291,0,0,1,2,0,0,2,debit,9/7/2018 0:00,id_30,63.23301024,Not_Canceled
TID34516,website,0,group_4,0,5.800128682,2,2,1,2,0,0,5,debit,5/18/2019 0:00,id_9,81.28966298,Not_Canceled
TID31740,website,0,group_1,0,24.51628955,1,2,1,1,0,0,0,debit,10/16/2018 0:00,id_45,59.68280455,Not_Canceled
TID10822,website,0,group_1,0,101.3734552,3,0,1,2,0,0,4,debit,5/16/2019 0:00,id_59,52.82091352,Not_Canceled
TID25025,app,0,group_4,0,111.2611926,1,2,1,3,0,0,4,credit,8/24/2018 0:00,id_40,83.78990992,Not_Canceled
TID35464,app,0,group_4,0,28.79386412,0,0,1,2,0,0,3,debit,3/22/2019 0:00,id_38,54.52252146,Not_Canceled
TID06493,website,0,group_1,0,246.8638619,1,0,1,2,0,0,0,credit,5/14/2019 0:00,id_64,0,Not_Canceled
TID14169,whoosh,0,group_1,,1.181274074,0,0,1,,0,0,1,debit,1/21/2019 0:00,id_34,48.27767928,Not_Canceled
TID33603,app,0,group_1,0,20.72701787,0,0,1,2,0,0,3,debit,6/5/2019 0:00,id_36,46.95457587,Not_Canceled
TID01224,app,0,group_1,0,8.255220916,0,2,1,1,0,0,1,credit,7/23/2018 0:00,id_82,24.56688415,Not_Canceled
TID21351,app,0,group_1,0,256.9134926,0,0,1,1,0,0,2,credit,6/8/2018 0:00,id_8,48.80522502,Not_Canceled
TID11078,website,0,group_1,0,15.18127765,0,2,1,2,0,0,1,debit,1/28/2019 0:00,id_4,55.58152236,Not_Canceled
TID14182,whoosh,0,group_1,,16.91767879,1,0,1,,0,0,2,debit,2/22/2019 0:00,id_50,48.80522502,Not_Canceled
TID20251,app,0,group_1,0,4.104924739,1,0,1,2,0,0,1,debit,2/28/2019 0:00,id_62,44.55711543,Not_Canceled
TID35560,app,0,group_1,0,7.572943657,1,1,1,2,0,0,2,debit,1/27/2019 0:00,id_76,51.42898852,Not_Canceled
TID09834,website,0,group_1,0,3.493818706,1,2,1,2,0,0,2,debit,11/12/2018 0:00,id_95,60.19209826,Not_Canceled
TID11986,app,0,group_1,0,126.3776825,0,1,1,2,0,0,3,debit,4/5/2019 0:00,id_18,54.0306016,Not_Canceled
TID26874,website,0,group_4,0,27.45716106,0,0,1,2,0,0,1,debit,4/25/2019 0:00,id_65,86.79003251,Not_Canceled
TID22336,website,0,group_1,0,0.468837982,1,2,1,2,0,0,1,debit,6/16/2019 0:00,id_17,82.7874785,Not_Canceled
TID26586,whoosh,0,group_1,,15.8894556,1,0,1,,0,0,1,debit,2/3/2019 0:00,id_9,21.43441656,Not_Canceled
TID11255,website,0,group_1,0,1.974726889,1,0,1,2,0,0,3,debit,12/1/2018 0:00,id_58,41.86240296,Not_Canceled
TID03099,whoosh,0,group_4,,17.12031503,0,0,1,,0,0,1,debit,2/14/2019 0:00,id_69,46.15773551,Not_Canceled
TID17300,website,0,group_1,0,12.36897053,2,1,1,2,0,0,1,debit,9/26/2018 0:00,id_58,72.21552848,Not_Canceled
TID24209,website,0,group_1,0,34.37417891,0,1,1,2,0,0,3,debit,1/19/2019 0:00,id_14,38.68980031,Not_Canceled
TID08697,app,0,group_1,0,121.8157153,0,0,1,2,0,0,2,debit,3/23/2019 0:00,id_51,51.42898852,Not_Canceled
TID04656,app,0,group_1,0,32.27315808,1,1,1,2,0,0,1,debit,6/25/2019 0:00,id_14,61.7156903,Not_Canceled
TID07528,website,0,group_4,0,89.1173442,1,1,1,2,0,0,3,debit,4/23/2019 0:00,id_2,75.46139884,Not_Canceled
TID05859,app,0,group_1,0,49.7449304,0,0,1,2,0,0,3,debit,3/6/2019 0:00,id_91,46.15773551,Not_Canceled
TID08527,website,0,group_1,0,20.15793713,2,2,1,1,0,0,1,debit,1/15/2019 0:00,id_13,51.95103622,Not_Canceled
TID02953,app,0,group_4,0,56.34809211,1,1,2,2,0,0,3,debit,3/5/2019 0:00,id_7,60.84294451,Not_Canceled
TID14376,website,0,group_4,0,124.7311849,1,2,1,2,0,0,3,debit,7/29/2019 0:00,id_63,67.74925609,Not_Canceled
TID06586,app,0,group_1,0,119.1378333,0,0,1,1,0,0,2,debit,3/6/2019 0:00,id_9,50.38222488,Not_Canceled
TID06692,app,0,group_1,0,8.349920661,1,2,1,2,0,0,2,debit,1/22/2019 0:00,id_93,52.47221015,Not_Canceled
TID21044,website,0,group_1,0,8.595670551,1,1,1,2,0,0,2,debit,1/30/2019 0:00,id_25,54.5483914,Not_Canceled
TID26455,website,0,group_1,0,26.69239209,2,2,2,2,0,0,0,debit,4/29/2019 0:00,id_72,82.94665381,Not_Canceled
TID29160,app,0,group_1,0,256.1491675,0,1,1,2,0,0,2,debit,8/22/2018 0:00,id_23,47.04474191,Not_Canceled
TID35507,website,,group_1,0,66.39059349,3,2,1,2,0,0,3,debit,7/1/2019 0:00,id_47,61.86770119,Not_Canceled
TID03609,website,,group_1,0,51.80814747,1,0,1,2,0,0,2,debit,1/26/2019 0:00,id_44,51.3244731,Not_Canceled
TID26630,app,0,group_1,0,138.7525386,0,2,1,2,0,0,1,credit,7/30/2018 0:00,id_43,56.35426715,Not_Canceled
TID16720,website,0,group_4,0,64.23174702,0,1,1,3,0,0,0,debit,6/24/2019 0:00,id_17,77.95354936,Not_Canceled
TID30448,website,0,group_1,0,78.69428999,0,1,1,2,0,0,0,debit,7/15/2019 0:00,id_79,68.19806032,Canceled
TID33738,website,0,group_1,0,0.641910971,1,0,2,2,0,0,1,debit,7/25/2019 0:00,id_20,67.19504297,Not_Canceled
TID12397,website,0,group_1,0,8.877829179,0,0,1,1,0,0,1,debit,3/7/2019 0:00,id_45,45.58259214,Not_Canceled
TID07825,website,0,group_4,0,10.70626226,2,2,1,3,0,0,2,debit,4/6/2019 0:00,id_41,94.39302116,Not_Canceled
TID24096,app,0,group_1,0,30.49523724,0,1,1,1,0,0,2,debit,9/26/2018 0:00,id_80,43.10834718,Not_Canceled
TID27760,website,0,group_1,0,38.991392,2,0,1,2,0,0,3,debit,6/7/2019 0:00,id_96,68.19806032,Not_Canceled
TID35838,website,0,group_4,0,168.6522355,1,2,2,2,0,0,2,debit,7/28/2019 0:00,id_10,59.10642589,Not_Canceled
TID33153,website,0,group_4,0,56.45822234,0,2,1,1,0,0,5,debit,3/16/2019 0:00,id_63,65.34709476,Canceled
TID29138,app,0,group_1,0,116.6428525,0,2,1,1,0,0,1,credit,7/9/2018 0:00,id_96,44.82454116,Not_Canceled
TID31360,website,0,group_1,0,7.601768159,0,0,1,1,0,0,1,debit,2/7/2019 0:00,id_71,51.95103622,Not_Canceled
TID17304,website,0,group_1,0,85.33818815,0,0,1,1,0,0,2,debit,3/9/2019 0:00,id_99,49.80496023,Not_Canceled
TID33853,app,0,group_1,0,221.5084732,0,2,1,3,0,0,1,debit,9/24/2018 0:00,id_64,54.0306016,Not_Canceled
TID25299,website,0,group_1,0,131.5405248,1,2,1,2,0,0,4,debit,6/29/2019 0:00,id_31,59.61654306,Not_Canceled
TID24540,website,0,group_2,0,27.17835284,2,0,3,2,0,0,3,debit,2/14/2019 0:00,id_65,47.48455272,Not_Canceled
TID21469,website,0,group_6,0,33.74586134,0,2,3,1,0,0,4,debit,4/1/2019 0:00,id_86,98.71790383,Canceled
TID28720,website,0,group_4,0,45.90491587,2,1,1,3,0,0,1,debit,4/23/2019 0:00,id_27,90.50992342,Not_Canceled
TID00825,website,0,group_1,0,44.50959129,0,0,1,2,0,0,1,debit,9/30/2018 0:00,id_70,53.27832944,Not_Canceled
TID26184,website,0,group_1,0,11.87383412,2,2,1,2,0,0,2,debit,7/30/2018 0:00,id_13,54.0306016,Not_Canceled
TID02099,website,0,group_4,0,16.58616953,1,0,1,2,0,0,3,debit,3/28/2019 0:00,id_54,58.66202429,Not_Canceled
TID14326,website,0,group_4,0,77.26554455,1,1,1,2,0,0,2,debit,3/26/2019 0:00,id_81,67.15007325,Not_Canceled
TID36182,app,0,group_1,0,67.51384104,0,0,1,2,0,0,2,debit,9/6/2018 0:00,id_63,31.35934249,Not_Canceled
TID30769,app,0,group_1,0,115.8431505,0,0,1,2,0,0,3,debit,5/8/2019 0:00,id_89,46.15773551,Not_Canceled
TID05569,telephone,0,group_1,,1.448062162,0,0,1,,0,0,1,debit,1/4/2019 0:00,id_42,0,Not_Canceled
TID34941,app,0,group_1,0,25.15874943,0,1,1,2,0,0,4,credit,3/26/2019 0:00,id_97,76.04901589,Not_Canceled
TID12772,website,0,group_4,0,13.29362969,1,0,1,2,0,0,3,debit,2/7/2019 0:00,id_8,52.36804472,Not_Canceled
TID00529,website,0,group_1,0,153.4380495,1,1,1,2,0,0,3,debit,6/4/2019 0:00,id_17,54.52252146,Not_Canceled
TID10337,app,0,group_1,0,43.95402197,0,0,1,2,0,0,3,debit,1/25/2019 0:00,id_58,46.15773551,Not_Canceled
TID11081,website,0,group_4,0,83.68926724,1,0,2,2,0,0,2,debit,7/12/2019 0:00,id_21,76.19580081,Not_Canceled
TID31499,app,0,group_1,0,6.368057631,0,2,1,2,0,0,3,debit,9/8/2018 0:00,id_79,37.17289066,Not_Canceled
TID17138,website,0,group_4,0,43.30407821,0,0,1,2,0,0,3,debit,2/22/2019 0:00,id_14,62.62682202,Not_Canceled
TID03874,app,0,group_1,0,130.4557051,1,1,1,2,0,0,4,debit,7/9/2019 0:00,id_35,49.46332517,Not_Canceled
TID34264,website,,group_1,0,135.5445437,1,0,2,2,0,0,1,debit,7/21/2019 0:00,id_76,74.43121211,Not_Canceled
TID27922,app,0,group_4,0,44.64878608,0,1,1,2,0,0,1,debit,5/26/2019 0:00,id_37,57.27923139,Not_Canceled
TID33146,whoosh,0,group_1,,17.04286652,0,2,1,,0,0,1,debit,8/28/2018 0:00,id_7,40.78410636,Not_Canceled
TID07491,website,0,group_1,0,0.322248437,0,0,1,1,0,0,1,debit,2/14/2019 0:00,id_9,56.61145455,Not_Canceled
TID04760,app,0,group_1,0,6.738132247,2,0,1,1,0,0,2,debit,2/7/2019 0:00,id_28,35.28999954,Not_Canceled
TID21144,whoosh,0,group_4,,29.01391785,0,0,1,,0,0,2,debit,6/13/2019 0:00,id_18,61.7156903,Not_Canceled
TID10494,website,0,group_4,0,32.81544366,2,2,1,3,0,0,3,debit,6/24/2019 0:00,id_61,89.22523478,Not_Canceled
TID24969,app,1,group_1,0,5.035022863,0,2,1,2,0,0,3,debit,9/25/2018 0:00,id_18,67.15007325,Not_Canceled
TID28414,website,0,group_1,0,8.908439711,0,0,1,2,0,0,3,debit,9/14/2018 0:00,id_88,81.49770004,Not_Canceled
TID14617,website,0,group_1,0,174.2914768,1,2,1,2,0,0,2,debit,7/21/2019 0:00,id_98,58.89195723,Not_Canceled
TID15320,app,0,group_1,1,18.71294994,0,0,1,2,1,0,3,debit,9/13/2018 0:00,id_75,54.0306016,Not_Canceled
TID14647,website,0,group_1,0,79.66796449,1,1,1,2,0,0,5,debit,3/12/2019 0:00,id_71,42.32697098,Not_Canceled
TID07082,whoosh,0,group_1,,-0.646000626,0,0,1,,0,0,1,debit,4/25/2019 0:00,id_19,79.07306831,Not_Canceled
TID04515,website,0,group_1,0,188.1450952,1,1,1,2,0,0,3,debit,7/2/2019 0:00,id_44,54.52252146,Not_Canceled
TID25947,website,0,group_4,0,69.30553719,2,0,1,3,0,0,2,debit,5/4/2019 0:00,id_63,88.36704472,Not_Canceled
TID04376,app,0,group_1,0,117.5034847,0,1,1,1,0,0,3,debit,5/14/2019 0:00,id_78,64.24117034,Not_Canceled
TID24926,app,,group_1,0,223.4925675,0,1,1,2,0,0,2,debit,9/9/2018 0:00,id_65,40.78410636,Not_Canceled
TID28093,app,0,group_1,0,117.2954076,0,1,1,1,0,0,1,debit,5/14/2019 0:00,id_1,64.24117034,Not_Canceled
TID24234,app,0,group_1,0,75.99454428,0,0,1,2,0,0,4,debit,6/13/2019 0:00,id_97,44.69086155,Not_Canceled
TID02407,website,0,group_1,0,72.94462636,1,1,1,2,0,0,2,debit,2/9/2019 0:00,id_62,39.30800198,Not_Canceled
TID19823,website,0,group_4,0,17.752572,3,1,1,2,0,0,1,debit,4/28/2019 0:00,id_44,87.74636769,Not_Canceled
TID27946,website,0,group_1,0,41.23084545,1,1,1,2,0,0,3,debit,4/5/2019 0:00,id_55,70.10248946,Not_Canceled
TID12905,website,0,group_6,0,306.6521397,1,2,2,2,0,0,3,debit,7/22/2019 0:00,id_23,87.93742373,Canceled
TID31780,app,0,group_1,0,38.90719887,0,0,1,2,0,0,2,credit,7/22/2018 0:00,id_59,59.93754192,Not_Canceled
TID17232,website,0,group_4,0,58.25515611,2,2,1,2,0,0,5,debit,3/6/2019 0:00,id_53,59.82038528,Not_Canceled
TID27485,website,0,group_4,0,102.6676782,1,2,1,3,0,0,1,debit,7/15/2019 0:00,id_25,84.05463798,Not_Canceled
TID34817,website,0,group_1,0,6.823727071,1,1,1,2,0,0,1,debit,10/15/2018 0:00,id_33,50.0622424,Not_Canceled
TID11703,website,0,group_1,0,88.94675753,0,0,1,2,0,0,4,debit,4/18/2019 0:00,id_79,69.16877765,Not_Canceled
TID14890,website,0,group_1,0,43.87127758,1,1,1,2,0,0,0,debit,5/27/2019 0:00,id_67,58.71313351,Not_Canceled
TID27125,app,0,group_1,0,255.8153108,0,0,1,1,0,0,2,credit,5/23/2019 0:00,id_53,54.0306016,Not_Canceled
TID19363,app,0,group_1,0,148.7353291,0,2,1,1,0,0,3,debit,12/25/2018 0:00,id_33,44.02146061,Not_Canceled
TID20514,app,0,group_1,0,57.40429998,1,1,1,2,0,0,2,debit,5/18/2019 0:00,id_8,54.37761187,Not_Canceled
TID28554,app,0,group_1,0,58.63772562,0,1,2,2,0,0,1,debit,4/7/2019 0:00,id_51,66.53497897,Not_Canceled
TID05453,whoosh,0,group_1,,23.01266168,0,2,1,,0,0,2,debit,11/11/2018 0:00,id_91,32.49027364,Not_Canceled
TID06458,whoosh,0,group_1,,98.34025364,0,0,1,,0,0,1,debit,1/27/2019 0:00,id_5,49.33182243,Not_Canceled
TID30124,whoosh,0,group_1,,33.21137381,0,2,1,,0,0,1,debit,10/2/2018 0:00,id_38,40.78410636,Not_Canceled
TID23619,website,0,group_4,0,48.75736375,1,2,1,2,0,0,2,debit,3/18/2019 0:00,id_61,65.34709476,Not_Canceled
TID00083,website,0,group_1,0,3.465423543,1,0,1,2,0,0,3,debit,2/7/2019 0:00,id_74,48.68397396,Not_Canceled
TID13873,website,0,group_1,0,93.21588038,1,0,1,2,0,0,4,debit,9/14/2018 0:00,id_89,53.64171518,Not_Canceled
TID24921,app,0,group_1,0,13.24931514,1,0,1,2,0,0,3,debit,1/26/2019 0:00,id_48,52.47221015,Not_Canceled
TID19348,website,,group_1,0,5.988615414,1,2,3,1,0,0,3,debit,3/30/2019 0:00,id_8,61.67514348,Not_Canceled
TID32501,app,0,group_1,0,302.9110363,1,2,1,2,0,0,3,debit,7/27/2019 0:00,id_59,47.74917162,Not_Canceled
TID34675,website,0,group_1,0,163.6708816,3,1,2,2,0,0,0,debit,7/9/2019 0:00,id_71,69.98837128,Not_Canceled
TID16745,website,1,group_1,0,11.10387377,0,0,1,1,0,0,2,debit,8/2/2018 0:00,id_27,57.63826422,Not_Canceled
TID16105,app,0,group_1,0,210.043024,0,1,1,2,0,0,3,debit,9/15/2018 0:00,id_38,44.95815453,Not_Canceled
TID31455,app,0,group_1,0,212.0415933,1,2,1,1,0,0,3,debit,4/27/2019 0:00,id_1,43.48472045,Not_Canceled
TID04336,website,0,group_1,0,134.1092918,1,2,1,2,0,0,3,debit,5/6/2019 0:00,id_3,47.13487919,Not_Canceled
TID16764,whoosh,0,group_1,,4.750797663,0,1,1,,0,0,1,debit,9/24/2018 0:00,id_50,89.65380833,Not_Canceled
TID11675,app,0,group_1,0,43.33726006,0,0,1,2,0,0,3,debit,1/25/2019 0:00,id_10,46.15773551,Not_Canceled
TID01674,website,0,group_1,0,10.25240773,2,1,1,2,0,0,2,debit,8/1/2018 0:00,id_47,54.0306016,Not_Canceled
TID09123,website,0,group_4,0,100.6685771,0,0,1,2,0,0,4,debit,5/2/2019 0:00,id_89,75.46139884,Not_Canceled
TID02989,whoosh,0,group_1,,0.937881992,0,0,1,,0,4,1,debit,2/6/2019 0:00,id_25,40.78410636,Not_Canceled
TID13870,website,0,group_1,0,162.2405919,0,2,1,3,0,0,1,debit,7/22/2019 0:00,id_45,82.31930089,Canceled
TID06636,app,0,group_1,0,257.0921617,0,1,1,2,0,0,2,debit,8/22/2018 0:00,id_96,47.04474191,Not_Canceled
TID34974,website,1,group_4,0,16.5461719,1,1,1,2,0,0,4,debit,5/9/2019 0:00,id_91,81.42030135,Not_Canceled
TID14186,app,0,group_1,0,70.57110606,0,0,1,1,0,0,3,debit,5/22/2019 0:00,id_45,69.24335324,Not_Canceled
TID28364,whoosh,0,group_1,,12.86477764,0,2,1,,0,0,0,debit,1/8/2019 0:00,id_98,48.80522502,Not_Canceled
TID02427,website,0,group_1,0,51.84985374,1,2,1,2,0,0,2,debit,4/22/2019 0:00,id_96,55.2099678,Not_Canceled
TID01108,app,0,group_1,0,74.03573911,0,0,1,2,0,0,2,credit,8/26/2018 0:00,id_95,63.73742421,Not_Canceled
TID05772,website,0,group_1,0,22.65294251,2,1,1,2,0,0,3,debit,12/15/2018 0:00,id_9,52.47221015,Not_Canceled
TID34769,app,0,group_1,0,74.84440289,0,0,1,2,0,0,2,credit,8/26/2018 0:00,id_71,59.93754192,Not_Canceled
TID20256,website,0,group_1,0,100.4821492,1,1,1,2,0,0,3,debit,4/26/2019 0:00,id_36,77.12434065,Not_Canceled
TID09328,app,0,group_1,0,220.4448883,0,2,1,2,0,0,1,debit,9/24/2018 0:00,id_60,40.78410636,Not_Canceled
TID18450,website,0,group_1,0,0.764221797,0,0,1,1,0,0,2,debit,7/19/2018 0:00,id_59,81.0137548,Not_Canceled
TID31459,website,0,group_1,0,1.114026663,2,1,1,2,0,0,2,debit,3/30/2019 0:00,id_21,69.74018045,Not_Canceled
TID27190,website,1,group_1,0,0.77043643,2,0,1,2,0,0,1,debit,8/6/2018 0:00,id_13,62.22215052,Not_Canceled
TID36118,website,0,group_1,0,58.82919322,1,2,2,2,0,0,1,debit,9/17/2018 0:00,id_7,55.45255752,Not_Canceled
TID32230,app,0,group_1,0,71.27000282,0,0,1,1,0,0,3,debit,8/30/2018 0:00,id_29,51.42898852,Not_Canceled
TID32753,website,0,group_1,0,63.11957513,1,2,1,2,0,0,1,debit,4/29/2019 0:00,id_82,58.00204451,Not_Canceled
TID25797,website,0,group_1,0,30.62922201,1,2,1,3,0,0,2,debit,10/1/2018 0:00,id_33,69.45209327,Not_Canceled
TID10649,app,0,group_1,0,6.926110015,0,1,1,2,0,0,2,debit,1/27/2019 0:00,id_13,49.85748475,Not_Canceled
TID31624,app,0,group_1,0,11.71285492,0,1,1,2,0,0,0,debit,9/11/2018 0:00,id_97,44.55711543,Not_Canceled
TID14194,website,0,group_1,0,3.079643627,3,1,1,2,0,0,3,debit,7/25/2018 0:00,id_93,70.23641452,Not_Canceled
TID22898,website,0,group_1,0,1.458311643,1,1,1,2,0,0,1,debit,5/21/2019 0:00,id_71,54.5483914,Not_Canceled
TID35026,website,1,group_4,0,6.117488596,1,0,1,2,0,0,1,debit,7/27/2019 0:00,id_7,85.83192021,Not_Canceled
TID03021,website,0,group_1,0,8.912155264,2,0,1,1,0,0,1,debit,8/18/2018 0:00,id_6,56.61145455,Not_Canceled
TID00129,website,0,group_1,0,149.7529904,2,0,1,2,0,0,3,debit,2/22/2019 0:00,id_5,41.23441614,Not_Canceled
TID17701,website,0,group_1,0,65.26156216,2,2,1,1,0,0,3,debit,9/2/2018 0:00,id_78,74.62762189,Not_Canceled
TID12003,website,0,group_4,0,92.46740271,2,2,1,3,0,0,2,debit,4/22/2019 0:00,id_75,84.12681219,Not_Canceled
TID14750,app,0,group_1,0,163.1458396,0,0,1,1,0,0,2,debit,9/9/2018 0:00,id_11,59.17278266,Not_Canceled
TID04627,website,0,group_6,0,3.007324936,1,0,3,2,0,0,1,debit,8/4/2018 0:00,id_69,85.35218944,Not_Canceled
TID02859,app,0,group_1,0,132.0488931,0,0,1,2,0,0,3,debit,6/21/2019 0:00,id_45,44.69086155,Not_Canceled
TID17288,app,0,group_1,0,84.60033984,0,0,1,2,0,0,3,credit,9/7/2018 0:00,id_34,71.72161267,Not_Canceled
TID14072,website,0,group_1,0,142.8621652,1,2,2,2,0,0,0,debit,6/3/2019 0:00,id_60,68.57168567,Canceled
TID31838,app,0,group_1,0,28.04138929,0,2,1,2,0,0,5,debit,10/10/2018 0:00,id_32,27.59490636,Not_Canceled
TID05300,website,0,group_1,0,67.68069174,0,0,1,1,0,0,2,debit,9/6/2018 0:00,id_51,0,Not_Canceled
TID23646,website,0,group_1,0,14.34207102,1,0,1,1,0,0,3,debit,10/13/2018 0:00,id_94,59.68280455,Not_Canceled
TID08308,website,0,group_1,1,18.99431825,0,2,1,2,1,0,1,debit,11/12/2018 0:00,id_25,42.9468774,Not_Canceled
TID10123,app,0,group_1,0,291.0888103,0,0,1,2,0,0,2,credit,7/27/2019 0:00,id_88,66.75011988,Canceled
TID04777,website,0,group_1,0,55.20998112,1,2,1,2,0,0,2,debit,2/24/2019 0:00,id_93,55.83930225,Not_Canceled
TID13708,website,0,group_4,0,127.8180955,1,2,1,2,0,0,1,debit,6/3/2019 0:00,id_25,64.14047421,Not_Canceled
TID14391,website,0,group_4,0,116.9704477,1,0,1,2,0,0,2,debit,7/6/2019 0:00,id_48,70.88064115,Not_Canceled
TID10499,website,0,group_4,0,28.31462439,2,0,1,2,0,0,1,debit,4/27/2019 0:00,id_81,86.79003251,Not_Canceled
TID31242,app,0,group_1,0,26.92737823,0,0,1,2,0,0,1,debit,5/17/2019 0:00,id_38,69.24335324,Not_Canceled
TID06731,app,0,group_1,0,118.7746556,0,1,1,1,0,0,3,debit,5/14/2019 0:00,id_39,64.24117034,Not_Canceled
TID22502,website,0,group_1,0,43.16984683,3,0,1,2,0,0,3,debit,10/6/2018 0:00,id_43,57.27923139,Not_Canceled
TID33069,website,0,group_1,0,47.31594179,1,2,1,2,0,0,1,debit,2/4/2019 0:00,id_11,52.10747962,Not_Canceled
TID22961,website,0,group_4,0,41.60618164,1,2,1,2,0,0,5,debit,3/30/2019 0:00,id_11,52.51907334,Not_Canceled
TID29085,whoosh,0,group_1,,14.09619048,0,0,1,,0,0,2,debit,6/28/2019 0:00,id_98,61.7156903,Not_Canceled
TID26590,app,0,group_1,0,191.7143429,0,0,1,1,0,0,2,debit,6/1/2019 0:00,id_44,56.61145455,Not_Canceled
TID29024,app,0,group_1,0,281.5378658,0,2,1,2,0,0,1,debit,9/17/2018 0:00,id_65,47.04474191,Not_Canceled
TID11864,whoosh,0,group_1,,16.65356856,1,0,1,,0,0,2,debit,2/22/2019 0:00,id_98,48.80522502,Not_Canceled
TID04091,app,0,group_1,0,112.6735645,0,0,1,2,0,0,2,debit,5/10/2019 0:00,id_39,59.17278266,Not_Canceled
TID18961,website,0,group_1,0,4.875635572,0,0,1,2,0,0,1,credit,4/5/2019 0:00,id_88,74.24945554,Not_Canceled
TID07095,app,0,group_1,0,123.5033022,0,2,1,1,0,0,1,credit,7/16/2018 0:00,id_26,44.82454116,Not_Canceled
TID19263,website,0,group_1,0,15.62585471,1,1,1,1,0,0,1,debit,8/13/2018 0:00,id_91,45.17179877,Not_Canceled
TID19824,app,0,group_1,0,2.898847379,0,2,1,1,0,0,1,credit,6/18/2018 0:00,id_55,44.82454116,Not_Canceled
TID34830,website,1,group_1,0,81.21620551,1,2,2,2,0,0,3,debit,7/21/2019 0:00,id_83,80.5777881,Not_Canceled
TID08925,app,0,group_4,0,56.07898992,1,0,1,2,0,0,3,debit,10/27/2018 0:00,id_46,38.05347992,Not_Canceled
TID27594,telephone,0,group_1,,9.363383412,0,2,1,,1,3,1,debit,9/11/2018 0:00,id_36,5.000256741,Not_Canceled
TID17051,website,0,group_6,0,15.76092204,3,2,3,2,0,0,5,debit,10/3/2018 0:00,id_76,102.587777,Not_Canceled
TID00818,app,0,group_4,0,34.44525773,0,2,1,2,0,0,1,debit,4/15/2019 0:00,id_0,57.27923139,Not_Canceled
TID07474,website,0,group_5,0,3.074973388,0,0,1,2,0,0,1,debit,5/19/2019 0:00,id_35,73.59549531,Not_Canceled
TID29907,website,0,group_1,0,163.6804719,1,2,1,1,0,0,5,debit,3/17/2019 0:00,id_80,45.28923146,Not_Canceled
TID26940,app,0,group_1,0,-0.409303638,0,2,1,1,0,0,0,credit,10/2/2018 0:00,id_79,50.64425306,Not_Canceled
TID16918,website,0,group_2,0,87.31921264,1,2,1,2,0,0,2,debit,5/6/2019 0:00,id_98,65.25170751,Not_Canceled
TID26376,whoosh,0,group_1,,99.24260674,0,0,1,,0,0,1,debit,1/27/2019 0:00,id_28,48.80522502,Not_Canceled
TID04072,website,1,group_1,0,109.0432693,0,3,1,2,0,0,7,debit,4/30/2019 0:00,id_86,78.36272845,Not_Canceled
TID22457,app,0,group_1,0,45.51147888,0,2,1,2,0,0,1,debit,12/24/2018 0:00,id_2,38.05347992,Not_Canceled
TID34928,website,0,group_1,0,33.18634649,1,0,1,2,0,0,5,debit,1/31/2019 0:00,id_70,49.0475768,Not_Canceled
TID24869,app,0,group_1,0,11.30814962,0,2,1,2,0,0,2,debit,11/26/2018 0:00,id_56,36.95220629,Not_Canceled
TID17377,app,0,group_2,0,38.71153651,0,0,1,2,0,0,2,debit,2/9/2019 0:00,id_70,45.14510244,Not_Canceled
TID18569,app,0,group_1,0,221.7100203,0,2,1,2,0,0,1,debit,9/17/2018 0:00,id_41,40.78410636,Not_Canceled
TID28693,whoosh,0,group_1,,1.157662467,0,0,1,,0,1,1,debit,1/21/2019 0:00,id_72,48.27767928,Not_Canceled
TID30067,app,0,group_1,0,272.8708955,0,0,1,1,0,0,2,credit,6/24/2018 0:00,id_21,52.47221015,Not_Canceled
TID29162,website,0,group_2,0,31.27452158,1,1,1,2,0,0,1,debit,2/19/2019 0:00,id_8,49.80496023,Not_Canceled
TID31438,app,,group_1,0,320.6936499,0,0,1,1,0,0,2,credit,7/26/2019 0:00,id_3,54.0306016,Not_Canceled
TID24613,app,0,group_1,0,66.04093681,1,1,1,3,0,0,2,debit,1/16/2019 0:00,id_76,51.42898852,Not_Canceled
TID14910,app,0,group_2,0,3.441407191,1,1,1,2,0,0,1,debit,11/28/2018 0:00,id_91,25.30290948,Not_Canceled
TID18585,app,0,group_1,0,282.3031598,0,2,1,2,0,0,1,debit,9/17/2018 0:00,id_68,47.04474191,Not_Canceled
TID34674,website,0,group_1,0,142.4724819,1,2,1,3,0,0,4,debit,7/5/2019 0:00,id_81,75.59857804,Not_Canceled
TID22186,website,0,group_1,0,93.41167462,1,2,1,2,0,0,3,debit,2/22/2019 0:00,id_76,45.59858458,Not_Canceled
TID33373,app,0,group_1,0,203.8093855,0,2,1,2,0,0,2,debit,9/16/2018 0:00,id_80,44.95815453,Not_Canceled
TID06858,website,1,group_1,0,103.3590189,1,0,1,2,0,0,1,debit,3/16/2019 0:00,id_69,59.1217401,Not_Canceled
TID27882,app,0,group_1,0,83.49983835,0,0,1,2,0,0,1,credit,9/7/2018 0:00,id_20,65.34709476,Not_Canceled
TID31346,website,0,group_1,0,3.846888598,1,1,1,1,0,0,0,debit,8/15/2018 0:00,id_97,75.65735632,Not_Canceled
TID04007,app,0,group_1,0,12.16945206,1,0,1,1,0,0,1,debit,5/16/2019 0:00,id_87,54.0306016,Not_Canceled
TID31200,app,0,group_1,0,2.760172093,1,1,1,2,0,0,2,debit,7/18/2018 0:00,id_29,39.96818981,Not_Canceled
TID34028,app,0,group_1,0,86.4416062,0,0,1,2,0,0,2,credit,9/1/2018 0:00,id_12,69.24335324,Not_Canceled
TID23592,app,0,group_1,0,113.0972198,0,0,1,2,0,0,2,debit,5/10/2019 0:00,id_1,59.17278266,Not_Canceled
TID08182,website,0,group_1,0,0.851451094,2,1,2,2,0,0,1,debit,6/18/2019 0:00,id_12,92.97555515,Not_Canceled
TID19570,app,0,group_1,0,163.0662071,0,0,1,1,0,0,2,debit,9/9/2018 0:00,id_0,59.17278266,Not_Canceled
TID02960,website,0,group_1,0,46.55490444,0,0,1,2,0,0,3,debit,4/5/2019 0:00,id_41,69.24335324,Not_Canceled
TID32728,app,0,group_1,0,42.77243341,0,0,1,2,0,0,3,debit,12/29/2018 0:00,id_99,38.05347992,Not_Canceled
TID31689,website,0,group_1,0,82.99922823,1,0,1,2,0,0,2,debit,3/15/2019 0:00,id_65,57.27923139,Not_Canceled
TID15157,website,1,group_1,0,66.42210376,0,0,1,2,0,0,1,debit,3/9/2019 0:00,id_11,63.78782877,Not_Canceled
TID07090,website,0,group_4,0,34.0774084,1,0,1,2,0,0,5,credit,2/20/2019 0:00,id_50,73.98897124,Not_Canceled
TID23273,website,0,group_1,0,179.6304945,1,2,1,2,0,0,3,debit,7/31/2018 0:00,id_57,46.95457587,Not_Canceled
TID35462,whoosh,1,group_1,,5.146437881,1,0,1,,0,4,3,debit,5/8/2019 0:00,id_89,42.9468774,Not_Canceled
TID01041,website,0,group_1,0,133.2994782,1,2,1,2,0,0,1,debit,5/27/2019 0:00,id_60,69.24335324,Not_Canceled
TID28171,website,0,group_4,0,35.66964163,2,2,1,2,0,0,3,debit,7/27/2019 0:00,id_93,83.62137334,Not_Canceled
TID20921,app,0,group_1,0,180.3580422,0,0,1,2,0,0,1,debit,9/23/2018 0:00,id_45,43.48472045,Canceled
TID33342,app,0,group_1,0,196.1527348,1,1,1,2,0,0,3,debit,4/19/2019 0:00,id_72,49.20026125,Not_Canceled
TID14120,website,1,group_1,0,2.226006562,2,2,1,2,0,0,0,debit,7/17/2018 0:00,id_3,58.66202429,Not_Canceled
TID35864,app,0,group_1,0,117.1767937,0,1,1,1,0,0,2,debit,5/14/2019 0:00,id_78,64.24117034,Not_Canceled
TID25126,website,0,group_1,0,94.20258174,0,2,1,2,0,0,4,debit,7/9/2018 0:00,id_59,46.95457587,Not_Canceled
TID07965,app,0,group_1,0,6.022627718,1,1,1,2,0,0,0,debit,2/25/2019 0:00,id_62,51.42898852,Not_Canceled
TID32014,website,0,group_1,0,62.94684876,2,0,1,2,0,0,1,debit,9/22/2018 0:00,id_77,53.64171518,Not_Canceled
TID00249,whoosh,0,group_1,,47.52037753,0,0,1,,0,0,1,debit,11/23/2018 0:00,id_48,40.78410636,Not_Canceled
TID33140,whoosh,0,group_1,,4.311753732,1,1,1,,0,1,0,debit,9/19/2018 0:00,id_24,40.78410636,Not_Canceled
TID11647,website,0,group_1,0,24.43327883,2,2,1,3,0,0,2,debit,3/3/2019 0:00,id_55,94.39302116,Not_Canceled
TID33377,app,0,group_1,0,59.83045757,1,2,1,2,0,0,0,debit,1/8/2019 0:00,id_19,38.05347992,Not_Canceled
TID20674,app,,group_1,0,54.67048755,0,0,1,2,0,0,1,credit,3/14/2019 0:00,id_64,61.20853328,Not_Canceled
TID03661,whoosh,0,group_1,,-0.095904206,0,0,1,,0,0,1,debit,10/20/2018 0:00,id_83,50.90605539,Not_Canceled
TID18386,whoosh,0,group_1,,16.97933809,1,1,1,,1,8,0,debit,5/28/2019 0:00,id_56,40.78410636,Not_Canceled
TID19953,app,0,group_1,0,140.0408286,0,0,1,2,0,0,5,debit,12/6/2018 0:00,id_78,43.48472045,Not_Canceled
TID16528,website,0,group_1,0,56.97363459,1,0,1,1,0,0,1,debit,2/15/2019 0:00,id_0,35.27887531,Not_Canceled
TID32048,website,,group_4,0,48.61898052,2,2,1,2,0,0,2,debit,1/14/2019 0:00,id_30,51.14148562,Not_Canceled
TID35416,website,,group_1,0,41.4077133,2,2,1,1,0,0,3,debit,9/25/2018 0:00,id_43,61.7156903,Not_Canceled
TID19907,app,0,group_1,0,102.0083533,0,1,1,2,0,0,2,debit,4/23/2019 0:00,id_28,46.15773551,Not_Canceled
TID13539,app,0,group_1,0,59.3399681,1,1,2,2,0,0,3,debit,3/19/2019 0:00,id_1,55.62278054,Not_Canceled
TID03128,app,0,group_1,0,10.67772135,0,2,1,2,0,0,2,debit,10/22/2018 0:00,id_94,28.78956441,Not_Canceled
TID03752,website,0,group_4,0,189.6831755,1,2,1,2,0,0,3,debit,6/24/2019 0:00,id_63,58.89195723,Not_Canceled
TID35917,website,0,group_4,0,59.86436943,0,1,1,3,0,0,3,debit,4/2/2019 0:00,id_6,74.42138934,Not_Canceled
TID09386,app,0,group_1,0,163.3604323,0,0,1,1,0,0,2,debit,9/9/2018 0:00,id_27,59.17278266,Not_Canceled
TID19444,app,0,group_1,0,114.3766328,0,2,1,2,0,0,2,debit,2/4/2019 0:00,id_95,52.47221015,Not_Canceled
TID32552,website,0,group_1,0,145.5978785,1,0,1,2,0,0,2,debit,7/19/2019 0:00,id_70,70.88064115,Not_Canceled
TID17091,app,0,group_1,0,8.147210988,2,0,2,2,0,0,3,credit,8/9/2018 0:00,id_47,76.51367203,Not_Canceled
TID00624,website,0,group_2,0,100.6048653,2,2,1,2,0,0,1,debit,7/28/2019 0:00,id_74,64.15558032,Not_Canceled
TID25304,website,,group_1,0,1.828268908,2,0,2,2,0,0,4,debit,1/11/2019 0:00,id_55,64.74425551,Not_Canceled
TID00324,app,0,group_1,0,247.4517555,0,1,1,1,0,0,1,credit,5/14/2019 0:00,id_94,54.0306016,Not_Canceled
TID05024,website,0,group_1,0,25.22453036,1,2,1,2,0,0,1,debit,9/11/2018 0:00,id_65,49.25289275,Not_Canceled
TID16348,app,,group_1,0,44.35067248,0,0,1,2,0,0,3,debit,1/25/2019 0:00,id_84,46.15773551,Not_Canceled
TID31868,website,1,group_4,0,67.26446312,2,1,1,3,0,0,1,credit,4/7/2019 0:00,id_47,116.4459253,Not_Canceled
TID10692,website,1,group_4,0,22.75854978,2,2,1,3,0,0,1,debit,7/29/2019 0:00,id_33,107.4589423,Not_Canceled
TID29636,website,0,group_2,0,8.380534628,0,2,1,2,0,0,0,debit,12/25/2018 0:00,id_46,47.35215122,Not_Canceled
TID03337,app,0,group_1,0,-0.401019173,0,0,1,2,0,0,2,credit,7/22/2018 0:00,id_96,63.73742421,Not_Canceled
TID33409,app,0,group_1,0,74.54765672,0,0,1,2,0,0,2,credit,8/26/2018 0:00,id_63,63.73742421,Not_Canceled
TID06497,app,0,group_1,0,151.4736121,0,0,1,1,0,0,2,debit,12/27/2018 0:00,id_87,44.02146061,Not_Canceled
TID15146,website,0,group_1,0,77.52155328,1,1,1,1,0,0,5,debit,1/16/2019 0:00,id_65,43.39874014,Not_Canceled
TID35189,app,0,group_1,0,3.475813021,2,2,2,2,0,0,2,debit,11/12/2018 0:00,id_53,49.6473312,Not_Canceled
TID29847,website,0,group_1,0,71.91119626,0,0,1,2,0,0,1,debit,5/17/2019 0:00,id_88,72.65956824,Canceled
TID05747,app,0,group_4,0,45.39983232,0,1,1,2,0,0,3,debit,10/17/2018 0:00,id_10,38.05347992,Not_Canceled
TID19435,website,0,group_1,0,64.22411453,2,0,1,2,0,0,2,debit,10/28/2018 0:00,id_77,48.38326494,Not_Canceled
TID31575,app,0,group_1,0,96.48839426,0,2,1,2,0,0,1,credit,6/18/2018 0:00,id_78,56.35426715,Not_Canceled
TID12213,telephone,0,group_1,,15.63103411,0,0,1,,0,0,2,debit,2/3/2019 0:00,id_37,1.821636322,Not_Canceled
TID03366,website,0,group_1,0,47.70281582,2,2,1,2,0,0,1,debit,6/16/2019 0:00,id_27,67.00013766,Not_Canceled
TID27366,app,0,group_4,0,33.8410957,0,2,1,2,0,0,3,debit,10/9/2018 0:00,id_77,38.05347992,Not_Canceled
TID10161,website,0,group_1,0,9.981558235,1,2,2,2,0,0,1,debit,11/12/2018 0:00,id_72,48.48353578,Not_Canceled
TID34689,website,0,group_4,0,52.10371308,1,2,1,3,0,0,1,debit,2/24/2019 0:00,id_50,74.8730121,Canceled
TID31609,app,0,group_1,0,56.81300101,0,0,1,2,0,0,1,debit,5/16/2019 0:00,id_57,69.24335324,Not_Canceled
TID22509,whoosh,0,group_1,,0.376882848,0,1,1,,0,12,1,debit,2/26/2019 0:00,id_49,40.78410636,Not_Canceled
TID34700,website,0,group_1,0,32.67425938,0,0,1,2,0,0,2,debit,2/22/2019 0:00,id_17,49.80496023,Not_Canceled
TID17500,website,0,group_1,0,19.59833107,0,1,1,2,0,0,2,debit,4/9/2019 0:00,id_22,74.18557739,Not_Canceled
TID06785,whoosh,0,group_1,,1.690387258,0,0,1,,0,4,1,debit,12/13/2018 0:00,id_14,46.68921428,Not_Canceled
TID22603,app,0,group_1,0,72.16965009,0,0,1,2,0,0,3,debit,6/21/2019 0:00,id_22,51.42898852,Not_Canceled
TID29978,app,0,group_2,0,69.31549692,0,0,1,2,0,0,2,debit,5/11/2019 0:00,id_83,59.17278266,Not_Canceled
TID04759,website,0,group_1,0,66.36442933,0,2,1,2,0,0,0,debit,2/18/2019 0:00,id_7,47.90782574,Not_Canceled
TID32924,app,0,group_1,0,38.81752918,0,1,1,2,0,0,2,debit,2/19/2019 0:00,id_68,51.42898852,Not_Canceled
TID26008,website,0,group_1,0,3.676273335,1,0,1,1,0,0,1,debit,4/18/2019 0:00,id_10,77.61229089,Not_Canceled
TID01178,telephone,0,group_1,,2.929266089,1,1,1,,0,0,0,debit,7/10/2018 0:00,id_60,0,Not_Canceled
TID13434,app,0,group_1,0,38.73044028,0,0,1,2,0,0,2,credit,7/22/2018 0:00,id_27,63.73742421,Not_Canceled
TID17144,app,0,group_1,0,273.6799498,0,0,1,1,0,0,2,credit,6/24/2018 0:00,id_63,52.47221015,Not_Canceled
TID18736,app,0,group_1,0,78.84126889,0,0,1,2,0,0,2,debit,10/21/2018 0:00,id_25,46.15773551,Not_Canceled
TID13851,app,0,group_5,0,11.61439766,0,0,1,1,0,0,3,debit,12/6/2018 0:00,id_77,87.58869372,Not_Canceled
TID02948,website,0,group_1,0,13.04063908,2,1,1,2,0,0,1,debit,5/7/2019 0:00,id_20,69.41731058,Not_Canceled
TID14743,website,0,group_4,0,10.55423604,0,0,1,1,0,0,2,debit,1/27/2019 0:00,id_73,65.24668649,Not_Canceled
TID06508,app,0,group_1,0,71.89986627,0,0,1,2,0,0,1,credit,8/26/2018 0:00,id_43,63.23301024,Not_Canceled
TID04001,app,0,group_1,0,13.61722396,1,2,1,2,0,0,0,debit,10/30/2018 0:00,id_74,54.3413744,Not_Canceled
TID19839,app,0,group_1,0,38.33821991,0,0,1,2,0,0,2,credit,7/22/2018 0:00,id_14,59.93754192,Not_Canceled
TID19374,app,0,group_1,0,218.2892348,0,1,1,1,0,0,2,debit,8/12/2018 0:00,id_44,47.04474191,Not_Canceled
TID33875,website,0,group_4,0,35.64809709,2,0,1,3,0,0,2,debit,6/21/2019 0:00,id_54,92.64429056,Not_Canceled
TID04217,app,0,group_6,0,3.676385348,1,1,2,2,0,0,2,debit,8/22/2018 0:00,id_11,112.6687843,Not_Canceled
TID12840,website,1,group_1,0,4.908600097,1,0,1,2,0,0,3,debit,10/18/2018 0:00,id_96,61.20853328,Not_Canceled
TID05129,app,0,group_1,0,29.04644955,0,0,1,2,0,0,2,credit,9/7/2018 0:00,id_86,69.74018045,Not_Canceled
TID09091,website,0,group_1,0,107.6305513,0,2,1,2,0,0,3,debit,4/14/2019 0:00,id_94,45.91291364,Not_Canceled
TID16806,website,0,group_1,0,205.046427,0,1,1,2,0,0,2,debit,9/9/2018 0:00,id_33,37.54205287,Canceled
TID20035,app,0,group_1,0,16.45423282,0,0,1,2,0,0,2,debit,9/23/2018 0:00,id_6,31.35934249,Not_Canceled
TID21833,app,0,group_4,0,108.6402728,1,2,1,2,0,0,3,debit,4/15/2019 0:00,id_65,54.52769561,Not_Canceled
TID31746,website,0,group_6,0,21.29867835,1,2,3,2,0,0,2,debit,12/4/2018 0:00,id_11,101.4280422,Not_Canceled
TID09859,website,0,group_1,0,140.1300506,1,0,1,2,0,0,2,debit,6/8/2019 0:00,id_63,57.27923139,Not_Canceled
TID35465,website,0,group_4,0,51.74467596,2,1,1,2,0,0,2,debit,5/4/2019 0:00,id_47,63.28852869,Not_Canceled
TID34691,website,0,group_4,0,46.81327339,2,2,1,3,0,0,2,debit,3/18/2019 0:00,id_47,74.21014701,Not_Canceled
TID35691,whoosh,0,group_1,,-0.010955618,0,1,1,,0,0,2,debit,8/15/2018 0:00,id_97,40.78410636,Not_Canceled
TID26099,app,0,group_1,0,192.3904522,0,0,1,1,0,0,2,debit,6/1/2019 0:00,id_73,56.61145455,Not_Canceled
TID28663,website,0,group_1,0,214.4530451,1,2,1,1,0,0,7,debit,7/6/2019 0:00,id_18,54.52252146,Not_Canceled
TID32526,website,0,group_1,0,256.4123091,1,0,1,2,0,0,2,credit,5/23/2019 0:00,id_56,66.75011988,Canceled
TID18131,app,0,group_1,0,62.87506827,0,0,1,2,0,0,2,credit,8/12/2018 0:00,id_67,67.24999912,Not_Canceled
TID30675,whoosh,0,group_1,,15.14258119,0,0,1,,0,0,1,debit,1/27/2019 0:00,id_65,49.33182243,Not_Canceled
TID12308,app,0,group_1,1,19.22008644,0,0,1,2,1,0,3,debit,9/13/2018 0:00,id_84,54.0306016,Not_Canceled
TID02713,website,,group_4,0,25.98505738,1,1,1,2,0,0,3,debit,4/26/2019 0:00,id_27,84.3913619,Not_Canceled
TID18460,website,0,group_1,0,37.80426108,2,2,1,2,0,0,2,credit,6/3/2019 0:00,id_3,80.5777881,Not_Canceled
TID04633,website,0,group_1,0,29.24751875,0,1,1,1,0,0,3,debit,3/26/2019 0:00,id_70,57.80739281,Not_Canceled
TID30364,website,0,group_1,0,111.1141988,2,1,1,2,0,0,2,debit,6/25/2019 0:00,id_57,61.86770119,Not_Canceled
TID13717,app,0,group_1,0,155.7300179,1,2,2,2,0,0,5,debit,6/18/2019 0:00,id_77,56.56517525,Not_Canceled
TID00496,website,0,group_5,0,71.21873611,1,0,1,3,0,0,2,debit,11/11/2018 0:00,id_90,71.44477048,Not_Canceled
TID05709,website,0,group_1,1,5.909515136,0,0,1,1,1,0,2,debit,11/17/2018 0:00,id_92,0,Not_Canceled
TID02704,website,0,group_1,0,1.23372504,2,0,1,1,0,0,1,debit,6/5/2019 0:00,id_83,75.65735632,Not_Canceled
TID20887,app,0,group_1,0,126.9447553,0,1,1,2,0,0,3,debit,4/5/2019 0:00,id_91,54.0306016,Not_Canceled
TID10285,website,0,group_1,0,4.066683023,2,0,1,2,0,0,2,debit,2/27/2019 0:00,id_74,62.7279214,Not_Canceled
TID26979,website,0,group_1,0,36.00496082,1,2,1,2,0,0,0,debit,7/22/2019 0:00,id_35,77.07551714,Not_Canceled
TID12821,website,0,group_4,0,53.71525749,2,1,1,3,0,0,1,debit,6/25/2019 0:00,id_37,77.95354936,Not_Canceled
TID05179,website,0,group_4,0,145.8969511,2,0,1,2,0,0,1,debit,6/15/2019 0:00,id_84,73.10315287,Not_Canceled
TID21522,website,0,group_1,0,1.049602431,0,2,1,2,0,0,1,debit,12/10/2018 0:00,id_78,44.47148288,Not_Canceled
TID15523,app,0,group_1,0,83.79621285,0,0,1,2,0,0,1,credit,9/7/2018 0:00,id_28,65.34709476,Not_Canceled
TID23168,app,0,group_1,0,134.0659141,0,2,1,2,0,0,2,debit,11/11/2018 0:00,id_32,40.78410636,Not_Canceled
TID06352,website,0,group_1,0,121.5886172,0,0,1,2,0,0,4,debit,4/10/2019 0:00,id_19,58.89195723,Not_Canceled
TID13025,app,0,group_1,0,7.911307469,0,0,1,1,0,0,3,debit,2/6/2019 0:00,id_67,35.84547761,Not_Canceled
TID29492,website,0,group_1,0,-0.620346641,0,2,1,2,0,0,0,debit,7/31/2018 0:00,id_21,58.15052102,Not_Canceled
TID30999,website,0,group_1,0,55.36204923,0,1,1,2,0,0,3,debit,2/26/2019 0:00,id_28,46.05131783,Not_Canceled
TID15760,website,0,group_4,0,-0.682545676,0,0,1,2,0,0,0,credit,9/22/2018 0:00,id_13,0,Not_Canceled
TID23114,app,0,group_1,0,115.9247024,0,2,1,1,0,0,1,debit,2/5/2019 0:00,id_50,46.68921428,Not_Canceled
TID35625,app,0,group_4,0,46.07120688,0,0,1,2,0,0,2,debit,10/11/2018 0:00,id_51,38.05347992,Not_Canceled
TID27399,website,0,group_1,0,6.457253996,0,0,1,1,0,0,2,credit,11/17/2018 0:00,id_91,0,Not_Canceled
TID26888,website,0,group_1,0,46.49092362,0,0,1,1,0,0,1,debit,3/20/2019 0:00,id_57,59.1217401,Canceled
TID07468,app,0,group_1,0,5.927109364,0,0,1,3,0,0,2,debit,11/10/2018 0:00,id_58,47.21968807,Not_Canceled
TID10588,app,0,group_4,0,11.79292391,0,0,1,2,0,0,3,debit,9/13/2018 0:00,id_55,46.15773551,Not_Canceled
TID00184,website,1,group_1,0,17.44576013,1,0,1,2,0,0,1,debit,2/21/2019 0:00,id_47,63.73742421,Not_Canceled
TID28977,website,0,group_1,0,64.71216272,2,2,2,2,0,0,4,debit,3/31/2019 0:00,id_35,66.76512537,Not_Canceled
TID12758,app,0,group_1,0,79.94429345,0,2,1,2,0,0,2,debit,6/22/2019 0:00,id_79,44.69086155,Not_Canceled
TID30405,app,0,group_1,0,145.588616,0,2,1,2,0,0,1,debit,12/11/2018 0:00,id_4,40.78410636,Not_Canceled
TID16815,whoosh,0,group_1,,5.334844046,0,1,1,,0,2,0,debit,10/31/2018 0:00,id_21,40.78410636,Not_Canceled
TID16270,app,0,group_1,0,86.56471262,1,2,2,2,0,0,1,credit,1/22/2019 0:00,id_87,68.14323309,Not_Canceled
TID28806,app,0,group_1,0,54.74403836,0,0,1,2,0,0,1,credit,3/14/2019 0:00,id_26,61.20853328,Not_Canceled
TID33205,app,0,group_1,0,186.6239056,0,1,1,2,0,0,2,debit,3/30/2019 0:00,id_72,48.80522502,Not_Canceled
TID15577,website,0,group_1,0,21.30729575,0,0,1,1,0,0,1,debit,1/19/2019 0:00,id_26,51.42898852,Canceled
TID09326,website,1,group_4,0,4.328165359,1,0,1,2,0,0,1,debit,1/21/2019 0:00,id_74,66.75011988,Not_Canceled
TID20719,website,1,group_4,0,1.276144265,0,0,1,2,0,0,1,debit,4/13/2019 0:00,id_29,92.02855445,Not_Canceled
TID07338,website,0,group_4,0,54.05610683,1,1,1,2,0,0,4,debit,12/7/2018 0:00,id_80,68.34755155,Not_Canceled
TID31330,app,0,group_1,0,86.1764083,0,0,1,1,0,0,2,debit,9/1/2018 0:00,id_69,52.73247301,Not_Canceled
TID23637,website,0,group_1,0,5.633091637,0,1,1,1,0,0,2,debit,1/30/2019 0:00,id_90,55.58152236,Not_Canceled
TID17584,telephone,1,group_4,,-78,2,0,1,,0,12,3,debit,12/13/2018 0:00,id_87,0,Not_Canceled
TID06634,app,0,group_1,0,29.96003037,0,0,1,2,0,0,2,credit,9/7/2018 0:00,id_30,69.74018045,Not_Canceled
TID13541,website,0,group_1,1,4.196608188,1,0,1,1,11,5,1,debit,12/23/2018 0:00,id_92,45.57192999,Not_Canceled
TID07563,website,0,group_1,0,28.09215742,0,0,1,1,0,0,3,debit,9/22/2018 0:00,id_20,50.19866994,Not_Canceled
TID28439,website,1,group_6,0,88.33603577,1,1,3,2,0,0,0,debit,7/15/2019 0:00,id_55,106.9508871,Not_Canceled
TID10445,website,0,group_1,0,117.7115725,1,2,2,2,0,0,1,debit,7/22/2019 0:00,id_46,78.82992248,Not_Canceled
TID22387,app,0,group_1,0,58.23088713,0,0,1,1,0,0,2,debit,1/4/2019 0:00,id_80,49.33182243,Not_Canceled
TID24587,website,0,group_1,0,21.64309509,0,2,1,2,0,0,3,debit,8/12/2018 0:00,id_69,46.47674421,Not_Canceled
TID26016,website,,group_6,0,128.6727015,2,2,3,2,0,0,4,debit,6/8/2019 0:00,id_4,90.22470387,Not_Canceled
TID10873,website,0,group_1,0,27.24337913,1,0,1,2,0,0,2,debit,6/15/2019 0:00,id_75,84.3913619,Not_Canceled
TID21568,website,0,group_4,0,69.93858715,2,0,1,3,0,0,3,debit,7/4/2019 0:00,id_4,77.95354936,Not_Canceled
TID33978,website,0,group_6,0,112.3258904,1,0,3,2,0,0,2,debit,7/19/2019 0:00,id_16,101.1016102,Not_Canceled
TID34080,website,0,group_4,0,0.393238199,0,2,1,2,0,0,3,debit,12/16/2018 0:00,id_85,37.91611191,Not_Canceled
TID22053,app,0,group_1,0,82.25825422,0,2,1,2,0,0,1,debit,4/8/2019 0:00,id_36,46.15773551,Not_Canceled
TID29181,website,,group_1,0,55.2241441,2,2,2,2,0,0,3,debit,4/1/2019 0:00,id_25,66.79513465,Not_Canceled
TID01040,app,0,group_1,0,33.40463086,0,0,1,1,0,0,1,debit,3/20/2019 0:00,id_63,59.1217401,Not_Canceled
TID26310,app,0,group_1,0,12.36925413,2,2,1,2,0,0,0,debit,5/27/2019 0:00,id_42,56.61145455,Not_Canceled
TID15058,website,0,group_1,0,32.65143381,1,1,1,2,0,0,3,debit,1/16/2019 0:00,id_1,48.96330321,Not_Canceled
TID11432,website,0,group_4,0,8.020646629,0,1,1,2,0,0,3,debit,11/10/2018 0:00,id_75,37.17840499,Not_Canceled
TID21931,website,0,group_1,0,33.63325651,0,0,1,2,0,0,4,debit,12/20/2018 0:00,id_3,35.61790479,Not_Canceled
TID25088,whoosh,0,group_1,,67.86274808,1,0,1,,0,0,1,debit,11/9/2018 0:00,id_2,40.78410636,Not_Canceled
TID06554,website,0,group_1,0,94.05904303,1,0,1,2,0,0,2,debit,11/10/2018 0:00,id_23,44.69086155,Not_Canceled
TID07048,app,0,group_4,0,19.58901302,0,1,1,2,0,0,3,debit,9/19/2018 0:00,id_20,46.15773551,Not_Canceled
TID06862,app,0,group_1,0,78.05005104,0,1,1,2,0,0,3,debit,4/26/2019 0:00,id_97,64.24117034,Not_Canceled
TID22385,app,0,group_1,0,85.70795323,0,0,1,2,0,0,2,debit,9/1/2018 0:00,id_13,61.7156903,Not_Canceled
TID32273,app,0,group_1,0,272.2420656,0,0,1,1,0,0,2,credit,6/24/2018 0:00,id_0,52.47221015,Not_Canceled
TID15966,app,0,group_1,0,37.61118455,0,2,1,1,0,0,1,debit,5/27/2019 0:00,id_34,49.33182243,Not_Canceled
TID06098,website,0,group_1,0,8.148619064,2,1,1,2,0,0,3,debit,5/28/2019 0:00,id_72,73.44785081,Not_Canceled
TID11174,website,0,group_1,0,47.49205093,3,2,2,2,0,0,1,debit,6/16/2019 0:00,id_96,75.02018138,Not_Canceled
TID10400,website,0,group_1,0,77.51473099,1,1,1,2,0,0,1,debit,3/10/2019 0:00,id_71,52.62839365,Not_Canceled
TID35696,website,0,group_1,0,-0.495233014,0,1,1,2,0,0,3,debit,8/15/2018 0:00,id_49,67.15007325,Not_Canceled
TID09574,website,0,group_1,0,34.21732484,0,0,1,2,0,0,2,debit,9/23/2018 0:00,id_94,61.63966135,Not_Canceled
TID26909,app,0,group_1,0,13.65426261,0,0,1,2,0,0,1,debit,5/4/2019 0:00,id_49,45.09170191,Not_Canceled
TID10283,website,0,group_1,0,179.186839,0,0,1,2,0,0,1,debit,9/23/2018 0:00,id_58,43.48472045,Canceled
TID07426,whoosh,0,group_1,,1.793913091,1,0,1,,0,2,2,debit,3/21/2019 0:00,id_58,53.51198188,Not_Canceled
TID13093,website,0,group_1,0,37.68090178,1,0,1,2,0,0,3,debit,9/13/2018 0:00,id_58,56.35426715,Not_Canceled
TID22084,website,0,group_1,0,56.71376314,0,1,2,2,0,0,3,debit,7/23/2019 0:00,id_64,84.92004351,Not_Canceled
TID24246,app,0,group_1,0,114.2172291,0,2,1,1,0,0,3,debit,2/4/2019 0:00,id_98,46.68921428,Not_Canceled
TID33734,app,0,group_1,0,7.39128944,0,0,1,1,0,0,2,debit,2/7/2019 0:00,id_81,40.78410636,Not_Canceled
TID34023,app,0,group_1,0,115.5179763,0,2,1,1,0,0,2,debit,2/4/2019 0:00,id_97,46.68921428,Not_Canceled
TID01617,app,0,group_1,0,158.681531,1,1,1,2,0,0,1,debit,3/17/2019 0:00,id_78,43.48472045,Not_Canceled
TID35114,website,,group_1,0,97.82995774,3,2,1,2,0,0,3,debit,5/13/2019 0:00,id_76,54.53286968,Not_Canceled
TID31364,app,0,group_1,0,138.4883255,0,2,1,2,0,0,1,credit,7/30/2018 0:00,id_34,56.35426715,Not_Canceled
TID18532,app,0,group_1,0,159.5354583,1,0,1,3,0,0,1,debit,6/12/2019 0:00,id_61,57.58699676,Not_Canceled
TID20742,website,0,group_4,0,92.63285781,0,2,1,3,0,0,2,debit,6/24/2019 0:00,id_18,77.95354936,Not_Canceled
TID21677,app,0,group_1,0,163.7316748,0,0,1,1,0,0,2,debit,9/9/2018 0:00,id_1,59.17278266,Not_Canceled
TID05507,website,,group_2,0,8.89430378,1,0,1,2,0,0,2,debit,1/6/2019 0:00,id_40,47.88138947,Not_Canceled
TID00924,app,0,group_1,0,127.7079458,1,2,1,2,0,0,5,debit,1/13/2019 0:00,id_94,28.74929968,Not_Canceled
TID21893,app,0,group_1,0,26.80027549,3,2,2,2,0,0,1,credit,12/4/2018 0:00,id_18,61.46219936,Not_Canceled
TID07358,app,0,group_1,0,4.403397229,0,0,1,1,0,0,3,debit,11/8/2018 0:00,id_99,40.67547492,Not_Canceled
TID16790,website,0,group_1,0,28.79838562,2,0,1,2,0,0,4,debit,9/20/2018 0:00,id_42,58.65180156,Not_Canceled
TID04099,app,0,group_1,0,71.30788582,0,0,1,1,0,0,3,debit,5/22/2019 0:00,id_14,69.24335324,Not_Canceled
TID00749,website,0,group_2,0,121.5905317,2,1,1,2,0,0,3,debit,1/23/2019 0:00,id_56,37.45394951,Not_Canceled
TID07788,app,0,group_1,0,4.69285533,0,0,1,1,0,0,2,debit,8/23/2018 0:00,id_74,66.75011988,Not_Canceled
TID06010,website,0,group_1,0,52.81770262,3,1,1,2,0,0,2,debit,9/30/2018 0:00,id_29,56.35426715,Not_Canceled
TID14941,website,0,group_6,0,82.28762212,0,1,3,2,0,0,2,debit,3/2/2019 0:00,id_25,92.64429056,Canceled
TID22465,website,1,group_1,0,4.355295095,1,0,1,2,0,0,2,debit,8/12/2018 0:00,id_79,71.22712526,Not_Canceled
TID19464,app,0,group_1,0,14.36667296,0,0,1,1,0,0,2,debit,9/22/2018 0:00,id_15,59.17278266,Not_Canceled
TID20161,website,1,group_1,0,95.09252533,1,1,1,2,0,0,2,debit,7/13/2019 0:00,id_62,72.65956824,Not_Canceled
TID14329,website,0,group_4,0,138.6146078,1,2,1,3,0,0,4,debit,7/27/2019 0:00,id_75,78.68397447,Not_Canceled
TID04013,website,0,group_1,0,66.1816631,2,0,1,2,0,0,1,debit,3/31/2019 0:00,id_79,61.86770119,Not_Canceled
TID22056,app,0,group_1,0,119.03858,0,0,1,2,0,0,4,debit,7/10/2019 0:00,id_20,44.69086155,Not_Canceled
TID01352,telephone,0,group_1,,0.459571093,0,1,1,,0,0,0,debit,7/11/2018 0:00,id_38,0,Not_Canceled
TID19638,website,0,group_1,0,35.37626459,1,2,1,2,0,0,3,debit,2/8/2019 0:00,id_67,50.85371292,Not_Canceled
TID05641,app,0,group_1,0,159.2184488,1,1,1,2,0,0,1,debit,3/17/2019 0:00,id_15,43.48472045,Not_Canceled
TID34748,website,0,group_1,0,1.018502861,1,2,1,1,0,0,1,debit,3/17/2019 0:00,id_27,66.75011988,Not_Canceled
TID08414,whoosh,0,group_1,,4.528189015,0,2,1,,1,0,0,debit,8/28/2018 0:00,id_95,59.17278266,Not_Canceled
TID30552,website,0,group_1,0,1.41277869,0,0,1,1,0,0,1,debit,1/25/2019 0:00,id_94,51.95103622,Not_Canceled
TID06572,app,0,group_4,0,171.4192881,1,0,1,3,0,0,4,debit,7/18/2019 0:00,id_38,66.45489677,Canceled
TID01921,app,0,group_1,0,39.27777276,0,0,1,2,0,0,2,credit,7/22/2018 0:00,id_68,59.93754192,Not_Canceled
TID04293,website,0,group_1,0,34.4856831,1,0,1,1,0,0,2,debit,9/14/2018 0:00,id_34,41.23441614,Not_Canceled
TID29178,website,0,group_1,0,27.14872231,2,0,1,2,0,0,2,debit,8/26/2018 0:00,id_36,71.22712526,Not_Canceled
TID16409,app,0,group_1,0,101.7126881,0,0,1,1,0,0,2,credit,9/23/2018 0:00,id_44,52.47221015,Not_Canceled
TID25717,whoosh,0,group_1,,-0.243438304,1,0,1,,2,24,1,debit,2/14/2019 0:00,id_33,40.78410636,Not_Canceled
TID04883,app,0,group_1,1,2.727584204,0,1,1,1,0,1,3,debit,1/16/2019 0:00,id_24,42.9468774,Not_Canceled
TID03524,website,0,group_4,0,14.21438489,1,2,1,2,0,0,2,debit,5/27/2019 0:00,id_88,86.79003251,Not_Canceled
TID01038,website,0,group_1,0,0.048434793,0,0,1,2,0,0,1,debit,3/30/2019 0:00,id_9,64.17572087,Not_Canceled
TID14907,app,0,group_1,0,25.76931978,0,0,1,2,0,0,1,debit,5/16/2019 0:00,id_12,69.24335324,Not_Canceled
TID35758,website,0,group_1,0,7.778945981,2,0,1,2,0,0,1,debit,8/17/2018 0:00,id_68,61.7156903,Not_Canceled
TID07124,website,0,group_1,0,22.92855113,1,0,1,1,0,0,1,debit,9/13/2018 0:00,id_73,59.68280455,Not_Canceled
TID01626,app,0,group_4,0,3.191753692,0,2,1,2,0,0,0,debit,11/13/2018 0:00,id_34,47.85495077,Not_Canceled
TID05740,website,0,group_4,0,77.01738127,0,2,1,2,0,0,2,debit,4/7/2019 0:00,id_41,75.46139884,Not_Canceled
TID06182,telephone,0,group_1,,-0.129481697,0,0,1,,0,1,2,debit,7/28/2018 0:00,id_36,0,Not_Canceled
TID17443,website,0,group_2,0,46.56875335,1,0,1,2,0,0,2,debit,10/13/2018 0:00,id_96,61.96900704,Not_Canceled
TID06819,website,0,group_1,0,111.3961668,1,1,1,2,0,0,2,debit,7/25/2018 0:00,id_31,46.95457587,Not_Canceled
TID11471,telephone,0,group_2,,-25,0,1,1,,0,0,2,debit,7/22/2018 0:00,id_12,0,Not_Canceled
TID15156,website,0,group_6,0,21.07222927,0,0,1,2,0,0,3,debit,8/24/2018 0:00,id_1,89.33479205,Not_Canceled
TID22231,website,0,group_1,0,184.4389815,2,2,1,2,0,0,1,debit,3/4/2019 0:00,id_50,51.42898852,Not_Canceled
TID29756,telephone,0,group_1,,0.829486313,1,0,1,,0,4,1,debit,8/26/2018 0:00,id_36,0,Not_Canceled
TID23235,website,0,group_1,0,27.19574108,1,1,1,2,0,0,1,debit,3/24/2019 0:00,id_13,66.24961223,Not_Canceled
TID05251,website,0,group_6,0,29.71252455,1,2,1,2,0,0,4,debit,4/28/2019 0:00,id_1,77.47571692,Not_Canceled
TID28938,website,0,group_4,0,66.07488833,1,2,1,2,0,0,1,debit,4/21/2019 0:00,id_89,63.28852869,Not_Canceled
TID35337,app,0,group_1,0,39.31694907,0,0,1,2,0,0,2,credit,7/22/2018 0:00,id_45,59.93754192,Not_Canceled
TID30974,website,0,group_6,0,124.9840633,2,1,3,2,0,0,1,debit,7/28/2019 0:00,id_93,96.88851087,Not_Canceled
TID27323,app,0,group_1,0,255.7121514,0,1,1,2,0,0,2,debit,8/22/2018 0:00,id_93,47.04474191,Not_Canceled
TID12361,website,1,group_4,0,15.20852636,2,2,2,2,0,0,1,debit,5/27/2019 0:00,id_97,92.50225896,Not_Canceled
TID31375,website,0,group_1,0,88.05307538,1,1,1,2,0,0,2,debit,3/12/2019 0:00,id_37,54.1860252,Not_Canceled
TID04646,website,0,group_1,0,-0.15357884,0,0,1,2,0,0,1,debit,3/31/2019 0:00,id_73,54.43454832,Not_Canceled
TID35511,website,0,group_1,0,215.4157365,1,1,1,2,0,0,3,debit,4/9/2019 0:00,id_41,43.15138882,Not_Canceled
TID01777,website,0,group_1,0,2.266041513,2,0,1,2,0,0,2,debit,3/28/2019 0:00,id_69,72.70887783,Not_Canceled
TID09452,app,,group_1,0,14.59961213,0,0,1,1,0,0,3,debit,1/26/2019 0:00,id_42,51.95103622,Not_Canceled
TID20244,website,0,group_4,0,16.69191714,1,0,1,3,0,0,3,debit,7/5/2019 0:00,id_31,95.18052252,Not_Canceled
TID21244,app,0,group_1,0,120.989481,1,0,1,3,0,0,4,debit,6/13/2019 0:00,id_25,57.58699676,Not_Canceled
TID00232,app,0,group_1,0,25.8075601,0,2,1,2,0,0,1,debit,2/5/2019 0:00,id_62,52.47221015,Not_Canceled
TID29919,app,0,group_1,0,13.41645798,0,2,1,1,0,0,5,debit,11/10/2018 0:00,id_34,35.28999954,Not_Canceled
TID06393,website,0,group_4,0,143.8689319,0,1,1,2,0,0,4,debit,5/2/2019 0:00,id_2,55.34934957,Not_Canceled
TID28269,website,0,group_1,0,142.4079295,0,0,1,2,0,0,0,debit,4/1/2019 0:00,id_25,0,Not_Canceled
TID07995,website,0,group_1,0,13.98212863,1,0,1,1,0,0,3,debit,8/23/2018 0:00,id_80,66.24961223,Not_Canceled
TID28433,website,0,group_1,0,73.24439287,1,0,1,2,0,0,1,debit,3/13/2019 0:00,id_78,52.62839365,Not_Canceled
TID10738,app,0,group_1,0,159.7304001,1,0,1,2,0,0,3,debit,7/10/2019 0:00,id_24,50.08848327,Not_Canceled
TID24465,website,0,group_4,0,68.44134126,2,2,1,3,0,0,0,debit,4/1/2019 0:00,id_31,75.75530308,Not_Canceled
TID05547,whoosh,0,group_1,,85.3344366,0,0,1,,0,0,2,debit,8/17/2018 0:00,id_90,56.61145455,Not_Canceled
TID13827,website,0,group_1,0,1.420498911,0,0,1,1,0,0,2,debit,1/4/2019 0:00,id_74,44.39653192,Not_Canceled
TID24521,app,0,group_1,0,63.64558518,0,0,1,2,0,0,2,credit,8/12/2018 0:00,id_17,67.24999912,Not_Canceled
TID35886,app,0,group_1,0,36.52451889,0,0,1,1,0,0,2,debit,12/27/2018 0:00,id_59,44.02146061,Not_Canceled
TID35184,whoosh,,group_1,,7.984889334,0,0,1,,0,0,2,debit,11/16/2018 0:00,id_71,48.27767928,Not_Canceled
TID02893,website,0,group_1,0,129.8633654,2,1,1,3,0,0,5,debit,6/5/2019 0:00,id_29,71.97358083,Not_Canceled
TID30028,website,0,group_1,0,42.94664254,1,2,1,2,0,0,0,debit,7/15/2019 0:00,id_71,77.07551714,Not_Canceled
TID33494,whoosh,0,group_1,,16.01681034,0,0,1,,0,0,1,debit,2/16/2019 0:00,id_34,46.15773551,Not_Canceled
TID35376,website,0,group_1,0,161.3156292,0,1,1,2,0,0,2,debit,7/30/2019 0:00,id_25,66.49994499,Canceled
TID05143,app,0,group_1,0,86.70801456,0,2,1,2,0,0,2,debit,5/19/2019 0:00,id_36,56.61145455,Not_Canceled
TID26329,app,,group_1,0,38.93603127,0,0,1,2,0,0,2,credit,7/22/2018 0:00,id_49,63.73742421,Not_Canceled
TID28429,website,0,group_1,0,0.050723476,0,0,1,2,0,0,1,debit,5/16/2019 0:00,id_30,45.12908338,Not_Canceled
TID02304,website,0,group_1,0,96.50260976,1,2,1,2,0,0,2,debit,3/25/2019 0:00,id_5,51.20946513,Not_Canceled
TID29546,app,0,group_1,0,111.8669622,0,0,1,2,0,0,2,debit,5/10/2019 0:00,id_54,59.17278266,Not_Canceled
TID35431,whoosh,0,group_1,,2.328570815,0,1,1,,0,0,4,debit,7/25/2018 0:00,id_69,68.74592727,Canceled
TID09169,website,0,group_1,0,0.596905245,0,1,1,1,0,0,1,debit,3/31/2019 0:00,id_68,66.24961223,Not_Canceled
TID00635,website,0,group_1,0,10.17159405,0,1,1,2,0,0,1,debit,11/12/2018 0:00,id_95,49.20026125,Not_Canceled
TID04823,app,0,group_1,0,60.05625713,0,1,1,2,0,0,1,debit,8/29/2018 0:00,id_61,40.78410636,Not_Canceled
TID24774,app,0,group_1,0,15.07518154,2,0,1,2,0,0,2,debit,6/15/2019 0:00,id_33,68.32264016,Not_Canceled
TID12337,website,0,group_1,0,54.44354591,0,0,1,2,0,0,4,debit,3/6/2019 0:00,id_21,51.87278505,Not_Canceled
TID18019,website,0,group_1,0,40.25872916,1,2,1,2,0,0,2,debit,4/20/2019 0:00,id_9,72.65956824,Not_Canceled
TID19982,website,0,group_1,0,1.657769887,0,1,1,1,0,0,2,debit,10/21/2018 0:00,id_99,54.5483914,Not_Canceled
TID07058,whoosh,0,group_1,,5.820999318,0,1,1,,0,1,0,debit,9/19/2018 0:00,id_49,40.78410636,Not_Canceled
TID10291,app,0,group_1,0,2.163481298,0,0,1,1,0,0,1,debit,11/18/2018 0:00,id_95,46.15773551,Not_Canceled
TID13821,app,0,group_1,0,54.27888554,1,0,1,3,0,0,3,debit,3/13/2019 0:00,id_84,61.7156903,Not_Canceled
TID16945,app,0,group_4,0,27.76447361,1,1,1,2,0,0,4,debit,8/29/2018 0:00,id_42,42.4079134,Not_Canceled
TID16000,app,0,group_4,0,51.60972197,1,0,1,2,0,0,3,debit,10/27/2018 0:00,id_73,38.05347992,Not_Canceled
TID07666,app,0,group_1,0,73.50853316,0,0,1,1,0,0,2,credit,8/26/2018 0:00,id_2,52.47221015,Not_Canceled
TID33568,whoosh,0,group_1,,27.97538181,0,0,1,,0,0,2,debit,4/26/2019 0:00,id_41,63.73742421,Not_Canceled
TID22928,website,0,group_1,0,106.1659547,0,2,1,2,0,0,3,debit,3/25/2019 0:00,id_60,50.09373117,Not_Canceled
TID25688,app,0,group_1,0,264.7751695,0,2,1,2,0,0,5,debit,7/11/2019 0:00,id_93,44.69086155,Not_Canceled
TID10165,app,0,group_1,0,0.160247572,0,0,1,2,0,0,2,credit,7/22/2018 0:00,id_25,63.73742421,Not_Canceled
TID10996,website,0,group_4,0,0.663398247,0,1,1,2,0,0,1,debit,6/9/2019 0:00,id_78,91.55443883,Not_Canceled
TID14087,telephone,0,group_2,,15.53071748,4,0,2,,0,0,1,debit,8/5/2018 0:00,id_14,0,Not_Canceled
TID02583,website,0,group_1,0,77.38010581,0,2,1,2,0,0,2,debit,8/26/2018 0:00,id_96,53.64171518,Not_Canceled
TID04062,website,0,group_1,0,-0.486133726,0,1,1,2,0,0,0,debit,11/7/2018 0:00,id_56,46.15773551,Not_Canceled
TID11646,app,0,group_1,0,78.54902676,0,2,1,2,0,0,4,debit,3/2/2019 0:00,id_74,31.54640266,Not_Canceled
TID13854,website,1,group_1,0,-0.579003607,1,0,1,2,0,0,3,debit,4/18/2019 0:00,id_89,83.91025828,Not_Canceled
TID29798,app,0,group_1,0,145.7809628,0,0,1,2,0,0,3,debit,12/6/2018 0:00,id_86,46.15773551,Not_Canceled
TID20616,website,0,group_4,0,69.66538157,2,1,1,3,0,0,2,debit,3/12/2019 0:00,id_1,73.54628601,Not_Canceled
TID00934,app,0,group_1,0,12.1660688,0,1,1,2,0,0,0,debit,9/11/2018 0:00,id_78,44.55711543,Not_Canceled
TID30908,website,1,group_4,0,7.325458483,1,0,1,2,0,0,3,credit,3/29/2019 0:00,id_74,99.56030872,Not_Canceled
TID33839,whoosh,0,group_1,,2.952410512,1,1,1,,0,0,1,debit,6/25/2019 0:00,id_38,48.27767928,Not_Canceled
TID13636,app,0,group_1,0,158.9682277,1,1,1,2,0,0,1,debit,3/17/2019 0:00,id_42,43.48472045,Not_Canceled
TID34705,app,0,group_1,0,87.49244669,1,0,1,3,0,0,3,credit,4/10/2019 0:00,id_14,78.09972609,Not_Canceled
TID06502,app,0,group_1,0,159.8134839,0,0,1,2,0,0,4,debit,12/6/2018 0:00,id_59,43.75322728,Not_Canceled
TID22923,app,0,group_1,0,39.12330629,0,0,1,2,0,0,2,credit,7/22/2018 0:00,id_29,63.73742421,Not_Canceled
TID06462,website,0,group_1,0,11.59943731,2,1,1,2,0,0,1,debit,7/28/2019 0:00,id_32,79.55898362,Not_Canceled
TID27515,website,0,group_1,0,0.040503251,1,1,1,2,0,0,0,debit,9/12/2018 0:00,id_33,72.21552848,Not_Canceled
TID22675,website,0,group_1,0,95.74359975,1,0,1,2,0,0,1,debit,7/27/2018 0:00,id_40,46.95457587,Not_Canceled
TID14734,app,0,group_1,0,134.3014744,0,2,1,2,0,0,2,debit,11/11/2018 0:00,id_35,40.78410636,Not_Canceled
TID25367,website,0,group_1,0,17.55842287,1,2,1,2,0,0,1,debit,12/18/2018 0:00,id_8,57.80739281,Not_Canceled
TID28350,website,0,group_4,0,53.43135372,3,0,1,3,0,0,2,debit,4/13/2019 0:00,id_2,88.36704472,Not_Canceled
TID01492,app,0,group_1,0,70.09482778,0,0,1,1,0,0,3,debit,5/22/2019 0:00,id_95,69.24335324,Not_Canceled
TID07180,app,0,group_1,0,65.82490958,0,1,1,2,0,0,2,debit,9/16/2018 0:00,id_61,46.15773551,Canceled
TID32900,app,0,group_1,0,109.3403231,0,0,1,2,0,0,4,debit,11/16/2018 0:00,id_43,43.48472045,Not_Canceled
TID03180,website,0,group_1,0,66.88434035,1,2,1,2,0,0,3,debit,12/4/2018 0:00,id_37,60.77181515,Not_Canceled
TID04366,website,0,group_2,0,107.8300941,1,2,1,2,0,0,3,debit,3/1/2019 0:00,id_8,69.24335324,Not_Canceled
TID18424,website,0,group_1,0,47.0754049,1,0,1,1,0,0,1,debit,5/29/2019 0:00,id_88,60.03938612,Not_Canceled
TID21902,website,0,group_1,0,13.29119498,1,0,1,1,0,0,3,debit,8/23/2018 0:00,id_80,66.24961223,Not_Canceled
TID36286,website,0,group_1,0,11.26710059,0,1,1,1,0,0,3,debit,9/26/2018 0:00,id_90,55.2719225,Not_Canceled
TID33180,website,0,group_1,0,38.36280327,2,1,1,2,0,0,3,debit,5/28/2019 0:00,id_57,59.1217401,Not_Canceled
TID31423,app,0,group_1,0,71.06266914,0,0,1,1,0,0,3,debit,4/17/2019 0:00,id_36,48.80522502,Not_Canceled
TID21576,whoosh,0,group_1,,54.13649526,0,0,1,,0,0,1,debit,10/26/2018 0:00,id_11,40.78410636,Not_Canceled
TID19393,website,0,group_1,0,32.20238091,3,2,1,2,0,0,1,debit,8/13/2018 0:00,id_73,56.35426715,Not_Canceled
TID03689,app,0,group_1,0,83.65035846,0,0,1,2,0,0,1,credit,9/7/2018 0:00,id_43,65.34709476,Not_Canceled
TID31363,app,0,group_1,0,85.48959982,0,0,1,2,0,0,3,credit,9/7/2018 0:00,id_2,71.72161267,Not_Canceled
TID15407,app,0,group_1,0,12.95502349,0,2,1,2,0,0,0,debit,1/29/2019 0:00,id_10,52.47221015,Not_Canceled
TID35365,app,0,group_1,0,8.889304751,0,2,1,1,0,0,2,debit,2/16/2019 0:00,id_18,35.14533933,Not_Canceled
TID14665,website,0,group_1,0,8.270386793,1,0,1,1,0,0,1,debit,3/13/2019 0:00,id_98,56.61145455,Not_Canceled
TID31936,app,0,group_1,0,73.09592804,0,0,1,2,0,0,2,credit,8/26/2018 0:00,id_76,59.93754192,Not_Canceled
TID30496,website,0,group_6,0,6.980699541,1,0,3,2,0,0,1,debit,7/6/2019 0:00,id_8,107.9204591,Not_Canceled
TID10799,whoosh,0,group_1,,2.551815139,1,0,1,,0,1,1,debit,2/22/2019 0:00,id_3,48.27767928,Not_Canceled
TID23095,app,0,group_1,0,13.91124879,0,0,1,1,0,0,2,debit,9/22/2018 0:00,id_51,59.17278266,Not_Canceled
TID35303,app,0,group_1,0,127.1836369,1,2,1,2,0,0,1,debit,7/24/2018 0:00,id_34,40.10436629,Canceled
TID17746,app,0,group_1,0,69.6681498,0,0,1,2,0,0,2,debit,5/11/2019 0:00,id_6,59.17278266,Not_Canceled
TID34177,whoosh,0,group_1,,6.89448566,0,0,1,,0,0,1,debit,2/20/2019 0:00,id_39,48.27767928,Not_Canceled
TID09233,app,,group_1,0,148.1561133,1,2,1,2,0,0,1,debit,6/2/2019 0:00,id_48,49.20026125,Not_Canceled
TID17353,app,0,group_1,0,2.323231191,0,0,1,2,0,0,4,debit,9/14/2018 0:00,id_84,43.48472045,Not_Canceled
TID05408,app,0,group_1,0,52.71784105,0,2,1,2,0,0,3,credit,4/28/2019 0:00,id_13,74.93188563,Not_Canceled
TID04916,app,0,group_1,0,36.22877441,1,0,1,2,0,0,2,debit,3/6/2019 0:00,id_2,42.04076811,Not_Canceled
TID02010,telephone,0,group_1,,2.285485075,0,0,1,,0,1,1,debit,1/4/2019 0:00,id_38,0,Not_Canceled
TID18291,app,0,group_1,0,54.55034592,0,0,1,2,0,0,1,credit,3/14/2019 0:00,id_87,61.20853328,Not_Canceled
TID29836,app,0,group_1,0,56.45433238,1,2,1,3,0,0,2,debit,9/2/2018 0:00,id_11,100.4949072,Not_Canceled
TID23599,app,0,group_1,0,12.55122527,0,1,1,1,0,0,1,debit,3/12/2019 0:00,id_62,57.12524506,Not_Canceled
TID22727,website,0,group_1,0,10.6369133,2,0,2,2,0,0,2,debit,1/11/2019 0:00,id_59,64.74425551,Not_Canceled
TID33640,website,0,group_1,1,19.2868781,0,2,1,2,1,0,3,debit,11/12/2018 0:00,id_55,42.9468774,Not_Canceled
TID27408,app,0,group_1,0,25.77808195,0,0,1,2,0,0,1,debit,5/16/2019 0:00,id_17,69.24335324,Not_Canceled
TID27488,website,0,group_1,0,209.0092005,2,2,1,2,0,0,3,debit,7/29/2019 0:00,id_91,54.52252146,Not_Canceled
TID00958,website,0,group_4,0,30.8563741,0,2,1,3,0,0,0,debit,7/15/2019 0:00,id_72,92.64429056,Not_Canceled
TID35383,website,0,group_1,0,31.96127473,1,2,1,2,0,0,2,debit,6/10/2019 0:00,id_16,77.07551714,Not_Canceled
TID20592,app,0,group_1,0,191.6868477,0,0,1,1,0,0,2,debit,6/1/2019 0:00,id_36,56.61145455,Not_Canceled
TID02227,app,0,group_1,0,59.3357318,0,0,1,2,0,0,3,debit,2/22/2019 0:00,id_28,39.69560568,Not_Canceled
TID14656,app,0,group_1,0,74.24674759,0,0,1,2,0,0,2,credit,8/26/2018 0:00,id_39,59.93754192,Not_Canceled
TID35671,website,0,group_1,0,12.73568613,2,2,2,2,0,0,1,debit,1/21/2019 0:00,id_31,63.73742421,Not_Canceled
TID36095,app,0,group_1,0,2.72863306,0,0,1,1,0,0,1,debit,5/9/2019 0:00,id_96,59.17278266,Not_Canceled
TID31744,app,0,group_1,0,71.48539338,0,0,1,2,0,0,1,credit,8/26/2018 0:00,id_25,63.23301024,Not_Canceled
TID11219,app,0,group_1,0,115.7388039,0,2,1,1,0,0,1,debit,2/5/2019 0:00,id_4,46.68921428,Not_Canceled
TID15745,app,0,group_1,0,108.7370162,0,1,1,2,0,0,3,debit,4/30/2019 0:00,id_84,46.15773551,Not_Canceled
TID06650,website,0,group_1,0,20.42816099,0,0,1,2,0,0,2,debit,10/13/2018 0:00,id_89,46.68921428,Not_Canceled
TID28570,app,0,group_1,0,82.27981566,0,0,1,2,0,0,2,debit,4/24/2019 0:00,id_73,49.20026125,Not_Canceled
TID31826,website,0,group_4,0,85.09905625,1,2,1,3,0,0,2,debit,7/13/2019 0:00,id_65,84.05463798,Not_Canceled
TID26388,website,0,group_4,0,38.53346108,1,1,1,2,0,0,4,debit,1/23/2019 0:00,id_16,58.20170512,Not_Canceled
TID16701,whoosh,0,group_1,,98.67554818,0,0,1,,0,0,1,debit,1/27/2019 0:00,id_4,49.33182243,Not_Canceled
TID18439,website,1,group_4,0,76.798757,1,2,1,2,0,0,5,debit,7/11/2019 0:00,id_84,79.26749451,Not_Canceled
TID09971,whoosh,0,group_1,,63.57855144,0,0,1,,0,0,2,debit,4/24/2019 0:00,id_69,74.18557739,Not_Canceled
TID09352,website,0,group_1,0,50.99757532,1,1,1,2,0,0,2,debit,6/25/2019 0:00,id_69,75.60837495,Not_Canceled
TID27322,website,0,group_6,0,13.86369382,2,2,3,2,0,0,2,debit,8/28/2018 0:00,id_37,95.33600643,Not_Canceled
TID27372,app,0,group_1,0,40.11924879,1,2,1,2,0,0,2,debit,12/3/2018 0:00,id_16,35.28999954,Not_Canceled
TID05266,website,0,group_1,0,19.7798577,0,0,1,2,0,0,1,debit,5/10/2019 0:00,id_83,69.74018045,Canceled
TID23675,website,0,group_1,0,-0.117038202,0,0,1,2,0,0,1,debit,9/3/2018 0:00,id_62,98.15562712,Not_Canceled
TID22005,website,0,group_1,1,11.91567453,1,2,1,1,0,1,0,debit,11/20/2018 0:00,id_62,41.86240296,Not_Canceled
TID01557,website,1,group_4,0,46.16867038,2,1,1,3,0,0,2,debit,4/6/2019 0:00,id_94,88.36704472,Not_Canceled
TID32934,website,0,group_2,0,18.84372926,1,1,1,2,0,0,1,debit,12/3/2018 0:00,id_45,52.34199796,Not_Canceled
TID15036,website,0,group_1,0,26.40381711,1,2,1,2,0,0,1,debit,9/11/2018 0:00,id_95,49.25289275,Not_Canceled
TID11072,website,,group_1,0,2.037872857,1,0,1,2,0,0,1,debit,5/5/2019 0:00,id_53,89.17759413,Not_Canceled
TID11228,website,0,group_4,0,13.52649123,0,2,1,3,0,0,2,debit,3/3/2019 0:00,id_35,97.92118498,Canceled
TID30271,app,0,group_1,0,73.15241874,0,0,1,2,0,0,2,credit,8/26/2018 0:00,id_86,59.93754192,Not_Canceled
TID08538,whoosh,0,group_1,,1.740117899,0,0,1,,0,8,1,debit,12/22/2018 0:00,id_88,41.32654741,Not_Canceled
TID09180,whoosh,1,group_1,,8.51363685,1,0,1,,0,6,1,debit,5/9/2019 0:00,id_37,58.15052102,Not_Canceled
TID35220,website,0,group_1,0,33.15346559,2,1,1,2,0,0,1,debit,8/15/2018 0:00,id_31,60.9546911,Not_Canceled
TID16574,website,0,group_1,0,33.30427745,0,1,1,2,0,0,1,debit,2/10/2019 0:00,id_39,50.85371292,Not_Canceled
TID21504,app,0,group_1,0,163.198913,0,0,1,1,0,0,2,debit,9/9/2018 0:00,id_2,59.17278266,Not_Canceled
TID22987,website,0,group_1,0,66.92181662,1,2,1,2,0,0,2,debit,3/10/2019 0:00,id_20,44.41794863,Not_Canceled
TID32950,website,0,group_4,0,77.64304814,1,0,1,2,0,0,4,debit,3/14/2019 0:00,id_66,63.46007962,Not_Canceled
TID29982,website,0,group_4,0,13.30954991,1,1,1,2,0,0,2,debit,7/30/2019 0:00,id_72,86.79003251,Not_Canceled
TID14883,app,0,group_1,0,70.59229298,1,0,1,3,0,0,3,debit,7/17/2019 0:00,id_33,57.58699676,Not_Canceled
TID08733,website,0,group_1,0,73.159463,1,0,1,2,0,0,4,debit,2/21/2019 0:00,id_51,47.85495077,Canceled
TID10819,website,0,group_4,0,18.29851716,0,1,3,1,0,0,1,debit,6/30/2019 0:00,id_90,101.4280422,Not_Canceled
TID00888,app,0,group_1,0,1.724037119,0,0,1,2,0,0,3,debit,4/17/2019 0:00,id_64,56.61145455,Not_Canceled
TID02303,website,0,group_1,1,2.625154828,3,0,2,2,0,1,1,debit,7/28/2018 0:00,id_60,62.22215052,Not_Canceled
TID15625,app,0,group_1,0,43.39609303,0,1,1,2,0,0,3,credit,1/26/2019 0:00,id_48,54.84833331,Not_Canceled
TID00778,website,0,group_1,0,104.4617821,3,0,1,2,0,0,3,debit,11/3/2018 0:00,id_72,44.69086155,Not_Canceled
TID21276,website,0,group_1,0,61.76294666,2,1,1,2,0,0,3,debit,9/15/2018 0:00,id_19,53.64171518,Not_Canceled
TID18789,website,0,group_1,0,9.722520045,0,1,1,2,0,0,3,debit,1/5/2019 0:00,id_49,43.69954787,Not_Canceled
TID10641,website,0,group_1,0,12.25384735,2,1,2,2,0,0,0,debit,4/9/2019 0:00,id_94,79.55898362,Not_Canceled
TID32481,website,0,group_4,0,6.568112956,1,0,1,3,0,0,1,debit,3/23/2019 0:00,id_4,92.02855445,Not_Canceled
TID24910,website,,group_1,0,101.706534,1,1,2,2,0,0,1,debit,7/28/2019 0:00,id_90,76.19580081,Not_Canceled
TID29643,app,0,group_1,0,151.2884673,0,0,1,1,0,0,2,debit,12/27/2018 0:00,id_31,43.48472045,Not_Canceled
TID10243,website,0,group_1,0,181.0371113,0,1,1,3,0,0,4,debit,6/8/2018 0:00,id_47,64.99555236,Canceled
TID32793,app,0,group_1,0,62.38668917,0,0,1,2,0,0,2,credit,8/12/2018 0:00,id_10,67.24999912,Not_Canceled
TID05014,whoosh,0,group_1,,3.088181549,0,0,1,,0,0,2,debit,8/17/2018 0:00,id_42,54.0306016,Not_Canceled
TID32762,app,0,group_4,0,41.8232018,1,2,1,2,0,0,3,debit,10/16/2018 0:00,id_84,38.05347992,Not_Canceled
TID01917,app,0,group_1,0,96.41490383,0,2,1,2,0,0,1,credit,6/18/2018 0:00,id_50,56.35426715,Not_Canceled
TID32707,app,0,group_1,0,149.8261263,0,0,1,1,0,0,3,debit,12/27/2018 0:00,id_14,44.02146061,Not_Canceled
TID14121,whoosh,0,group_1,,-0.24574251,0,0,1,,0,0,1,debit,9/20/2018 0:00,id_34,40.78410636,Not_Canceled
TID15136,website,1,group_1,0,117.5915695,1,1,2,2,0,0,2,debit,7/23/2019 0:00,id_20,78.82992248,Not_Canceled
TID18396,app,0,group_1,0,39.3077768,0,0,1,2,0,0,2,credit,7/22/2018 0:00,id_69,59.93754192,Not_Canceled
TID15145,website,0,group_1,0,20.37606407,2,1,1,2,0,0,1,debit,12/5/2018 0:00,id_60,62.7279214,Not_Canceled
TID33198,app,0,group_1,0,30.2802867,0,0,1,2,0,0,2,debit,5/10/2019 0:00,id_54,79.07306831,Not_Canceled
TID01607,website,0,group_4,0,16.91906461,3,1,2,2,0,0,3,debit,5/21/2019 0:00,id_15,79.55898362,Not_Canceled
TID20965,app,0,group_1,0,143.907293,0,2,1,2,0,0,1,debit,4/1/2019 0:00,id_37,44.02146061,Not_Canceled
TID06380,app,0,group_1,0,134.9855038,0,1,1,2,0,0,2,debit,8/22/2018 0:00,id_11,54.0306016,Not_Canceled
TID21159,website,0,group_1,0,81.65894178,2,2,1,2,0,0,4,debit,3/11/2019 0:00,id_43,50.83800842,Not_Canceled
TID27938,website,0,group_1,0,1.560385737,1,0,1,2,0,0,2,debit,7/6/2019 0:00,id_34,74.67671076,Not_Canceled
TID03316,app,0,group_1,0,150.9074071,0,0,1,1,0,0,2,debit,12/27/2018 0:00,id_36,44.02146061,Not_Canceled
TID06845,website,,group_1,0,34.01173597,1,1,1,2,0,0,4,debit,4/16/2019 0:00,id_26,58.00204451,Not_Canceled
TID31100,whoosh,0,group_1,,15.08579365,0,0,1,,0,0,1,debit,2/16/2019 0:00,id_99,46.15773551,Not_Canceled
TID14666,whoosh,0,group_1,,10.30433666,0,1,1,,0,0,0,debit,9/25/2018 0:00,id_25,40.78410636,Not_Canceled
TID25771,app,0,,0,65.82058569,0,1,1,1,0,0,2,debit,9/16/2018 0:00,id_44,40.78410636,Not_Canceled
TID19299,app,0,group_1,0,39.07955254,0,0,1,2,0,0,2,credit,7/22/2018 0:00,id_49,63.73742421,Not_Canceled
TID05663,app,0,group_1,0,179.2207756,1,0,1,2,0,0,3,debit,6/26/2019 0:00,id_62,49.46332517,Not_Canceled
TID14148,website,,group_1,0,42.57471041,2,1,1,1,0,0,3,debit,8/29/2018 0:00,id_2,51.69012231,Not_Canceled
TID11345,telephone,1,,,8.598318994,2,0,1,,0,0,1,debit,5/11/2019 0:00,id_12,0,Not_Canceled
TID00912,website,0,group_1,0,17.09840784,0,2,1,2,0,0,2,debit,2/23/2019 0:00,id_34,72.21552848,Not_Canceled
TID06551,website,0,group_4,0,66.81778267,1,0,1,2,0,0,3,debit,5/8/2019 0:00,id_60,79.26749451,Not_Canceled
TID15923,website,0,group_1,0,3.084476959,1,0,2,2,0,0,1,debit,6/8/2019 0:00,id_10,92.02855445,Not_Canceled
TID23931,website,0,group_1,0,2.234353419,1,3,1,1,0,0,5,debit,7/17/2018 0:00,id_11,48.80522502,Not_Canceled
TID10465,app,0,group_1,0,121.5845615,0,0,1,2,0,0,1,debit,3/23/2019 0:00,id_37,51.42898852,Not_Canceled
TID08050,website,0,group_1,0,7.781698125,1,1,2,2,0,0,1,debit,3/24/2019 0:00,id_56,76.14687778,Not_Canceled
TID13845,app,0,group_4,0,106.2543244,0,0,1,2,0,0,4,debit,12/13/2018 0:00,id_44,39.14950302,Not_Canceled
TID02130,app,,group_1,0,319.6714361,1,0,1,2,0,0,2,credit,7/26/2019 0:00,id_96,66.75011988,Canceled
TID35270,website,0,group_1,0,178.9744723,2,0,1,2,0,0,4,debit,6/13/2019 0:00,id_71,54.52252146,Not_Canceled
TID32983,website,0,group_1,0,134.3862184,2,1,1,2,0,0,3,debit,5/24/2019 0:00,id_42,69.16877765,Not_Canceled
TID35858,app,0,group_1,0,16.88015156,0,0,1,2,0,0,2,debit,9/23/2018 0:00,id_14,31.35934249,Not_Canceled
TID19160,app,0,group_1,0,270.8564799,0,0,1,2,0,0,4,debit,3/28/2019 0:00,id_12,48.80522502,Not_Canceled
TID04021,website,0,group_2,0,256.7551916,1,2,1,2,0,0,2,debit,7/15/2019 0:00,id_23,57.25357181,Not_Canceled
TID02230,website,0,group_1,0,133.6292604,2,0,1,2,0,0,3,debit,6/19/2019 0:00,id_15,61.86770119,Not_Canceled
TID05166,website,0,group_4,0,172.1533571,1,2,1,2,0,0,1,debit,4/29/2019 0:00,id_47,53.35623255,Not_Canceled
TID00315,website,0,group_1,0,41.91263414,2,1,1,2,0,0,2,debit,9/23/2018 0:00,id_86,62.17153564,Not_Canceled
TID05474,app,,group_1,0,23.2192885,0,2,1,2,0,0,2,debit,8/14/2018 0:00,id_25,35.150905,Not_Canceled
TID30691,website,0,group_1,0,0.491720503,0,0,1,1,0,0,1,debit,8/12/2018 0:00,id_17,80.5293229,Not_Canceled
TID00591,app,0,group_1,0,152.2264982,0,0,1,1,0,0,3,debit,12/27/2018 0:00,id_63,48.80522502,Not_Canceled
TID33449,app,0,group_1,0,27.67925773,0,0,1,1,0,0,1,debit,10/6/2018 0:00,id_77,74.18557739,Not_Canceled
TID06244,website,0,group_1,0,6.828821571,0,1,1,2,0,0,1,debit,3/24/2019 0:00,id_41,67.24999912,Not_Canceled
TID07364,website,0,group_1,0,87.79702914,0,0,1,2,0,0,4,debit,2/28/2019 0:00,id_56,53.35623255,Not_Canceled
TID33763,website,0,group_4,0,2.789515956,1,2,3,2,0,0,1,debit,3/31/2019 0:00,id_1,127.8320504,Not_Canceled
TID31636,app,0,group_1,0,220.0308213,0,2,1,2,0,0,1,debit,9/24/2018 0:00,id_26,40.78410636,Not_Canceled
TID28568,app,0,group_1,0,12.48339618,0,0,1,1,0,0,4,debit,3/27/2019 0:00,id_79,56.61145455,Not_Canceled
TID17043,app,0,group_1,0,4.247831444,0,2,1,2,0,0,1,credit,7/23/2018 0:00,id_95,56.35426715,Not_Canceled
TID06260,website,,group_2,0,319.1648277,1,2,1,2,0,0,1,debit,7/28/2019 0:00,id_25,56.58574461,Not_Canceled
TID06121,website,0,group_1,0,117.4955039,1,2,1,2,0,0,5,debit,6/8/2019 0:00,id_64,63.20777189,Not_Canceled
TID05383,website,0,group_1,0,32.25874113,2,0,1,2,0,0,3,debit,3/22/2019 0:00,id_3,64.89505319,Not_Canceled
TID34968,website,0,group_1,0,87.60541841,1,1,1,1,0,0,4,debit,2/14/2019 0:00,id_70,34.5489657,Not_Canceled
TID21741,whoosh,,group_1,,5.841929212,0,0,1,,0,0,2,debit,5/8/2019 0:00,id_88,56.61145455,Not_Canceled
TID17657,whoosh,0,group_1,,4.63691185,0,1,1,,0,1,1,debit,4/23/2019 0:00,id_68,56.61145455,Not_Canceled
TID32997,website,0,group_4,0,0.382866456,0,0,1,3,0,0,1,debit,5/25/2019 0:00,id_8,96.74754825,Not_Canceled
TID28897,website,0,group_4,0,25.76319797,1,1,1,2,0,0,3,debit,1/9/2019 0:00,id_48,58.66202429,Not_Canceled
TID26252,website,0,group_1,0,5.562908375,2,1,1,2,0,0,3,debit,8/8/2018 0:00,id_76,61.84237039,Not_Canceled
TID22623,website,0,group_1,0,1.075694091,0,0,1,2,0,0,2,debit,1/13/2019 0:00,id_92,55.06536163,Not_Canceled
TID24498,whoosh,0,group_4,,10.87556607,0,0,1,,0,0,3,debit,5/22/2019 0:00,id_83,54.0306016,Not_Canceled
TID24206,website,0,group_4,0,13.28635344,1,2,1,3,0,0,0,debit,7/1/2019 0:00,id_55,101.4280422,Not_Canceled
TID19602,whoosh,0,group_1,,41.45654126,0,2,1,,0,0,1,debit,2/18/2019 0:00,id_80,51.77885764,Not_Canceled
TID09281,website,0,group_1,0,12.97900042,0,0,1,1,0,0,1,debit,1/24/2019 0:00,id_85,51.42898852,Not_Canceled
TID20485,website,0,group_4,0,23.94915136,1,0,1,2,0,0,4,debit,5/8/2019 0:00,id_27,72.94548581,Not_Canceled
TID23911,website,0,group_1,0,92.51041991,2,2,1,2,0,0,4,debit,6/8/2018 0:00,id_84,46.95457587,Not_Canceled
TID09681,website,0,group_1,0,0.879749357,0,0,1,2,0,0,3,debit,7/19/2018 0:00,id_38,71.22712526,Not_Canceled
TID15833,website,0,group_1,0,13.37965827,1,1,1,2,0,0,3,debit,9/26/2018 0:00,id_78,55.15316579,Not_Canceled
TID03680,app,0,group_1,0,204.5572162,0,2,1,1,0,0,2,debit,9/16/2018 0:00,id_45,38.81028566,Not_Canceled
TID12429,whoosh,0,group_1,,1.766281091,1,0,1,,0,0,1,debit,2/14/2019 0:00,id_8,26.76465998,Not_Canceled
TID22427,website,0,group_4,0,1.380109499,0,0,1,2,0,0,4,debit,6/13/2019 0:00,id_65,92.73895792,Not_Canceled
TID32104,website,0,group_1,0,34.14930272,1,1,1,2,0,0,3,debit,9/22/2018 0:00,id_60,63.0058042,Not_Canceled
TID06789,website,0,group_1,0,90.76379482,0,1,1,2,0,0,2,debit,3/2/2019 0:00,id_42,57.27923139,Not_Canceled
TID33619,website,0,group_1,0,2.845209544,3,1,2,2,0,0,0,debit,7/31/2018 0:00,id_16,54.0306016,Not_Canceled
TID01889,app,0,group_1,0,-0.343525201,2,1,2,2,0,0,2,debit,3/2/2019 0:00,id_15,42.13800524,Not_Canceled
TID01232,website,0,group_2,0,279.9985926,1,0,1,2,0,0,1,debit,7/20/2019 0:00,id_24,56.58574461,Canceled
TID00527,app,1,group_1,0,6.660421416,0,1,1,1,0,0,0,debit,2/26/2019 0:00,id_61,52.99252167,Not_Canceled
TID23755,app,0,group_1,0,150.4691038,1,0,1,2,0,0,3,credit,5/24/2019 0:00,id_57,54.0306016,Not_Canceled
TID24681,app,,group_1,0,102.0982787,0,0,1,2,0,0,2,credit,9/23/2018 0:00,id_2,63.73742421,Not_Canceled
TID28654,whoosh,0,group_1,,-0.230357122,0,1,1,,0,7,2,debit,12/19/2018 0:00,id_67,40.78410636,Not_Canceled
TID35440,app,0,group_1,0,179.9104588,1,1,1,2,0,0,1,debit,4/9/2019 0:00,id_3,59.17278266,Not_Canceled
TID07681,app,0,group_1,0,74.82656245,0,0,1,1,0,0,2,credit,8/26/2018 0:00,id_69,52.47221015,Not_Canceled
TID10860,app,0,group_1,0,12.93680866,2,0,1,2,0,0,3,credit,9/7/2018 0:00,id_2,71.06381808,Not_Canceled
TID28729,telephone,0,group_1,,0.282577363,0,0,1,,0,0,1,debit,10/18/2018 0:00,id_79,0,Not_Canceled
TID08530,website,0,group_4,0,11.81144216,1,0,1,2,0,0,1,debit,2/4/2019 0:00,id_21,63.23301024,Not_Canceled
TID12234,website,0,group_4,0,6.788500195,0,0,1,1,0,0,2,debit,11/24/2018 0:00,id_81,45.99277067,Not_Canceled
TID31796,website,0,group_1,0,65.94328494,1,0,1,2,0,0,3,debit,2/8/2019 0:00,id_37,48.96330321,Not_Canceled
TID31040,app,0,group_1,0,31.00726047,0,0,1,2,0,0,2,debit,5/10/2019 0:00,id_42,59.17278266,Not_Canceled
TID05528,app,0,group_1,0,22.27603441,0,0,1,2,0,0,1,debit,7/29/2018 0:00,id_19,46.15773551,Not_Canceled
TID30337,app,0,group_1,1,19.11295444,0,0,1,1,1,0,3,debit,9/13/2018 0:00,id_29,48.80522502,Not_Canceled
TID30502,app,0,group_1,0,197.0220755,1,1,1,2,0,0,3,debit,4/19/2019 0:00,id_39,49.20026125,Not_Canceled
TID21347,website,0,group_4,0,11.78398567,0,0,1,3,0,0,3,debit,2/7/2019 0:00,id_7,75.81895707,Not_Canceled
TID06173,app,0,group_4,0,76.32665525,1,2,1,2,0,0,2,debit,4/15/2019 0:00,id_12,54.52252146,Not_Canceled
TID11283,app,0,group_1,0,87.83221449,1,0,1,2,0,0,3,credit,4/10/2019 0:00,id_71,67.74925609,Not_Canceled
TID23472,website,0,group_6,0,35.4298816,0,0,1,2,0,0,2,debit,2/23/2019 0:00,id_29,89.8679657,Not_Canceled
TID19180,website,0,group_4,0,43.0877828,0,2,1,2,0,0,1,debit,1/22/2019 0:00,id_68,52.97692477,Not_Canceled
TID00027,website,1,group_1,0,0.591794821,0,0,1,1,0,0,1,debit,11/23/2018 0:00,id_49,54.0306016,Not_Canceled
TID07886,app,0,group_1,0,255.1823722,1,0,1,2,0,0,2,credit,5/23/2019 0:00,id_65,66.75011988,Canceled
TID00838,whoosh,0,group_1,,4.301397122,0,0,1,,0,0,1,debit,2/16/2019 0:00,id_35,58.66202429,Not_Canceled
TID14629,whoosh,0,group_1,,7.410691685,0,0,1,,0,0,1,debit,2/13/2019 0:00,id_16,48.80522502,Not_Canceled
TID15836,website,0,group_4,0,153.1111186,1,2,1,2,0,0,5,debit,7/7/2019 0:00,id_80,50.82753831,Not_Canceled
TID03562,app,0,group_1,0,6.654330541,0,0,1,1,0,0,3,debit,4/12/2019 0:00,id_23,65.24668649,Not_Canceled
TID15330,website,0,group_4,0,62.02445526,0,0,1,2,0,0,3,debit,3/15/2019 0:00,id_86,68.64636973,Not_Canceled
TID35470,website,0,group_1,0,119.6078755,2,0,1,2,0,0,3,debit,12/6/2018 0:00,id_38,44.69086155,Not_Canceled
TID15960,app,0,group_1,0,0.483913104,0,1,1,1,0,0,1,debit,12/26/2018 0:00,id_54,40.51243746,Not_Canceled
TID19012,website,1,group_1,0,2.237850719,1,2,1,2,0,0,2,debit,3/10/2019 0:00,id_14,65.49765872,Not_Canceled
TID30368,app,0,group_4,0,80.2261289,0,0,1,3,0,0,2,credit,9/16/2018 0:00,id_39,88.70095132,Not_Canceled
TID22881,app,0,group_1,0,5.369917655,0,1,1,2,0,0,2,debit,9/26/2018 0:00,id_71,54.0306016,Not_Canceled
TID26644,app,0,group_1,0,38.86039434,1,2,2,2,0,0,4,debit,10/8/2018 0:00,id_45,40.63200887,Not_Canceled
TID19726,website,0,group_1,0,91.87109887,1,2,1,2,0,0,2,debit,6/17/2019 0:00,id_69,64.14047421,Not_Canceled
TID21179,app,0,group_1,0,118.3222141,0,1,1,1,0,0,1,debit,5/14/2019 0:00,id_78,64.24117034,Not_Canceled
TID03632,app,0,group_1,0,59.89940795,0,1,1,2,0,0,1,debit,8/29/2018 0:00,id_53,40.78410636,Not_Canceled
TID10045,app,0,group_1,0,31.51860704,0,0,1,1,0,0,2,debit,10/28/2018 0:00,id_39,45.09170191,Not_Canceled
TID07073,app,0,group_1,0,209.2002444,0,1,1,2,0,0,3,debit,9/15/2018 0:00,id_79,44.95815453,Not_Canceled
TID31669,website,0,group_4,0,22.07468054,0,0,1,2,0,0,4,debit,12/6/2018 0:00,id_54,75.16730218,Not_Canceled
TID24578,website,0,group_4,0,0.826129237,1,2,1,2,0,0,1,debit,2/11/2019 0:00,id_47,64.24117034,Not_Canceled
TID16161,app,0,group_1,0,56.15386629,0,0,1,2,0,0,1,debit,5/16/2019 0:00,id_12,69.24335324,Not_Canceled
TID32684,app,0,group_1,0,30.45071844,0,0,1,2,0,0,2,debit,5/10/2019 0:00,id_3,79.07306831,Not_Canceled
TID05984,whoosh,0,group_1,,16.18718822,2,0,1,,0,0,1,debit,2/3/2019 0:00,id_48,21.43441656,Not_Canceled
TID20620,website,0,group_1,0,90.90999432,1,2,1,2,0,0,3,debit,6/30/2019 0:00,id_21,61.86770119,Not_Canceled
TID21725,website,0,group_1,0,76.43676601,1,1,1,2,0,0,1,debit,4/2/2019 0:00,id_10,57.27923139,Not_Canceled
TID29883,app,0,group_1,0,40.76150274,0,1,1,2,0,0,1,debit,9/12/2018 0:00,id_45,43.48472045,Not_Canceled
TID29216,app,0,group_1,0,203.701295,0,2,1,2,0,0,2,debit,9/16/2018 0:00,id_19,44.95815453,Not_Canceled
TID18978,app,0,group_1,0,169.1611891,1,2,1,2,0,0,2,debit,3/30/2019 0:00,id_52,47.21968807,Not_Canceled
TID29911,app,0,group_1,0,0.298319982,0,0,1,1,0,0,1,debit,3/1/2019 0:00,id_48,46.15773551,Not_Canceled
TID08304,app,0,group_1,0,13.84591414,0,0,1,1,0,0,2,debit,9/22/2018 0:00,id_2,59.17278266,Not_Canceled
TID14555,website,1,group_1,0,37.66191111,1,0,1,2,0,0,3,debit,3/1/2019 0:00,id_35,72.51160574,Not_Canceled
TID31540,app,0,group_1,0,74.33209587,0,0,1,2,0,0,2,credit,8/26/2018 0:00,id_78,59.93754192,Not_Canceled
TID19756,website,1,group_6,0,52.00379248,2,0,3,2,0,0,2,debit,12/8/2018 0:00,id_35,110.6826353,Not_Canceled
TID14443,website,0,group_1,0,5.819334309,1,0,1,1,0,0,1,debit,2/1/2019 0:00,id_6,44.47148288,Not_Canceled
TID02311,whoosh,0,group_1,,11.5335189,1,1,1,,0,7,0,debit,5/28/2019 0:00,id_5,40.78410636,Not_Canceled
TID28329,app,0,group_1,0,190.8506747,0,0,1,1,0,0,3,debit,5/31/2019 0:00,id_36,56.61145455,Not_Canceled
TID06160,app,,group_1,0,85.80735628,1,1,1,2,0,0,2,debit,4/27/2019 0:00,id_94,40.78410636,Not_Canceled
TID06286,whoosh,0,group_1,,1.350325104,0,0,1,,2,3,1,debit,1/24/2019 0:00,id_77,40.78410636,Not_Canceled
TID10509,app,0,group_1,0,5.049700885,0,0,1,2,0,0,3,debit,12/21/2018 0:00,id_54,41.32654741,Not_Canceled
TID32443,website,1,group_1,0,1.434937628,1,0,1,2,0,0,2,debit,3/29/2019 0:00,id_44,71.72161267,Not_Canceled
TID23362,website,0,group_5,0,139.4808333,0,2,1,2,0,0,5,debit,4/7/2019 0:00,id_35,61.31509443,Not_Canceled
TID35570,website,0,group_1,0,3.657327668,2,0,1,2,0,0,4,debit,7/26/2018 0:00,id_77,54.28959959,Not_Canceled
TID22358,website,0,group_1,0,69.5150677,2,1,2,1,0,0,4,debit,4/16/2019 0:00,id_39,76.70917479,Not_Canceled
TID17448,app,0,group_1,0,73.10702806,0,0,1,2,0,0,3,debit,11/1/2018 0:00,id_92,51.77885764,Not_Canceled
TID33641,website,0,group_1,0,-0.371896392,0,2,1,1,0,0,4,debit,8/21/2018 0:00,id_50,77.12434065,Not_Canceled
TID34467,whoosh,0,group_1,,53.53785013,1,0,1,,0,0,1,debit,10/26/2018 0:00,id_15,40.78410636,Not_Canceled
TID19778,app,0,group_1,0,0.870478666,0,1,1,1,0,0,3,debit,4/9/2019 0:00,id_49,56.61145455,Not_Canceled
TID05218,website,0,group_1,0,32.72147297,1,0,2,2,0,0,1,debit,7/19/2019 0:00,id_67,84.92004351,Not_Canceled
TID27371,website,0,group_1,0,89.7272582,2,1,1,2,0,0,2,debit,10/31/2018 0:00,id_65,44.69086155,Not_Canceled
TID07043,whoosh,1,group_1,,15.3595504,0,0,1,,0,0,1,debit,1/27/2019 0:00,id_72,49.33182243,Not_Canceled
TID31783,app,0,group_1,0,88.14954272,0,2,1,2,0,0,3,debit,4/15/2019 0:00,id_78,46.15773551,Not_Canceled
TID01237,app,0,group_1,0,148.5925378,0,1,1,2,0,0,4,debit,12/7/2018 0:00,id_12,41.86780981,Not_Canceled
TID15878,app,0,group_1,1,18.269688,0,0,1,1,1,0,3,debit,9/13/2018 0:00,id_35,48.80522502,Not_Canceled
TID24276,website,0,group_1,0,61.68182966,0,2,1,2,0,0,3,debit,2/8/2019 0:00,id_73,44.34298264,Not_Canceled
TID29051,website,0,group_1,0,76.09710193,1,2,1,2,0,0,2,debit,3/18/2019 0:00,id_25,54.52252146,Not_Canceled
TID25617,app,0,group_4,0,38.23117218,0,1,1,3,0,0,1,debit,5/26/2019 0:00,id_60,70.43474331,Not_Canceled
TID16643,website,0,group_1,0,4.960912901,1,2,2,2,0,0,3,debit,3/3/2019 0:00,id_94,81.49770004,Not_Canceled
TID30452,website,0,group_4,0,12.55922491,1,0,1,2,0,0,1,debit,6/5/2019 0:00,id_90,81.98116246,Not_Canceled
TID04847,website,0,group_1,0,2.651377717,3,0,1,2,0,0,1,debit,8/20/2018 0:00,id_23,84.87200447,Not_Canceled
TID14748,app,0,group_1,0,22.93672101,0,1,1,2,0,0,2,debit,12/9/2018 0:00,id_4,38.05347992,Not_Canceled
TID30074,app,0,group_1,0,320.4592204,0,0,1,1,0,0,2,credit,7/26/2019 0:00,id_26,54.0306016,Not_Canceled
TID01323,app,0,group_1,0,93.45299518,1,1,1,2,0,0,5,credit,3/5/2019 0:00,id_21,64.61854581,Not_Canceled
TID05625,website,0,group_1,0,11.34960354,0,1,1,2,0,0,3,debit,1/26/2019 0:00,id_94,54.5483914,Not_Canceled
TID31329,website,0,group_4,0,80.26880987,1,0,1,2,0,0,5,debit,5/15/2019 0:00,id_11,75.46139884,Not_Canceled
TID18669,app,0,group_1,0,31.54561838,0,0,1,1,0,0,2,debit,10/28/2018 0:00,id_30,45.09170191,Not_Canceled
TID08846,app,0,group_1,0,11.5790724,0,2,1,2,0,0,2,debit,9/30/2018 0:00,id_3,53.2523575,Not_Canceled
TID34523,website,0,group_1,0,16.26932353,0,1,1,1,0,0,1,debit,12/26/2018 0:00,id_93,54.0306016,Not_Canceled
TID20478,app,0,group_1,1,18.37860424,0,0,1,1,1,0,3,debit,9/13/2018 0:00,id_82,48.80522502,Not_Canceled
TID34820,website,0,group_1,0,58.85589024,0,0,1,1,0,0,2,debit,1/5/2019 0:00,id_86,0,Not_Canceled
TID29595,website,0,group_1,0,0.5342547,0,0,1,1,0,0,1,debit,8/16/2018 0:00,id_56,80.04440049,Not_Canceled
TID08535,website,0,group_1,0,-0.100849119,1,0,1,2,0,0,1,debit,10/14/2018 0:00,id_16,62.7279214,Not_Canceled
TID05204,website,0,group_1,0,99.32195204,1,0,1,2,0,0,2,debit,2/28/2019 0:00,id_58,53.66765556,Not_Canceled
TID04953,app,0,group_1,0,35.6358836,0,2,1,2,0,0,1,debit,4/28/2019 0:00,id_53,51.69012231,Not_Canceled
TID24876,website,0,group_1,0,19.24592745,1,1,1,2,0,0,4,debit,8/22/2018 0:00,id_27,63.63659507,Not_Canceled
TID24330,website,,group_1,0,22.35015332,2,0,1,2,0,0,4,debit,9/13/2018 0:00,id_95,62.7279214,Not_Canceled
TID04364,website,0,group_1,0,0.995978184,1,0,1,2,0,0,3,debit,5/10/2019 0:00,id_92,69.24335324,Not_Canceled
TID02315,website,0,group_1,0,112.1926095,0,0,1,2,0,0,1,debit,3/17/2019 0:00,id_36,57.27923139,Not_Canceled
TID25595,website,0,group_1,0,18.06958099,2,0,1,1,0,0,3,debit,8/10/2018 0:00,id_50,47.11897469,Not_Canceled
TID10250,website,0,group_4,0,47.31157246,0,1,1,3,0,0,5,debit,7/31/2019 0:00,id_78,90.58120465,Not_Canceled
TID35779,website,0,group_1,0,73.73272277,2,2,1,3,0,0,2,debit,4/29/2019 0:00,id_21,67.17505705,Not_Canceled
TID18246,website,0,group_4,0,71.84181497,0,0,1,2,0,0,3,debit,5/9/2019 0:00,id_42,63.28852869,Not_Canceled
TID10559,website,0,group_2,0,108.6815263,0,2,1,2,0,0,2,debit,3/24/2019 0:00,id_18,46.5617516,Not_Canceled
TID12451,app,0,group_4,0,55.8832828,0,0,1,1,0,0,1,credit,3/14/2019 0:00,id_10,55.06536163,Not_Canceled
TID11437,website,0,group_4,0,47.47077811,1,2,1,2,0,0,0,debit,3/18/2019 0:00,id_19,68.64636973,Not_Canceled
TID17555,website,0,group_1,0,32.86816985,0,0,1,2,0,0,2,debit,9/23/2018 0:00,id_34,61.63966135,Not_Canceled
TID31909,app,0,group_4,0,44.94472967,0,1,1,3,0,0,1,debit,5/26/2019 0:00,id_44,70.43474331,Not_Canceled
TID14663,telephone,0,group_1,,-1.503249358,1,2,1,,0,5,1,debit,8/28/2018 0:00,id_0,0,Not_Canceled
TID11710,app,0,group_4,0,19.94201875,0,2,1,2,0,0,1,debit,9/25/2018 0:00,id_74,50.90605539,Not_Canceled
TID01621,website,0,group_1,0,19.41328973,2,4,2,2,0,0,7,debit,3/17/2019 0:00,id_55,79.09737598,Not_Canceled
TID36164,app,0,group_1,0,86.12280821,0,0,1,2,0,0,2,debit,9/1/2018 0:00,id_93,61.7156903,Not_Canceled
TID02651,website,0,group_4,0,47.879008,0,2,1,2,0,0,2,debit,3/9/2019 0:00,id_29,60.84294451,Not_Canceled
TID27165,app,0,group_1,0,29.34459409,0,0,1,2,0,0,2,credit,9/7/2018 0:00,id_62,69.74018045,Not_Canceled
TID20155,whoosh,0,group_1,,6.222744103,1,0,1,,0,4,1,debit,5/16/2019 0:00,id_71,40.78410636,Not_Canceled
TID26512,app,0,group_1,0,14.09918915,0,0,1,1,0,0,2,debit,9/22/2018 0:00,id_97,59.17278266,Not_Canceled
TID16156,website,0,group_4,0,5.624398012,0,0,1,2,0,0,2,debit,1/13/2019 0:00,id_37,63.23301024,Not_Canceled
TID08337,website,0,group_1,0,145.8984593,1,1,1,3,0,0,1,debit,6/30/2019 0:00,id_46,80.1414244,Not_Canceled
TID08400,app,0,group_1,0,88.76516007,3,2,1,2,0,0,2,debit,6/24/2019 0:00,id_49,44.69086155,Not_Canceled
TID14893,website,0,group_4,0,33.1643018,0,1,1,2,0,0,1,debit,3/10/2019 0:00,id_60,74.8730121,Not_Canceled
TID06853,website,0,group_4,0,7.934951177,1,0,1,2,0,0,3,debit,7/25/2019 0:00,id_20,67.63947264,Not_Canceled
TID01234,website,0,group_1,0,93.18216465,0,1,1,2,0,0,5,debit,4/3/2019 0:00,id_56,61.91835759,Not_Canceled
TID26434,website,0,group_4,0,141.1667921,0,1,1,3,0,0,3,debit,7/30/2019 0:00,id_43,76.85574693,Not_Canceled
TID34395,website,0,group_1,0,119.0887144,1,0,1,2,0,0,2,debit,7/24/2019 0:00,id_73,66.39983088,Not_Canceled
TID02058,website,0,group_2,0,304.4046863,1,2,1,2,0,0,3,debit,7/28/2019 0:00,id_93,41.10971356,Not_Canceled
TID28248,website,0,group_1,0,147.4816667,0,0,1,1,0,0,3,debit,4/12/2019 0:00,id_30,59.1217401,Not_Canceled
TID13080,app,0,group_1,0,103.5883935,0,0,1,2,0,0,3,debit,4/11/2019 0:00,id_52,48.80522502,Not_Canceled
TID15182,website,0,group_1,0,177.6017312,1,2,1,2,0,0,2,debit,7/8/2019 0:00,id_45,58.89195723,Not_Canceled
TID29608,app,0,group_1,0,262.7407951,0,1,1,2,0,0,0,debit,8/29/2018 0:00,id_54,41.86780981,Not_Canceled
TID09357,website,0,group_4,0,45.09100715,2,2,1,2,0,0,2,debit,9/23/2018 0:00,id_20,48.03468606,Not_Canceled
TID00149,website,0,group_4,0,45.11081868,2,2,1,2,0,0,2,debit,9/23/2018 0:00,id_89,48.03468606,Not_Canceled
TID33120,app,,group_1,0,38.80173813,0,0,1,2,0,0,2,credit,7/22/2018 0:00,id_31,59.93754192,Not_Canceled
TID27059,app,0,group_4,0,29.50358699,1,0,1,2,0,0,5,debit,9/27/2018 0:00,id_10,48.06639242,Not_Canceled
TID29904,website,0,group_1,0,48.02201114,1,2,1,2,0,0,3,debit,2/25/2019 0:00,id_92,55.83930225,Not_Canceled
TID24558,app,0,group_1,0,2.561816927,0,1,1,1,0,0,2,debit,4/9/2019 0:00,id_93,55.42675854,Not_Canceled
TID18470,website,0,group_4,0,5.650891566,1,1,1,2,0,0,2,debit,5/7/2019 0:00,id_17,86.31120013,Not_Canceled
TID18428,app,0,group_1,0,70.92417723,0,0,1,1,0,0,3,debit,5/22/2019 0:00,id_78,69.24335324,Not_Canceled
TID35491,website,1,group_1,0,49.44406906,2,2,1,2,0,0,1,debit,11/12/2018 0:00,id_72,66.8501458,Not_Canceled
TID23559,website,0,group_4,0,14.99450641,1,1,1,3,0,0,2,debit,2/9/2019 0:00,id_6,53.74027747,Not_Canceled
TID20134,website,,group_4,0,61.63735898,0,0,1,2,0,0,2,debit,9/23/2018 0:00,id_64,48.03468606,Not_Canceled
TID27162,app,0,group_1,0,2.834408325,0,2,1,1,0,0,1,debit,5/27/2019 0:00,id_91,46.95457587,Not_Canceled
TID07240,whoosh,0,group_1,,12.27201772,0,0,1,,0,0,3,debit,7/13/2018 0:00,id_40,40.78410636,Not_Canceled
TID12033,website,0,group_1,0,26.61499964,1,0,1,2,0,0,1,debit,5/25/2019 0:00,id_38,69.16877765,Not_Canceled
TID05634,website,0,group_1,0,2.030931723,2,0,1,2,0,0,1,debit,7/21/2018 0:00,id_38,71.22712526,Not_Canceled
TID34720,app,0,group_4,0,31.32090073,0,0,1,2,0,0,2,debit,9/27/2018 0:00,id_95,46.15773551,Not_Canceled
TID06282,app,0,group_1,0,0.168367981,0,0,1,2,0,0,2,credit,7/22/2018 0:00,id_13,63.73742421,Not_Canceled
TID36204,website,0,group_1,0,24.2592999,1,0,1,2,0,0,2,debit,8/11/2018 0:00,id_39,49.25289275,Not_Canceled
TID14435,website,0,group_2,0,5.342047459,1,1,4,0,0,0,0,debit,11/20/2018 0:00,id_65,61.33538828,Not_Canceled
TID33545,website,0,group_1,0,13.80238417,2,2,2,2,0,0,3,debit,2/24/2019 0:00,id_89,82.07779734,Not_Canceled
TID35914,app,0,group_1,0,49.1975396,0,0,1,2,0,0,4,debit,12/7/2018 0:00,id_42,44.02146061,Not_Canceled
TID13107,website,0,group_1,0,6.609188681,1,1,1,2,0,0,1,debit,4/30/2019 0:00,id_94,79.07306831,Not_Canceled
TID06426,app,0,group_1,0,72.59856423,0,0,1,1,0,0,1,credit,8/26/2018 0:00,id_75,50.90605539,Not_Canceled
TID12212,website,0,group_1,0,59.93006129,1,2,1,2,0,0,1,debit,7/21/2019 0:00,id_48,77.07551714,Not_Canceled
TID06276,website,,group_4,0,18.84993766,1,2,1,2,0,0,5,debit,10/6/2018 0:00,id_69,66.80513725,Not_Canceled
TID26885,app,0,group_1,0,49.10274673,0,1,1,1,0,0,3,credit,6/4/2019 0:00,id_67,44.55711543,Not_Canceled
TID22308,website,0,group_1,0,98.54932863,1,1,1,2,0,0,3,debit,4/5/2019 0:00,id_38,59.97828307,Not_Canceled
TID26965,app,0,group_1,0,114.8405203,0,2,1,1,0,0,2,debit,2/4/2019 0:00,id_19,46.68921428,Not_Canceled
TID09673,app,0,group_1,0,26.75164649,0,1,1,2,0,0,3,debit,5/28/2019 0:00,id_84,49.20026125,Not_Canceled
TID03807,website,0,group_1,0,54.93128815,2,2,1,3,0,0,2,debit,3/30/2019 0:00,id_87,74.21014701,Not_Canceled
TID35932,app,0,group_1,0,34.16594393,0,0,1,2,0,0,4,debit,3/13/2019 0:00,id_47,51.69012231,Not_Canceled
TID23528,app,0,group_1,0,21.48124201,0,0,1,2,0,0,2,debit,2/9/2019 0:00,id_6,52.47221015,Not_Canceled
TID21524,whoosh,0,group_1,,0.175565817,0,0,1,,0,0,1,debit,7/19/2018 0:00,id_10,52.99252167,Not_Canceled
TID08404,app,0,group_4,0,53.51441467,0,1,1,2,0,0,2,debit,5/28/2019 0:00,id_88,54.52252146,Not_Canceled
TID33498,website,0,group_4,0,55.22201109,1,2,1,2,0,0,2,debit,1/6/2019 0:00,id_77,51.14148562,Not_Canceled
TID26672,app,0,group_4,0,57.84712349,0,0,1,2,0,0,1,debit,6/15/2019 0:00,id_85,52.62839365,Not_Canceled
TID29478,app,0,group_1,0,30.33873108,0,0,1,2,0,0,2,credit,9/7/2018 0:00,id_23,69.74018045,Not_Canceled
TID15442,whoosh,0,group_1,,64.16601133,0,0,1,,0,0,3,debit,4/24/2019 0:00,id_48,74.18557739,Not_Canceled
TID06788,website,0,group_4,0,104.0910547,2,1,1,3,0,0,3,debit,6/28/2019 0:00,id_30,80.1414244,Not_Canceled
TID34111,app,0,group_1,0,210.3728526,0,1,1,2,0,0,3,debit,9/15/2018 0:00,id_74,44.95815453,Not_Canceled
TID24088,app,0,group_1,0,96.00576724,0,2,1,2,0,0,1,credit,6/18/2018 0:00,id_43,56.35426715,Not_Canceled
TID23910,app,0,group_1,0,54.49097906,0,0,1,2,0,0,1,credit,3/14/2019 0:00,id_11,61.20853328,Not_Canceled
TID16187,app,0,group_1,0,110.7976119,0,0,1,2,0,0,4,debit,11/16/2018 0:00,id_65,43.48472045,Not_Canceled
TID00256,app,0,group_1,0,92.76033547,0,0,1,2,0,0,4,debit,9/14/2018 0:00,id_97,43.48472045,Not_Canceled
TID31570,website,0,group_1,0,77.64305303,0,2,1,2,0,0,5,debit,2/27/2019 0:00,id_55,52.63359843,Not_Canceled
TID00644,app,0,group_1,0,43.80375895,0,0,1,2,0,0,3,debit,1/25/2019 0:00,id_36,46.15773551,Not_Canceled
TID12179,website,0,group_1,0,48.77182332,0,2,1,2,0,0,2,debit,9/30/2018 0:00,id_36,56.35426715,Not_Canceled
TID31733,app,0,group_4,0,45.16724659,1,0,1,2,0,0,3,debit,10/19/2018 0:00,id_20,38.05347992,Not_Canceled
TID12231,website,0,group_1,0,83.11898293,1,0,1,2,0,0,2,debit,6/12/2019 0:00,id_36,70.88064115,Not_Canceled
TID10152,app,0,group_1,0,72.59946142,1,2,1,2,0,0,9,debit,11/30/2018 0:00,id_64,37.45394951,Not_Canceled
TID28073,website,0,group_1,0,104.9483936,0,0,1,2,0,0,1,debit,2/27/2019 0:00,id_12,47.90782574,Not_Canceled
TID35311,app,0,group_1,0,210.4055052,0,1,1,2,0,0,3,debit,9/15/2018 0:00,id_74,44.95815453,Not_Canceled
TID22089,website,1,group_6,0,0.400810805,1,0,3,2,0,0,4,debit,12/21/2018 0:00,id_37,98.15562712,Not_Canceled
TID22876,website,0,group_4,0,47.13004036,2,2,1,2,0,0,2,debit,4/6/2019 0:00,id_1,75.46139884,Not_Canceled
TID26932,app,,group_1,0,32.2538534,0,0,1,1,0,0,2,debit,10/28/2018 0:00,id_76,45.09170191,Not_Canceled
TID04884,whoosh,1,group_1,,2.446610051,0,2,1,,0,0,1,debit,2/18/2019 0:00,id_21,42.9468774,Not_Canceled
TID08678,app,0,group_1,0,73.84619406,0,0,1,2,0,0,2,credit,8/26/2018 0:00,id_46,59.93754192,Not_Canceled
TID13195,app,0,group_1,0,95.48857248,0,2,1,2,0,0,1,credit,6/18/2018 0:00,id_72,56.35426715,Not_Canceled
TID11909,website,0,group_1,0,127.5896087,1,2,1,2,0,0,0,debit,6/3/2019 0:00,id_20,57.27923139,Not_Canceled
TID23049,app,0,group_1,0,32.44955615,0,0,1,1,0,0,2,debit,10/28/2018 0:00,id_27,45.09170191,Not_Canceled
TID22518,website,0,group_4,0,16.60583114,0,0,1,2,0,0,2,debit,1/13/2019 0:00,id_48,50.27735002,Not_Canceled
TID34778,app,0,group_4,0,39.92977097,1,2,2,2,0,0,3,debit,10/9/2018 0:00,id_42,38.05347992,Not_Canceled
TID22149,app,0,group_1,0,3.065133067,1,2,1,3,0,0,1,credit,7/30/2018 0:00,id_35,78.34325189,Not_Canceled
TID09487,app,,group_4,0,51.04309322,0,2,1,2,0,0,1,debit,10/22/2018 0:00,id_2,38.05347992,Not_Canceled
TID09623,whoosh,0,group_1,,-0.184232146,0,0,1,,0,0,1,debit,1/18/2019 0:00,id_69,43.48472045,Not_Canceled
TID17385,website,0,group_4,0,78.35488407,1,3,1,1,0,0,6,debit,6/11/2019 0:00,id_91,73.59549531,Not_Canceled
TID23885,whoosh,0,group_1,,8.96810768,0,0,1,,0,0,1,debit,11/17/2018 0:00,id_8,40.78410636,Not_Canceled
TID13412,website,0,group_1,0,139.7050986,2,0,1,2,0,0,3,debit,12/6/2018 0:00,id_94,44.69086155,Not_Canceled
TID18211,app,0,group_1,0,104.3719001,0,0,1,2,0,0,3,debit,11/10/2018 0:00,id_94,46.15773551,Not_Canceled
TID22535,website,0,group_4,0,72.16283919,0,0,1,2,0,0,3,debit,5/9/2019 0:00,id_35,63.28852869,Not_Canceled
TID20188,whoosh,,group_1,,11.97109575,0,1,1,,0,0,3,debit,9/19/2018 0:00,id_6,59.17278266,Not_Canceled
TID04639,website,0,group_4,0,228.4027968,0,1,1,2,0,0,3,debit,6/11/2019 0:00,id_90,67.72430792,Canceled
TID27316,website,0,group_1,0,129.1519583,2,1,2,2,0,0,1,debit,7/16/2018 0:00,id_37,46.95457587,Not_Canceled
TID06467,app,0,group_1,0,102.2726637,0,0,1,2,0,0,2,credit,9/23/2018 0:00,id_2,63.73742421,Not_Canceled
TID30962,website,0,group_4,0,68.5301829,2,1,2,2,0,0,4,debit,4/4/2019 0:00,id_77,63.50043325,Not_Canceled
TID22364,website,0,group_1,0,137.7924283,1,0,1,2,0,0,3,debit,6/19/2019 0:00,id_98,61.86770119,Not_Canceled
TID21348,website,0,group_1,0,38.4549595,2,1,2,2,0,0,3,debit,3/19/2019 0:00,id_36,69.98837128,Not_Canceled
TID26976,app,0,group_1,0,23.52232438,0,2,1,2,0,0,1,credit,12/10/2018 0:00,id_76,63.73742421,Not_Canceled
TID10112,app,0,group_1,0,56.17242516,0,0,1,2,0,0,1,debit,5/16/2019 0:00,id_38,69.24335324,Not_Canceled
TID05063,website,0,group_4,0,46.51593136,0,0,1,2,0,0,3,debit,1/26/2019 0:00,id_32,54.1860252,Not_Canceled
TID06577,app,0,group_1,0,56.18657512,0,0,1,2,0,0,1,debit,5/16/2019 0:00,id_84,69.24335324,Not_Canceled
TID31794,app,0,group_1,0,221.6645314,0,0,1,1,0,0,1,credit,7/20/2019 0:00,id_44,45.09170191,Not_Canceled
TID09592,telephone,0,group_1,,1.731057625,0,1,1,,0,0,1,debit,9/19/2018 0:00,id_76,0,Not_Canceled
TID05986,website,1,group_1,0,117.477679,1,0,1,2,0,0,2,debit,4/13/2019 0:00,id_96,63.68701299,Not_Canceled
TID12272,app,0,group_1,0,38.50104828,0,0,1,2,0,0,2,credit,7/22/2018 0:00,id_81,63.73742421,Not_Canceled
TID19735,website,0,,0,41.07984162,0,0,3,2,0,0,3,debit,3/29/2019 0:00,id_37,103.5595038,Canceled
TID23566,whoosh,0,group_1,,12.7932761,0,0,1,,0,0,1,debit,9/14/2018 0:00,id_3,40.78410636,Not_Canceled
TID11406,website,0,group_1,0,63.55442712,0,2,1,1,0,0,2,debit,2/23/2019 0:00,id_35,55.83930225,Not_Canceled
TID23959,app,0,group_5,0,2.710582988,0,0,1,1,0,0,1,debit,10/19/2018 0:00,id_90,54.0306016,Not_Canceled
TID35732,app,0,group_1,0,164.7268036,0,0,1,1,0,0,2,debit,9/9/2018 0:00,id_67,59.17278266,Not_Canceled
TID06385,website,0,group_4,0,48.68176424,1,0,1,2,0,0,4,credit,3/7/2019 0:00,id_77,74.62762189,Canceled
TID27494,website,0,group_1,0,127.3860281,1,2,1,2,0,0,1,debit,6/9/2019 0:00,id_88,57.27923139,Not_Canceled
TID02134,website,0,group_1,0,11.36419029,1,0,1,2,0,0,2,debit,12/23/2018 0:00,id_34,53.51198188,Not_Canceled
TID36201,app,0,group_1,0,140.4160538,1,2,1,3,0,0,5,credit,6/19/2019 0:00,id_73,57.58699676,Not_Canceled
TID12903,telephone,0,group_2,,-40,1,0,2,,0,3,1,debit,6/9/2019 0:00,id_60,0,Not_Canceled
TID14455,app,0,group_1,0,115.4473419,0,2,1,2,0,0,2,debit,2/4/2019 0:00,id_19,52.47221015,Not_Canceled
TID33182,website,0,group_1,0,67.62838623,1,2,1,2,0,0,3,debit,3/10/2019 0:00,id_23,53.99432535,Not_Canceled
TID23830,app,0,group_1,0,10.74485363,0,2,1,2,0,0,3,debit,1/21/2019 0:00,id_33,51.42898852,Not_Canceled
TID15408,website,0,group_1,0,99.2567525,1,0,2,2,0,0,3,debit,6/19/2019 0:00,id_0,62.23733364,Not_Canceled
TID21866,website,0,group_1,0,34.14729971,1,2,1,2,0,0,2,debit,6/16/2019 0:00,id_1,77.07551714,Not_Canceled
TID17456,website,,group_1,0,23.30182844,1,2,1,1,0,0,1,debit,8/13/2018 0:00,id_70,56.61145455,Not_Canceled
TID27993,app,0,group_1,0,120.5631242,3,2,1,2,0,0,3,debit,5/26/2019 0:00,id_45,49.20026125,Not_Canceled
TID00364,app,,group_1,1,8.56407525,0,2,1,2,1,0,5,debit,12/4/2018 0:00,id_44,43.48472045,Not_Canceled
TID29326,app,0,group_1,0,221.0351804,0,2,1,2,0,0,1,debit,9/24/2018 0:00,id_29,40.78410636,Not_Canceled
TID10027,website,0,group_1,0,32.31178951,1,1,1,2,0,0,1,debit,4/28/2019 0:00,id_52,68.19806032,Not_Canceled
TID27656,website,0,group_1,0,86.72483996,2,0,2,2,0,0,3,credit,5/10/2019 0:00,id_77,100.8916673,Not_Canceled
TID21014,website,0,group_6,0,7.579349175,1,1,3,2,0,0,0,debit,3/19/2019 0:00,id_31,98.62422862,Not_Canceled
TID30923,app,0,group_1,0,119.2982476,0,1,1,1,0,0,2,debit,5/14/2019 0:00,id_84,64.24117034,Not_Canceled
TID13754,website,0,group_1,0,90.85419993,1,2,1,2,0,0,4,debit,3/11/2019 0:00,id_9,50.83800842,Not_Canceled
TID25282,app,0,group_1,0,33.99338497,0,0,1,2,0,0,3,debit,2/13/2019 0:00,id_72,52.47221015,Not_Canceled
TID23031,website,0,group_4,0,26.88867689,2,0,1,3,0,0,3,debit,5/24/2019 0:00,id_56,96.74754825,Not_Canceled
TID20659,website,0,group_1,0,92.18378835,3,0,1,2,0,0,3,debit,3/20/2019 0:00,id_43,57.27923139,Not_Canceled
TID33740,website,0,group_1,0,22.55457357,2,1,1,2,0,0,2,debit,8/12/2018 0:00,id_68,61.7156903,Not_Canceled
TID14191,website,0,group_4,0,51.80535893,1,0,1,3,0,0,1,debit,6/22/2019 0:00,id_79,77.95354936,Not_Canceled
TID20289,app,0,group_1,0,39.50277912,0,0,1,2,0,0,2,credit,7/22/2018 0:00,id_92,59.93754192,Not_Canceled
TID10864,website,0,group_1,0,99.6134925,1,1,1,2,0,0,3,debit,9/22/2018 0:00,id_38,53.64171518,Not_Canceled
TID30450,app,0,group_1,0,117.4796369,0,1,1,1,0,0,2,debit,5/14/2019 0:00,id_29,64.24117034,Not_Canceled
TID26001,website,0,group_1,0,41.25209034,1,2,1,2,0,0,0,debit,12/25/2018 0:00,id_78,46.66266434,Not_Canceled
TID00856,app,0,group_1,0,55.69691169,0,0,1,2,0,0,1,debit,5/16/2019 0:00,id_74,69.24335324,Not_Canceled
TID12629,website,0,group_1,0,127.863176,1,1,1,2,0,0,3,debit,7/16/2019 0:00,id_59,66.39983088,Not_Canceled
TID00713,app,0,group_1,0,67.90344175,0,1,1,2,0,0,3,debit,3/1/2019 0:00,id_8,37.77866149,Not_Canceled
TID02071,telephone,0,group_5,,-99,1,0,1,,3,13,2,debit,2/6/2019 0:00,id_17,0,Not_Canceled
TID20109,website,0,group_4,0,83.26339401,0,2,1,3,0,0,1,debit,7/29/2019 0:00,id_15,89.79658947,Not_Canceled
TID00605,whoosh,0,group_1,,85.15887491,0,1,1,,0,5,0,debit,6/3/2019 0:00,id_60,40.78410636,Not_Canceled
TID15255,app,,group_1,0,301.5952168,0,1,1,1,0,0,1,credit,7/7/2019 0:00,id_23,54.0306016,Not_Canceled
TID35617,website,,group_1,0,8.467880072,1,1,1,2,0,0,2,debit,12/23/2018 0:00,id_68,48.96330321,Not_Canceled
TID06935,website,0,group_1,0,131.9131959,1,2,1,1,0,0,0,credit,6/10/2019 0:00,id_36,54.49664947,Not_Canceled
TID26721,telephone,0,group_1,,-0.629445964,1,0,1,,0,3,1,debit,2/14/2019 0:00,id_88,0,Not_Canceled
TID08893,app,0,group_1,0,163.4488849,1,0,1,2,0,0,1,debit,9/9/2018 0:00,id_40,59.17278266,Not_Canceled
TID28258,website,0,group_1,0,29.06830158,2,0,1,2,0,0,2,debit,8/23/2018 0:00,id_2,56.35426715,Not_Canceled
TID30806,telephone,0,group_4,,55.66444059,0,0,1,,0,0,1,debit,4/10/2019 0:00,id_82,0,Not_Canceled
TID18683,app,0,group_1,0,46.13824638,0,1,1,2,0,0,3,debit,2/26/2019 0:00,id_17,51.42898852,Not_Canceled
TID10339,app,0,group_1,0,54.80449035,1,2,1,2,0,0,1,debit,3/11/2019 0:00,id_44,46.15773551,Not_Canceled
TID19200,website,0,group_1,0,157.5625152,1,1,1,2,0,0,1,debit,9/12/2018 0:00,id_53,53.64171518,Not_Canceled
TID30710,website,0,group_4,0,86.15841298,2,1,1,3,0,0,3,debit,6/21/2019 0:00,id_48,77.95354936,Not_Canceled
TID01860,app,0,group_1,0,134.3894018,0,1,1,2,0,0,2,debit,8/22/2018 0:00,id_69,54.0306016,Not_Canceled
TID36051,website,0,group_4,0,61.56264272,2,1,1,2,0,0,1,debit,5/5/2019 0:00,id_1,79.26749451,Not_Canceled
TID30626,app,0,group_1,0,81.81359204,0,1,1,1,0,0,2,debit,3/19/2019 0:00,id_85,46.95457587,Not_Canceled
TID01044,website,0,group_1,0,8.112143944,1,0,1,2,0,0,1,debit,8/4/2018 0:00,id_22,54.0306016,Not_Canceled
TID30632,website,0,group_1,0,69.72667158,1,2,1,2,0,0,1,debit,3/25/2019 0:00,id_98,58.81532963,Not_Canceled
TID29023,website,0,group_1,0,139.8138475,0,1,1,2,0,0,0,debit,5/21/2019 0:00,id_24,72.65956824,Not_Canceled
TID04195,app,0,group_1,0,26.23188934,0,0,1,2,0,0,1,debit,5/17/2019 0:00,id_31,69.24335324,Not_Canceled
TID27136,app,0,group_1,0,44.24749753,1,2,1,2,0,0,1,debit,3/31/2019 0:00,id_86,56.61145455,Not_Canceled
TID08603,app,0,group_1,0,70.55563987,0,0,1,1,0,0,3,debit,5/22/2019 0:00,id_21,69.24335324,Not_Canceled
TID08920,website,0,group_1,0,96.07382867,1,0,2,2,0,0,2,debit,6/19/2019 0:00,id_2,69.98837128,Not_Canceled
TID27532,website,0,group_1,0,111.485171,1,2,1,2,0,0,3,credit,6/30/2019 0:00,id_58,78.82992248,Not_Canceled
TID34155,website,0,group_4,0,4.906645444,1,2,1,2,0,0,1,debit,7/29/2019 0:00,id_29,68.92009482,Not_Canceled
TID09861,app,0,group_1,0,41.34898733,0,0,1,2,0,0,1,credit,8/12/2018 0:00,id_68,64.24117034,Not_Canceled
TID22807,website,0,group_4,0,46.533874,1,2,1,2,0,0,5,debit,4/19/2019 0:00,id_9,79.26749451,Not_Canceled
TID04477,telephone,0,group_4,,9.641727518,2,0,1,,0,5,1,debit,6/15/2019 0:00,id_20,0,Not_Canceled
TID20079,whoosh,0,group_1,,2.481372318,0,1,1,,0,0,0,debit,9/19/2018 0:00,id_22,40.78410636,Not_Canceled
TID18346,website,0,group_1,0,140.875607,2,2,1,2,0,0,1,debit,6/24/2019 0:00,id_99,61.86770119,Not_Canceled
TID08821,website,0,group_1,0,138.8973518,0,0,1,3,0,0,1,debit,6/23/2019 0:00,id_28,77.95354936,Not_Canceled
TID28385,app,0,group_6,0,47.57657925,0,2,3,2,0,0,3,credit,10/2/2018 0:00,id_23,101.2042223,Not_Canceled
TID01029,app,0,group_1,0,74.42688117,0,0,1,1,0,0,2,credit,8/26/2018 0:00,id_1,48.80522502,Not_Canceled
TID18982,website,0,group_6,0,2.602005421,0,0,3,2,0,0,1,debit,8/6/2018 0:00,id_78,86.79003251,Not_Canceled
TID27846,telephone,0,group_1,,0.28908735,1,0,1,,0,2,1,debit,8/25/2018 0:00,id_96,0,Not_Canceled
TID32049,app,,group_1,0,63.1074828,0,0,1,2,0,0,2,credit,8/12/2018 0:00,id_19,67.24999912,Not_Canceled
TID03622,app,0,group_1,0,76.39516217,0,1,1,2,0,0,2,debit,9/2/2018 0:00,id_83,77.12434065,Not_Canceled
TID02195,whoosh,0,group_4,,15.49839176,0,0,1,,0,0,3,debit,2/13/2019 0:00,id_78,46.68921428,Not_Canceled
TID11793,app,0,group_1,0,102.0002278,0,0,1,1,0,0,2,credit,9/23/2018 0:00,id_39,48.80522502,Canceled
TID13231,website,0,group_4,0,67.88225347,1,0,1,1,0,0,2,debit,4/3/2019 0:00,id_21,68.64636973,Not_Canceled
TID24454,app,0,group_1,0,57.05306832,0,0,1,2,0,0,1,debit,5/16/2019 0:00,id_20,69.24335324,Not_Canceled
TID29130,website,,group_1,0,101.5967212,0,1,1,2,0,0,2,debit,9/23/2018 0:00,id_67,53.64171518,Not_Canceled
TID15622,website,0,group_1,0,41.59976829,0,1,1,2,0,0,3,debit,3/29/2019 0:00,id_74,61.12732299,Not_Canceled
TID30777,app,0,group_1,0,11.96539281,0,1,1,2,0,0,0,debit,9/11/2018 0:00,id_71,44.55711543,Not_Canceled
TID03019,website,1,group_1,0,134.0418412,0,1,1,2,0,0,1,debit,6/11/2019 0:00,id_28,64.14047421,Not_Canceled
TID32986,website,0,group_4,0,1.152298915,1,0,1,2,0,0,1,debit,4/27/2019 0:00,id_40,96.2774224,Not_Canceled
TID21380,app,0,group_1,0,87.32801345,1,1,1,3,0,0,2,debit,6/25/2019 0:00,id_74,57.58699676,Not_Canceled
TID31412,app,,group_1,0,103.025322,0,0,1,2,0,0,2,credit,9/23/2018 0:00,id_68,63.73742421,Not_Canceled
TID16556,app,0,group_1,0,42.15555471,2,0,1,2,0,0,2,debit,10/28/2018 0:00,id_30,39.69560568,Not_Canceled
TID17689,website,0,group_4,0,101.2007723,1,2,1,2,0,0,3,debit,4/12/2019 0:00,id_44,75.46139884,Not_Canceled
TID20106,app,0,group_1,0,3.2118512,0,0,1,2,0,0,1,debit,6/28/2019 0:00,id_7,51.42898852,Not_Canceled
TID16377,website,0,group_1,0,67.84344806,1,0,1,2,0,0,1,debit,6/6/2019 0:00,id_83,68.19806032,Not_Canceled
TID07139,app,0,group_1,0,118.2845389,0,1,1,1,0,0,3,debit,5/14/2019 0:00,id_99,64.24117034,Not_Canceled
TID15473,website,0,group_4,0,8.472483463,0,2,1,2,0,0,1,debit,11/13/2018 0:00,id_52,44.67481553,Not_Canceled
TID03706,website,0,group_4,0,6.184819289,1,1,1,2,0,0,0,debit,1/29/2019 0:00,id_10,63.23301024,Not_Canceled
TID12224,website,0,group_1,0,65.66147456,1,1,1,2,0,0,1,debit,3/12/2019 0:00,id_8,61.86770119,Not_Canceled
TID25549,app,0,group_1,0,111.8201908,0,2,1,2,0,0,2,debit,3/4/2019 0:00,id_76,36.95220629,Not_Canceled
TID27676,whoosh,0,group_1,,86.04007745,0,0,1,,0,0,2,debit,8/17/2018 0:00,id_31,59.17278266,Not_Canceled
TID13023,website,0,group_1,0,203.8547676,3,0,1,2,0,0,4,debit,7/20/2018 0:00,id_8,46.95457587,Not_Canceled
TID22712,website,0,group_2,0,33.98969592,2,2,3,0,0,0,2,debit,3/2/2019 0:00,id_4,48.69979217,Not_Canceled
TID31134,website,0,group_1,0,109.4100193,1,1,1,2,0,0,4,debit,3/28/2019 0:00,id_87,47.69097646,Not_Canceled
TID30291,website,0,group_4,0,117.3479066,2,2,1,2,0,0,2,debit,3/25/2019 0:00,id_17,53.64171518,Not_Canceled
TID14794,app,0,group_1,0,25.43424354,0,0,1,2,0,0,1,debit,5/16/2019 0:00,id_71,69.24335324,Not_Canceled
TID03175,website,1,group_4,0,69.25403395,1,2,1,2,0,0,3,debit,6/7/2019 0:00,id_75,79.26749451,Not_Canceled
TID31411,website,0,group_1,0,7.626702206,1,0,1,2,0,0,2,debit,7/24/2019 0:00,id_66,83.91025828,Not_Canceled
TID24898,app,0,group_1,0,238.6240067,0,0,1,2,0,0,2,credit,5/23/2019 0:00,id_37,65.34709476,Canceled
TID23469,website,0,group_4,0,65.99215894,2,0,1,2,0,0,1,debit,10/27/2018 0:00,id_54,49.80496023,Not_Canceled
TID09711,app,0,group_1,0,39.89893852,0,0,1,2,0,0,2,credit,7/22/2018 0:00,id_11,59.93754192,Not_Canceled
TID15526,app,0,group_1,0,62.72409648,0,0,1,2,0,0,2,credit,8/12/2018 0:00,id_40,67.24999912,Not_Canceled
TID14705,website,1,group_1,0,120.8921616,2,0,1,2,0,0,1,debit,6/14/2019 0:00,id_97,70.88064115,Not_Canceled
TID24496,app,0,group_1,0,55.71503312,0,0,1,2,0,0,2,credit,8/25/2018 0:00,id_19,49.85748475,Not_Canceled
TID00519,website,0,group_4,0,129.5053469,3,0,1,3,0,0,1,debit,7/25/2019 0:00,id_9,82.31930089,Not_Canceled
TID23175,app,0,group_1,0,90.38021955,0,0,1,2,0,0,3,debit,4/17/2019 0:00,id_30,46.15773551,Not_Canceled
TID16524,app,0,group_1,0,54.0027971,0,2,1,1,0,0,1,debit,2/24/2019 0:00,id_24,35.73449639,Not_Canceled
TID27110,website,0,group_4,0,14.44503115,2,1,1,2,0,0,1,debit,10/3/2018 0:00,id_85,77.12434065,Not_Canceled
TID03803,app,0,group_1,0,192.1604739,0,0,1,1,0,0,2,debit,6/1/2019 0:00,id_15,56.61145455,Not_Canceled
TID09987,app,0,group_1,0,0.149878001,0,2,1,1,0,0,1,debit,2/5/2019 0:00,id_18,38.05347992,Canceled
TID17751,app,0,group_4,0,80.80375417,0,0,1,1,0,0,2,credit,9/16/2018 0:00,id_12,63.23301024,Not_Canceled
TID32921,whoosh,0,group_1,,0.215942742,0,0,1,,0,3,1,debit,10/26/2018 0:00,id_50,40.78410636,Not_Canceled
TID13648,website,0,group_6,0,25.53847989,1,0,3,2,0,0,4,debit,9/13/2018 0:00,id_51,89.77279527,Not_Canceled
TID33360,website,1,group_1,0,13.36942666,2,0,2,2,0,0,1,credit,3/1/2019 0:00,id_12,114.5759689,Not_Canceled
TID35593,app,0,group_1,0,5.631458236,0,2,1,2,0,0,1,debit,11/12/2018 0:00,id_65,39.58648523,Not_Canceled
TID31634,app,0,group_1,0,39.30969108,0,0,1,2,0,0,2,credit,7/22/2018 0:00,id_0,59.93754192,Not_Canceled
TID26504,website,,group_1,0,113.2662829,1,0,1,2,0,0,2,debit,3/23/2019 0:00,id_87,57.27923139,Not_Canceled
TID29137,app,0,group_1,0,102.2916925,0,0,1,2,0,0,2,credit,9/23/2018 0:00,id_86,59.93754192,Canceled
TID21106,app,0,group_1,0,55.38874518,0,0,1,2,0,0,1,credit,3/14/2019 0:00,id_3,61.20853328,Not_Canceled
TID25987,website,0,group_4,0,35.61360012,1,1,1,2,0,0,2,debit,2/26/2019 0:00,id_20,65.49765872,Not_Canceled
TID05799,website,0,group_1,0,1.699220131,1,2,1,2,0,0,1,debit,6/3/2019 0:00,id_6,77.93892915,Not_Canceled
TID18399,app,0,group_1,0,39.26429653,0,0,1,2,0,0,2,credit,7/22/2018 0:00,id_68,59.93754192,Not_Canceled
TID01945,website,0,group_1,0,5.010503104,1,0,1,2,0,0,1,debit,12/24/2018 0:00,id_38,48.96330321,Not_Canceled
TID28674,app,0,group_1,0,11.85309076,0,0,1,2,0,0,4,debit,4/18/2019 0:00,id_99,61.20853328,Not_Canceled
TID23032,website,0,group_1,0,10.02028425,1,0,1,2,0,0,1,debit,10/11/2018 0:00,id_7,50.0622424,Not_Canceled
TID35795,website,0,group_4,0,7.827392004,1,0,1,2,0,0,4,debit,1/25/2019 0:00,id_77,62.22215052,Not_Canceled
TID26203,website,0,group_1,0,100.889963,2,2,1,2,0,0,5,debit,3/17/2019 0:00,id_58,44.01609861,Not_Canceled
TID32488,app,,group_1,0,1.70663188,0,2,1,2,0,0,2,debit,3/25/2019 0:00,id_65,44.95815453,Not_Canceled
TID34222,website,0,group_1,0,1.389489293,2,0,1,1,0,0,1,debit,7/19/2018 0:00,id_60,56.61145455,Not_Canceled
TID20770,website,0,group_1,0,138.8527999,1,1,1,2,0,0,2,debit,7/2/2019 0:00,id_25,47.23558691,Not_Canceled
TID31847,app,0,group_1,0,191.9842325,0,0,1,1,0,0,2,debit,6/1/2019 0:00,id_36,56.61145455,Not_Canceled
TID05019,app,0,group_1,0,0.723109947,0,1,1,1,0,0,1,debit,9/26/2018 0:00,id_68,81.49770004,Not_Canceled
TID32011,app,0,group_1,0,68.95329931,1,2,1,3,0,0,5,debit,7/5/2018 0:00,id_15,53.2004073,Not_Canceled
TID32455,app,0,group_1,0,28.22355659,0,0,1,2,0,0,4,debit,10/19/2018 0:00,id_20,51.74232264,Not_Canceled
TID08875,app,0,group_1,0,42.51644921,1,0,1,2,0,0,1,debit,9/1/2018 0:00,id_77,51.42898852,Not_Canceled
TID27873,website,0,group_1,0,5.0239464,0,0,1,1,0,0,1,debit,1/18/2019 0:00,id_69,51.95103622,Not_Canceled
TID26381,website,0,group_6,0,15.91575,3,2,3,2,0,0,1,debit,8/13/2018 0:00,id_74,91.07990928,Not_Canceled
TID17436,website,0,group_1,0,0.300278236,0,0,1,2,0,0,2,debit,2/13/2019 0:00,id_99,60.70067186,Not_Canceled
TID05184,website,0,group_1,0,129.1516977,1,1,1,2,0,0,2,debit,7/23/2019 0:00,id_19,66.39983088,Not_Canceled
TID30816,website,0,group_4,0,33.01131211,2,1,2,2,0,0,4,debit,1/16/2019 0:00,id_66,46.2800654,Not_Canceled
TID32987,whoosh,0,group_1,,13.40319722,0,1,1,,0,0,1,debit,6/18/2019 0:00,id_77,48.27767928,Not_Canceled
TID23767,app,0,group_1,0,168.6254844,0,2,1,2,0,0,2,credit,3/30/2019 0:00,id_66,62.22215052,Canceled
TID33903,website,0,group_4,0,5.658666258,2,0,1,3,0,0,3,debit,3/29/2019 0:00,id_13,87.26842062,Not_Canceled
TID20023,website,0,group_1,0,26.70033921,2,0,1,2,0,0,2,debit,8/26/2018 0:00,id_26,71.22712526,Not_Canceled
TID10946,whoosh,0,group_1,,4.636964559,1,1,1,,0,0,2,debit,9/5/2018 0:00,id_13,56.61145455,Not_Canceled
TID11053,website,0,group_1,0,49.61825333,0,1,1,1,0,0,1,debit,3/12/2019 0:00,id_70,59.1217401,Not_Canceled
TID17580,website,0,group_1,0,2.472636794,1,0,1,2,0,0,1,debit,6/16/2019 0:00,id_66,67.38485957,Not_Canceled
TID19382,website,0,group_1,0,0.897984465,0,0,1,1,0,0,1,debit,2/7/2019 0:00,id_6,0,Not_Canceled
TID04450,website,0,group_1,0,78.5348962,2,2,1,2,0,0,2,debit,4/21/2019 0:00,id_70,69.16877765,Not_Canceled
TID03804,website,0,group_1,0,6.273509525,0,0,2,2,0,0,1,debit,3/6/2019 0:00,id_32,68.74592727,Not_Canceled
TID13786,website,0,group_1,0,6.148076542,2,1,2,2,0,0,0,debit,6/18/2019 0:00,id_0,92.97555515,Not_Canceled
TID07198,website,0,group_1,0,4.525486068,0,0,1,1,0,0,1,debit,9/28/2018 0:00,id_80,0,Not_Canceled
TID11599,website,0,group_4,0,98.9789684,2,2,1,2,0,0,3,debit,4/13/2019 0:00,id_73,76.22515209,Not_Canceled
TID21013,app,0,group_1,0,38.99233014,0,0,1,2,0,0,2,credit,7/22/2018 0:00,id_84,63.73742421,Not_Canceled
TID34552,website,0,group_4,0,19.6376058,1,2,1,3,0,0,5,debit,1/27/2019 0:00,id_27,74.18557739,Not_Canceled
TID18407,app,0,group_1,0,56.22605645,0,0,1,2,0,0,1,debit,5/16/2019 0:00,id_38,69.24335324,Not_Canceled
TID22984,app,,group_1,0,153.678839,0,1,1,2,0,0,4,debit,5/7/2019 0:00,id_94,49.20026125,Not_Canceled
TID02220,app,0,group_1,0,128.5260677,1,2,1,2,0,0,5,debit,1/13/2019 0:00,id_31,28.74929968,Not_Canceled
TID01951,app,0,group_1,0,55.69444056,0,0,1,1,0,0,2,credit,8/25/2018 0:00,id_24,36.95220629,Not_Canceled
TID26943,website,0,group_1,0,40.35813097,1,2,1,2,0,0,2,debit,2/10/2019 0:00,id_28,50.85371292,Not_Canceled
TID03145,website,0,group_1,0,1.340561045,1,0,1,2,0,0,3,debit,2/28/2019 0:00,id_53,77.12434065,Not_Canceled
TID05674,website,0,group_1,0,36.16846433,0,2,1,2,0,0,0,debit,6/3/2019 0:00,id_96,56.27707271,Not_Canceled
TID09343,website,0,group_1,0,41.57245762,0,2,1,2,0,0,3,debit,1/26/2019 0:00,id_76,46.45548832,Canceled
TID13438,app,0,group_1,0,26.40153803,0,1,1,2,0,0,4,credit,3/26/2019 0:00,id_53,76.04901589,Not_Canceled
TID26178,website,0,group_4,0,26.75439085,1,0,1,1,0,0,1,debit,4/25/2019 0:00,id_29,69.303004,Not_Canceled
TID01934,website,0,group_1,0,26.67099508,2,2,1,3,0,0,2,debit,3/3/2019 0:00,id_32,94.39302116,Not_Canceled
TID28202,app,0,group_1,0,35.96095456,0,0,1,2,0,0,3,debit,1/19/2019 0:00,id_13,40.24046616,Not_Canceled
TID15808,app,0,group_1,0,189.4001767,0,1,1,2,0,0,3,debit,7/16/2019 0:00,id_42,44.69086155,Not_Canceled
TID22659,app,0,group_1,0,150.6002843,0,0,1,1,0,0,3,debit,12/27/2018 0:00,id_66,44.02146061,Not_Canceled
TID12789,website,0,group_1,0,44.47344348,3,0,2,2,0,0,1,debit,10/8/2018 0:00,id_6,66.14943474,Not_Canceled
TID08346,app,0,group_1,0,308.2523217,0,1,1,2,0,0,2,debit,4/20/2019 0:00,id_33,40.78410636,Not_Canceled
TID06263,website,0,group_1,0,31.28199149,1,1,1,2,0,0,2,debit,8/19/2018 0:00,id_82,76.19580081,Not_Canceled
TID00494,app,0,group_1,0,25.29551489,1,2,1,2,0,0,5,debit,10/18/2018 0:00,id_52,42.4079134,Not_Canceled
TID27542,app,0,group_1,0,71.0593212,1,2,2,2,0,0,2,debit,5/25/2019 0:00,id_40,55.62278054,Not_Canceled
TID30614,app,0,group_1,0,45.06179151,0,1,1,2,0,0,2,debit,2/26/2019 0:00,id_76,51.42898852,Not_Canceled
TID00828,website,0,group_2,0,16.16789746,0,1,1,2,0,0,3,debit,12/26/2018 0:00,id_76,52.08141117,Not_Canceled
TID35941,app,0,group_1,0,43.67733627,0,0,1,2,0,0,3,debit,1/25/2019 0:00,id_72,46.15773551,Not_Canceled
TID04723,website,,group_4,0,148.0251556,1,0,1,2,0,0,4,debit,4/25/2019 0:00,id_98,52.17524742,Not_Canceled
TID24363,website,,group_4,0,25.74467798,1,0,1,2,0,0,2,debit,3/28/2019 0:00,id_26,77.61229089,Not_Canceled
TID22515,whoosh,0,group_1,,0.994379421,0,0,1,,0,0,2,debit,9/6/2018 0:00,id_18,51.42898852,Not_Canceled
TID25830,website,0,group_1,0,26.40251888,1,1,1,2,0,0,1,debit,1/7/2019 0:00,id_58,54.5483914,Not_Canceled
TID09565,website,0,group_4,0,19.872273,1,2,1,2,0,0,3,debit,8/28/2018 0:00,id_71,68.32264016,Not_Canceled
TID08062,app,0,group_1,0,164.0263276,0,0,1,1,0,0,2,debit,9/9/2018 0:00,id_18,59.17278266,Not_Canceled
TID05412,website,,group_1,0,30.62977611,1,0,1,2,0,0,3,debit,11/3/2018 0:00,id_45,57.27923139,Not_Canceled
TID03065,website,0,group_4,0,1.927716592,3,0,1,3,0,0,2,debit,2/28/2019 0:00,id_2,92.97555515,Not_Canceled
TID04498,app,0,group_1,0,55.48434245,0,0,1,2,0,0,2,credit,8/25/2018 0:00,id_21,49.85748475,Not_Canceled
TID17033,website,0,group_2,0,43.15986405,1,0,3,2,0,0,3,debit,12/22/2018 0:00,id_38,52.34199796,Not_Canceled
TID07076,website,0,group_4,0,147.5123801,1,2,1,3,0,0,2,debit,6/10/2019 0:00,id_67,73.1671888,Not_Canceled
TID25891,website,0,group_1,0,5.343675615,0,2,1,2,0,0,1,debit,10/8/2018 0:00,id_56,61.88289884,Not_Canceled
TID20548,website,0,group_1,0,111.5885796,1,0,1,2,0,0,2,debit,7/24/2019 0:00,id_55,68.19806032,Not_Canceled
TID28067,website,0,group_1,0,116.7459958,1,0,1,2,0,0,3,debit,7/17/2019 0:00,id_40,66.39983088,Not_Canceled
TID27360,app,0,group_1,0,3.238556314,0,2,1,1,0,0,1,credit,6/18/2018 0:00,id_93,44.82454116,Not_Canceled
TID24809,app,0,group_1,0,11.61633391,0,0,1,2,0,0,3,debit,2/22/2019 0:00,id_15,25.98867817,Not_Canceled
TID05957,app,0,group_1,0,103.893683,0,0,1,2,0,0,3,debit,11/10/2018 0:00,id_74,46.15773551,Not_Canceled
TID27722,whoosh,0,group_5,,3.736772891,0,0,1,,0,0,3,debit,6/26/2019 0:00,id_40,82.46414582,Not_Canceled
TID03212,website,0,group_1,0,147.7890693,1,2,1,2,0,0,5,debit,7/2/2019 0:00,id_57,62.2019054,Not_Canceled
TID28359,whoosh,0,group_1,,3.136693242,0,1,1,,0,0,1,debit,7/30/2019 0:00,id_66,59.17278266,Not_Canceled
TID15612,whoosh,0,group_4,,15.482969,0,1,1,,0,0,3,debit,2/12/2019 0:00,id_53,46.15773551,Not_Canceled
TID25061,website,0,group_1,0,7.077795367,0,1,1,2,0,0,2,debit,6/18/2019 0:00,id_37,84.3913619,Not_Canceled
TID07273,website,1,group_1,0,14.68397781,1,2,1,2,0,0,2,debit,11/11/2018 0:00,id_90,65.99912079,Not_Canceled
TID24761,app,0,group_1,0,97.62683731,0,2,1,2,0,0,3,debit,4/22/2019 0:00,id_1,46.15773551,Not_Canceled
TID03247,app,0,group_1,0,32.22094721,0,0,1,1,0,0,2,debit,10/28/2018 0:00,id_5,45.09170191,Not_Canceled
TID33053,website,0,group_2,0,9.94774722,0,2,1,2,0,0,1,debit,12/3/2018 0:00,id_14,50.68615657,Not_Canceled
TID15582,app,0,group_1,0,152.1196991,0,0,1,1,0,0,1,debit,12/28/2018 0:00,id_78,44.02146061,Not_Canceled
TID09761,whoosh,0,group_1,,3.387872246,0,1,1,,0,0,0,debit,10/10/2018 0:00,id_19,40.78410636,Not_Canceled
TID23982,website,0,group_1,0,14.07190807,2,2,1,2,0,0,3,debit,6/9/2019 0:00,id_26,84.3913619,Not_Canceled
TID20628,website,0,group_1,0,33.94582351,1,1,1,2,0,0,2,debit,9/19/2018 0:00,id_6,60.9546911,Not_Canceled
TID34902,website,1,group_1,0,-0.505281602,2,0,1,2,0,0,3,debit,7/19/2018 0:00,id_14,75.65735632,Not_Canceled
TID26998,website,0,group_1,0,117.9604047,1,2,1,2,0,0,3,debit,3/18/2019 0:00,id_2,54.52252146,Not_Canceled
TID08806,website,0,group_4,0,38.03105913,1,1,1,2,0,0,1,debit,4/28/2019 0:00,id_14,79.26749451,Not_Canceled
TID26049,app,0,group_1,0,28.13139077,1,2,1,1,0,0,1,debit,2/10/2019 0:00,id_28,51.95103622,Not_Canceled
TID07164,app,0,group_4,0,67.37145179,1,1,1,2,0,0,3,debit,11/7/2018 0:00,id_49,38.05347992,Not_Canceled
TID07044,website,0,group_4,0,34.0158755,1,1,1,2,0,0,1,debit,3/10/2019 0:00,id_77,74.8730121,Not_Canceled
TID01705,app,0,group_1,1,59.07090332,0,2,1,2,0,1,1,debit,5/12/2019 0:00,id_9,56.61145455,Not_Canceled
TID09338,app,0,group_1,0,144.9985419,0,2,1,2,0,0,1,debit,12/11/2018 0:00,id_83,40.78410636,Not_Canceled
TID18436,website,0,group_1,0,19.63157527,0,1,1,2,0,0,2,debit,4/9/2019 0:00,id_13,74.18557739,Not_Canceled
TID18794,website,0,group_4,0,14.44343974,1,1,1,2,0,0,2,debit,9/12/2018 0:00,id_20,77.12434065,Not_Canceled
TID19149,app,0,group_1,0,63.18512738,0,0,1,1,0,0,2,debit,12/27/2018 0:00,id_10,44.02146061,Not_Canceled
TID28809,website,0,group_1,0,214.922327,2,1,1,2,0,0,2,debit,7/16/2019 0:00,id_12,57.27923139,Not_Canceled
TID30541,website,0,group_4,0,1.565026433,0,0,1,3,0,0,4,debit,6/13/2019 0:00,id_60,102.5924301,Not_Canceled
TID00979,website,0,group_1,0,0.115700688,0,1,1,2,0,0,0,debit,8/21/2018 0:00,id_27,66.24961223,Not_Canceled
TID07915,website,0,group_1,0,123.1339519,0,0,1,2,0,0,4,debit,4/11/2019 0:00,id_93,44.34298264,Not_Canceled
TID24241,app,0,group_1,0,54.54536595,0,0,1,2,0,0,1,credit,3/14/2019 0:00,id_43,61.20853328,Not_Canceled
TID00267,website,0,group_1,0,131.3681436,1,2,1,2,0,0,3,debit,5/25/2019 0:00,id_45,62.09053748,Not_Canceled
TID30889,app,0,group_1,0,21.71064574,0,0,1,2,0,0,2,debit,4/27/2019 0:00,id_75,79.07306831,Not_Canceled
TID11514,website,0,group_1,0,1.563428381,1,0,1,1,0,0,1,debit,1/10/2019 0:00,id_40,51.42898852,Not_Canceled
TID02766,app,0,group_1,0,22.10786119,0,0,1,2,0,0,2,debit,4/27/2019 0:00,id_89,79.07306831,Not_Canceled
TID32202,website,0,group_1,0,88.24911154,0,2,1,2,0,0,1,debit,3/10/2019 0:00,id_31,52.62839365,Canceled
TID27262,whoosh,0,group_1,,8.524643526,0,0,1,,0,0,1,debit,9/8/2018 0:00,id_24,40.78410636,Not_Canceled
TID25052,website,0,group_4,0,104.056925,2,1,1,2,0,0,3,debit,6/28/2019 0:00,id_76,70.88064115,Not_Canceled
TID12450,app,0,group_1,0,179.487374,1,1,1,2,0,0,1,debit,4/9/2019 0:00,id_10,59.17278266,Not_Canceled
TID15890,app,0,group_1,0,102.2944276,0,0,1,2,0,0,2,credit,9/23/2018 0:00,id_30,63.73742421,Not_Canceled
TID17213,website,0,group_1,0,71.37614424,0,0,1,3,0,0,1,debit,4/20/2019 0:00,id_73,88.36704472,Canceled
TID15474,app,0,group_1,0,10.88444446,0,1,1,1,0,0,2,debit,9/26/2018 0:00,id_78,47.21968807,Not_Canceled
TID34711,app,0,group_1,0,121.9693206,0,2,1,1,0,0,1,credit,3/4/2019 0:00,id_6,51.95103622,Not_Canceled
TID09868,website,0,group_2,0,68.36906239,0,2,1,2,0,0,5,debit,12/6/2018 0:00,id_67,55.28740936,Not_Canceled
TID05784,website,1,group_4,0,95.87054115,2,1,1,3,0,0,0,debit,5/27/2019 0:00,id_76,92.64429056,Not_Canceled
TID31419,telephone,0,group_1,,1.81670363,0,0,1,,0,0,1,debit,1/4/2019 0:00,id_62,0,Not_Canceled
TID03384,website,0,group_1,0,85.50713455,0,1,1,2,0,0,4,debit,1/11/2019 0:00,id_2,44.02146061,Not_Canceled
TID22844,app,0,group_4,0,1.51267956,0,0,1,1,0,0,1,credit,3/14/2019 0:00,id_77,55.06536163,Not_Canceled
TID14395,website,0,group_4,0,3.062843252,1,1,1,2,0,0,0,debit,8/29/2018 0:00,id_65,86.31120013,Not_Canceled
TID20304,app,0,group_4,0,-0.381522673,1,0,1,2,0,0,2,debit,5/25/2019 0:00,id_68,54.52252146,Not_Canceled
TID15650,app,0,group_1,0,74.39877222,0,0,1,2,0,0,2,credit,8/26/2018 0:00,id_70,63.73742421,Not_Canceled
TID07005,website,0,group_1,0,148.3888369,1,0,1,2,0,0,2,debit,8/19/2018 0:00,id_62,55.83930225,Not_Canceled
TID36202,app,0,group_1,0,35.73330783,0,0,1,2,0,0,3,credit,9/20/2018 0:00,id_92,65.24668649,Not_Canceled
TID33711,whoosh,0,group_1,,2.592435393,0,2,1,,3,39,0,debit,7/1/2019 0:00,id_0,40.78410636,Not_Canceled
TID18720,website,0,group_1,0,1.321784215,1,0,1,1,0,0,1,debit,3/23/2019 0:00,id_26,45.58259214,Not_Canceled
TID24879,website,,group_4,0,106.0787682,0,0,1,2,0,0,3,debit,4/5/2019 0:00,id_63,64.89505319,Not_Canceled
TID11661,app,0,group_1,0,38.7413925,1,2,1,3,0,0,1,debit,2/18/2019 0:00,id_28,66.75011988,Not_Canceled
TID09838,app,0,group_1,0,113.2272058,0,1,1,2,0,0,3,debit,6/21/2019 0:00,id_55,44.69086155,Not_Canceled
TID16104,whoosh,0,group_1,,6.855357005,0,1,1,,0,0,2,debit,4/16/2019 0:00,id_30,56.61145455,Not_Canceled
TID17460,app,0,group_1,0,301.1398098,0,1,1,1,0,0,1,credit,7/7/2019 0:00,id_82,54.0306016,Not_Canceled
TID09155,website,0,group_4,0,6.496584124,1,0,1,2,0,0,3,debit,4/11/2019 0:00,id_13,86.79003251,Not_Canceled
TID29455,website,0,group_4,0,5.845987967,1,1,1,2,0,0,1,debit,4/16/2019 0:00,id_53,72.21552848,Not_Canceled
TID17518,website,0,group_4,0,95.48212614,2,0,1,3,0,0,4,credit,6/19/2019 0:00,id_59,102.3597315,Not_Canceled
TID04504,app,0,group_1,0,82.74231655,0,0,1,2,0,0,1,credit,9/7/2018 0:00,id_36,65.34709476,Not_Canceled
TID10722,app,0,group_1,0,131.2184287,0,2,1,2,0,0,1,credit,7/23/2018 0:00,id_54,56.35426715,Not_Canceled
TID15694,website,0,group_1,0,36.47813596,0,1,1,2,0,0,3,debit,12/1/2018 0:00,id_42,37.45945698,Not_Canceled
TID22568,app,0,group_1,0,186.3484357,0,1,1,2,0,0,2,debit,3/30/2019 0:00,id_84,48.80522502,Not_Canceled
TID03036,website,0,group_1,0,146.5449997,0,1,1,2,0,0,3,debit,5/28/2019 0:00,id_66,55.05503019,Not_Canceled
TID06487,app,0,group_1,0,82.41200716,0,0,1,1,0,0,1,credit,9/7/2018 0:00,id_64,54.3413744,Not_Canceled
TID21483,app,0,group_4,0,15.92318306,0,0,1,2,0,0,1,debit,4/26/2019 0:00,id_26,71.62276109,Not_Canceled
TID21695,app,0,group_1,0,2.205673442,1,1,1,2,0,0,2,debit,2/12/2019 0:00,id_80,52.47221015,Not_Canceled
TID02746,app,0,group_1,0,59.41082767,0,2,1,2,0,0,3,debit,3/10/2019 0:00,id_32,46.15773551,Not_Canceled
TID03391,website,0,group_4,0,12.35541712,2,2,1,3,0,0,3,debit,1/15/2019 0:00,id_44,74.18557739,Not_Canceled
TID26153,website,0,group_4,0,47.98484121,1,0,1,2,0,0,3,debit,2/14/2019 0:00,id_56,61.86770119,Not_Canceled
TID01129,whoosh,0,group_1,,7.218928278,0,0,1,,2,7,2,debit,9/30/2018 0:00,id_6,40.78410636,Not_Canceled
TID26866,website,0,group_1,0,1.886998966,1,0,2,2,0,0,1,debit,2/27/2019 0:00,id_40,68.74592727,Not_Canceled
TID23708,app,0,group_1,0,7.996531279,0,0,1,2,0,0,3,debit,9/28/2018 0:00,id_69,51.42898852,Not_Canceled
TID04456,website,1,group_2,0,66.29771158,1,0,1,2,0,0,3,debit,1/17/2019 0:00,id_59,49.0949701,Not_Canceled
TID13907,app,,group_1,0,150.553486,0,0,1,2,0,0,2,debit,12/27/2018 0:00,id_57,52.21173169,Not_Canceled
TID35198,website,0,group_1,0,11.4867884,1,2,1,2,0,0,2,debit,9/10/2018 0:00,id_73,81.49770004,Not_Canceled
TID17078,website,0,group_1,0,82.14362866,1,2,1,2,0,0,4,debit,8/27/2018 0:00,id_48,53.64171518,Not_Canceled
TID05324,app,0,group_1,0,255.4839126,0,0,1,1,0,0,2,credit,5/23/2019 0:00,id_45,54.0306016,Not_Canceled
TID13622,app,0,group_1,0,88.44061247,1,0,1,2,0,0,3,credit,4/10/2019 0:00,id_23,67.74925609,Not_Canceled
TID04726,app,0,group_1,0,60.57024421,0,1,1,2,0,0,1,debit,8/29/2018 0:00,id_3,40.78410636,Not_Canceled
TID30830,whoosh,0,group_1,,17.58291424,0,0,1,,0,0,1,debit,10/20/2018 0:00,id_51,40.78410636,Canceled
TID03685,website,0,group_1,0,86.27601607,1,2,1,2,0,0,3,debit,1/28/2019 0:00,id_75,36.3607986,Not_Canceled
TID26035,website,0,group_1,0,174.4283681,1,0,1,2,0,0,4,debit,7/10/2019 0:00,id_47,58.89195723,Not_Canceled
TID07938,app,0,group_1,0,84.87843295,0,0,1,2,0,0,3,debit,6/12/2019 0:00,id_73,52.1387589,Not_Canceled
TID28301,website,0,group_1,0,32.68933675,2,0,1,1,0,0,2,debit,8/24/2018 0:00,id_85,51.69012231,Not_Canceled
TID16086,website,0,group_1,0,0.070833582,1,0,2,2,0,0,4,debit,1/31/2019 0:00,id_59,65.24668649,Not_Canceled
TID05919,app,0,group_1,0,191.9725363,0,2,1,2,0,0,3,debit,9/2/2018 0:00,id_41,14.05604972,Canceled
TID02356,app,0,group_1,0,14.82752876,0,0,1,1,0,0,2,debit,9/22/2018 0:00,id_41,59.17278266,Not_Canceled
TID21968,website,0,group_4,0,18.96563461,1,0,1,1,0,0,2,debit,1/3/2019 0:00,id_37,48.06639242,Not_Canceled
TID10523,website,0,,0,13.69847247,2,0,2,3,0,0,3,debit,7/18/2019 0:00,id_79,121.6868743,Not_Canceled
TID23287,website,0,group_1,0,92.42037806,1,2,1,2,0,0,3,credit,5/24/2019 0:00,id_30,87.38794861,Not_Canceled
TID35269,website,,group_1,0,43.19466683,1,1,1,2,0,0,3,debit,2/19/2019 0:00,id_30,49.80496023,Not_Canceled
TID35244,website,0,group_4,0,112.9886655,0,1,1,2,0,0,5,debit,6/12/2019 0:00,id_4,55.55057536,Not_Canceled
TID22004,app,0,group_1,0,55.53282699,0,0,1,2,0,0,1,debit,5/16/2019 0:00,id_98,69.24335324,Not_Canceled
TID13024,website,0,group_1,0,63.52011948,1,1,1,2,0,0,1,debit,9/17/2018 0:00,id_14,53.64171518,Not_Canceled
TID22529,app,0,group_1,0,73.45757757,0,0,1,2,0,0,2,credit,8/26/2018 0:00,id_72,59.93754192,Not_Canceled
TID09201,website,0,group_1,0,1.234193272,0,0,1,1,0,0,1,debit,5/15/2019 0:00,id_18,71.22712526,Not_Canceled
TID05556,app,0,group_4,0,48.07248316,0,0,1,2,0,0,2,debit,9/16/2018 0:00,id_76,52.62839365,Not_Canceled
TID29049,website,1,group_1,0,7.217709817,1,1,1,2,0,0,4,debit,2/19/2019 0:00,id_81,68.24789683,Not_Canceled
TID10982,app,0,group_1,0,40.2135565,1,2,1,2,0,0,2,debit,12/3/2018 0:00,id_88,39.69560568,Not_Canceled
TID05152,website,0,group_6,0,37.02286044,0,2,3,2,0,0,3,debit,5/18/2019 0:00,id_63,112.7466413,Canceled
TID28894,whoosh,0,group_1,,40.72653721,0,2,1,,0,0,1,debit,2/18/2019 0:00,id_35,51.77885764,Not_Canceled
TID26910,website,0,group_4,0,129.2735595,1,1,1,1,0,0,2,debit,4/20/2019 0:00,id_68,69.98837128,Not_Canceled
TID04416,website,0,group_2,0,33.13840596,1,0,3,0,0,0,2,debit,12/14/2018 0:00,id_69,5.000256741,Not_Canceled
TID23865,app,0,group_1,0,50.21672938,1,0,1,2,0,0,3,debit,12/22/2018 0:00,id_58,33.61475809,Not_Canceled
TID19269,website,1,group_1,0,11.48946447,0,1,1,1,0,0,3,debit,1/23/2019 0:00,id_59,56.61145455,Not_Canceled
TID03229,whoosh,0,group_1,,2.092454806,0,2,1,,0,7,0,debit,6/17/2019 0:00,id_77,40.78410636,Not_Canceled
TID29366,website,0,group_1,0,36.77505237,2,0,2,2,0,0,2,debit,3/1/2019 0:00,id_11,78.17279722,Not_Canceled
TID22339,website,,group_1,0,6.616119339,1,1,1,2,0,0,1,debit,2/12/2019 0:00,id_49,60.70067186,Not_Canceled
TID31805,website,0,group_1,0,123.6828725,1,2,1,1,0,0,0,debit,6/10/2019 0:00,id_20,54.49664947,Not_Canceled
TID18251,website,0,group_4,0,38.59441035,2,0,1,2,0,0,2,debit,5/25/2019 0:00,id_38,63.98434283,Not_Canceled
TID19740,website,1,group_4,0,50.62654183,1,0,1,2,0,0,2,debit,7/31/2019 0:00,id_11,87.93742373,Not_Canceled
TID15070,app,0,group_1,0,102.158016,0,0,1,2,0,0,2,credit,9/23/2018 0:00,id_28,63.73742421,Not_Canceled
TID08101,app,0,group_1,0,39.71063615,0,0,1,2,0,0,2,credit,7/22/2018 0:00,id_30,63.73742421,Not_Canceled
TID17220,app,0,group_1,0,12.81965548,0,0,1,2,0,0,3,debit,2/22/2019 0:00,id_48,48.80522502,Not_Canceled
TID07836,app,,group_1,0,47.51573733,2,2,2,2,0,0,4,credit,10/2/2018 0:00,id_25,88.5817233,Not_Canceled
TID20593,whoosh,0,group_1,,7.553835811,0,1,1,,0,0,0,debit,9/19/2018 0:00,id_2,40.78410636,Not_Canceled
TID14592,app,0,group_1,0,95.52832035,0,2,1,2,0,0,1,credit,6/18/2018 0:00,id_94,56.35426715,Canceled
TID08602,website,0,group_4,0,85.88786503,0,0,1,3,0,0,2,debit,7/3/2019 0:00,id_93,77.95354936,Not_Canceled
TID15589,website,0,group_1,0,25.90155254,0,2,1,2,0,0,2,debit,1/15/2019 0:00,id_16,40.58853512,Not_Canceled
TID24473,app,0,group_1,0,7.030549337,0,0,1,1,0,0,3,debit,12/6/2018 0:00,id_44,40.78410636,Not_Canceled
TID15242,website,0,group_1,0,63.35988281,0,2,1,2,0,0,3,debit,9/17/2018 0:00,id_5,53.64171518,Not_Canceled
TID14005,app,0,group_1,0,187.5071664,0,0,1,1,0,0,2,debit,5/23/2019 0:00,id_75,74.18557739,Canceled
TID00200,website,0,group_2,0,13.88972583,3,1,1,2,0,0,1,debit,7/21/2019 0:00,id_99,78.12408441,Not_Canceled
TID11495,website,0,group_1,0,2.892817383,1,0,1,2,0,0,1,debit,7/23/2018 0:00,id_85,71.22712526,Not_Canceled
TID15607,app,0,group_1,0,147.526436,0,1,1,2,0,0,4,debit,12/7/2018 0:00,id_29,41.86780981,Not_Canceled
TID14754,website,0,group_1,0,56.94157279,3,0,1,1,0,0,2,debit,10/5/2018 0:00,id_87,51.69012231,Not_Canceled
TID20547,website,0,group_1,0,-0.457626741,1,1,1,2,0,0,0,debit,12/5/2018 0:00,id_89,45.99277067,Not_Canceled
TID33598,whoosh,0,group_1,,9.396986673,0,3,1,,0,0,5,debit,5/6/2019 0:00,id_96,64.24117034,Not_Canceled
TID15020,app,0,group_1,0,119.5676307,0,1,1,1,0,0,3,debit,5/14/2019 0:00,id_11,64.24117034,Not_Canceled
TID11164,app,0,group_1,0,164.7921434,0,0,1,1,0,0,2,debit,9/9/2018 0:00,id_47,59.17278266,Not_Canceled
TID24743,website,0,group_4,0,42.68539157,1,0,1,2,0,0,2,debit,6/19/2019 0:00,id_51,83.62137334,Not_Canceled
TID08625,whoosh,,group_1,,0.973932227,0,0,1,,0,0,1,debit,3/6/2019 0:00,id_66,48.27767928,Not_Canceled
TID20969,app,0,group_1,0,86.57892574,1,1,1,2,0,0,2,debit,4/27/2019 0:00,id_18,40.78410636,Not_Canceled
TID13663,whoosh,0,group_1,,0.664865923,0,0,1,,0,0,1,debit,3/14/2019 0:00,id_25,74.67671076,Not_Canceled
TID24434,website,0,group_1,0,66.34518125,2,2,1,2,0,0,5,debit,8/20/2018 0:00,id_85,57.21251249,Not_Canceled
TID26649,whoosh,1,group_1,,-0.401162746,0,0,1,,0,1,2,debit,10/4/2018 0:00,id_77,40.78410636,Not_Canceled
TID34631,website,0,group_6,0,87.52951363,2,2,1,3,0,0,5,debit,6/16/2019 0:00,id_46,98.69916999,Not_Canceled
TID25766,website,0,group_1,0,93.99684258,3,0,1,2,0,0,3,debit,3/20/2019 0:00,id_43,57.27923139,Not_Canceled
TID22655,website,0,group_4,0,39.23187816,0,1,1,2,0,0,4,debit,2/19/2019 0:00,id_83,58.57000893,Not_Canceled
TID09206,app,0,group_1,0,88.1232058,1,1,1,2,0,0,2,debit,2/9/2019 0:00,id_2,38.05347992,Not_Canceled
TID35246,app,0,group_1,0,74.56890578,0,0,1,2,0,0,2,credit,8/26/2018 0:00,id_84,63.73742421,Not_Canceled
TID00050,app,0,group_1,0,13.64351725,0,0,1,1,0,0,2,debit,9/22/2018 0:00,id_52,59.17278266,Not_Canceled
TID08060,website,0,group_1,0,0.230310184,1,0,1,2,0,0,4,debit,12/7/2018 0:00,id_17,70.48431086,Not_Canceled
TID03500,website,0,group_4,0,126.4958102,2,1,1,2,0,0,4,credit,6/20/2019 0:00,id_63,81.25578801,Not_Canceled
TID01176,website,0,group_4,0,64.07428963,0,0,1,3,0,0,3,debit,7/17/2019 0:00,id_40,92.64429056,Not_Canceled
TID28649,website,0,group_6,0,9.928656144,1,0,3,2,0,0,1,debit,7/30/2018 0:00,id_98,57.63826422,Not_Canceled
TID33703,website,0,group_1,0,121.8937365,0,0,1,2,0,0,2,debit,6/23/2018 0:00,id_83,51.69012231,Canceled
TID14221,website,0,group_4,0,5.250509261,1,2,1,2,0,0,2,debit,5/5/2019 0:00,id_73,75.70633236,Not_Canceled
TID04127,website,0,group_1,0,62.02657106,1,1,1,2,0,0,3,debit,4/2/2019 0:00,id_2,64.08004382,Not_Canceled
TID09445,website,0,group_4,0,6.772690819,2,2,1,3,0,0,3,debit,5/6/2019 0:00,id_46,80.02014142,Not_Canceled
TID27054,website,0,group_1,1,-0.062699378,1,3,1,1,0,1,7,debit,11/7/2018 0:00,id_90,42.9468774,Not_Canceled
TID31137,website,0,group_1,0,-0.793127749,2,1,2,2,0,0,3,debit,8/29/2018 0:00,id_58,65.07090964,Not_Canceled
TID34123,app,0,group_1,0,112.0531496,1,0,1,2,0,0,3,debit,5/10/2019 0:00,id_36,69.24335324,Not_Canceled
TID13518,website,0,group_1,0,3.491862549,0,0,1,1,0,0,1,debit,3/24/2019 0:00,id_35,71.72161267,Not_Canceled
TID16291,app,0,group_1,0,27.16373846,0,0,1,1,0,0,1,debit,10/6/2018 0:00,id_68,74.18557739,Not_Canceled
TID07674,whoosh,0,group_1,,9.407564538,0,0,1,,0,0,2,debit,2/7/2019 0:00,id_65,35.84547761,Not_Canceled
TID00556,website,0,group_2,0,75.33782466,0,1,1,2,0,0,2,debit,2/19/2019 0:00,id_31,43.23207267,Not_Canceled
TID08631,website,0,group_1,0,36.87373003,1,2,1,2,0,0,3,debit,7/27/2019 0:00,id_72,77.07551714,Not_Canceled
TID20022,whoosh,0,group_1,,5.494115709,0,0,1,,0,0,3,debit,2/13/2019 0:00,id_0,41.32654741,Not_Canceled
TID23719,website,0,group_1,0,41.97142518,1,1,1,2,0,0,0,debit,1/29/2019 0:00,id_34,48.96330321,Not_Canceled
TID24930,app,0,group_1,0,71.17974433,0,0,1,2,0,0,3,credit,8/30/2018 0:00,id_45,72.70887783,Not_Canceled
TID31475,app,0,group_1,0,59.60877514,1,1,1,2,0,0,3,debit,9/19/2018 0:00,id_49,40.78410636,Not_Canceled
TID06153,app,0,group_1,0,121.2065871,0,1,1,2,0,0,1,debit,3/10/2019 0:00,id_31,44.02146061,Not_Canceled
TID14150,website,1,group_4,0,0.895598875,2,0,2,2,0,0,1,debit,5/8/2019 0:00,id_83,86.31120013,Not_Canceled
TID18054,website,0,group_1,0,1.299970689,0,0,1,1,0,0,1,debit,1/18/2019 0:00,id_57,48.27767928,Not_Canceled
TID17391,website,0,,0,1.640943217,2,0,3,2,0,0,3,debit,6/6/2019 0:00,id_4,111.6466395,Not_Canceled
TID28718,app,0,group_1,0,52.78170237,0,1,1,2,0,0,2,debit,5/4/2019 0:00,id_2,51.42898852,Not_Canceled
TID09116,website,0,group_1,0,5.943080702,1,6,1,2,0,0,14,debit,12/18/2018 0:00,id_10,52.8365181,Not_Canceled
TID32215,website,0,group_4,0,0.081988158,0,0,1,2,0,0,1,debit,1/21/2019 0:00,id_4,62.22215052,Not_Canceled
TID22386,website,0,group_1,0,19.12048455,2,1,1,2,0,0,2,debit,8/22/2018 0:00,id_54,61.7156903,Not_Canceled
TID09084,website,0,group_1,0,3.095184012,1,1,1,2,0,0,3,debit,8/29/2018 0:00,id_0,81.49770004,Not_Canceled
TID28452,app,,group_1,0,53.93108041,0,2,1,2,0,0,1,debit,6/10/2019 0:00,id_12,51.69012231,Not_Canceled
TID17466,app,0,group_1,0,13.27593062,0,2,1,2,0,0,5,credit,9/29/2018 0:00,id_63,75.15259228,Not_Canceled
TID10730,app,0,group_1,1,18.99633595,0,0,1,1,1,0,3,debit,9/13/2018 0:00,id_2,48.80522502,Not_Canceled
TID12603,telephone,0,group_4,,-77,3,0,1,,2,2,1,debit,4/12/2019 0:00,id_84,0,Not_Canceled
TID01037,website,0,group_4,0,59.21054703,0,2,1,2,0,0,5,debit,3/20/2019 0:00,id_11,65.95401542,Not_Canceled
TID24982,app,0,group_1,0,149.3806652,0,2,1,2,0,0,1,credit,12/10/2018 0:00,id_80,59.68280455,Not_Canceled
TID12296,website,1,group_1,0,10.01788336,1,0,1,2,0,0,2,debit,3/30/2019 0:00,id_52,79.07306831,Not_Canceled
TID01794,website,0,group_1,0,35.33520589,1,1,1,2,0,0,1,debit,9/24/2018 0:00,id_70,61.63966135,Not_Canceled
TID21916,website,0,group_1,0,34.72164902,2,1,1,2,0,0,1,debit,9/19/2018 0:00,id_9,60.9546911,Not_Canceled
TID16913,app,0,group_1,0,248.4249921,0,2,1,2,0,0,6,debit,7/10/2019 0:00,id_64,44.69086155,Not_Canceled
TID13058,app,0,group_1,0,55.55848031,0,2,1,2,0,0,2,debit,9/2/2018 0:00,id_35,100.4949072,Not_Canceled
TID03278,website,0,group_1,0,71.39222442,1,0,1,2,0,0,4,debit,3/20/2019 0:00,id_24,58.89195723,Not_Canceled
TID09337,website,0,group_1,0,33.96118013,2,0,1,2,0,0,3,debit,9/13/2018 0:00,id_43,56.35426715,Not_Canceled
TID19569,whoosh,0,group_1,,4.275944696,0,0,1,,0,0,2,debit,11/15/2018 0:00,id_87,40.78410636,Not_Canceled
TID01470,app,0,group_1,0,13.72624095,0,0,1,1,0,0,2,debit,9/22/2018 0:00,id_51,59.17278266,Not_Canceled
TID11233,whoosh,0,group_1,,23.11726522,0,2,1,,0,0,1,debit,11/12/2018 0:00,id_48,30.79136591,Not_Canceled
TID30148,whoosh,0,group_1,,-0.323396008,0,1,1,,0,0,1,debit,8/29/2018 0:00,id_92,40.78410636,Not_Canceled
TID17357,whoosh,0,group_1,,99.37975422,0,0,1,,0,0,2,debit,1/27/2019 0:00,id_55,49.06864143,Not_Canceled
TID23386,website,0,group_1,0,46.26483105,2,0,2,2,0,0,1,debit,7/4/2019 0:00,id_68,84.92004351,Not_Canceled
TID09449,website,,group_1,0,3.675939638,0,1,1,1,0,0,0,debit,11/21/2018 0:00,id_31,39.35170719,Not_Canceled
TID24065,website,0,group_1,1,12.831268,2,2,1,1,1,0,0,debit,11/13/2018 0:00,id_86,59.68280455,Not_Canceled
TID13319,app,0,group_1,0,113.5798702,1,0,1,2,0,0,3,debit,5/9/2019 0:00,id_47,46.15773551,Not_Canceled
TID16608,app,0,group_1,0,4.286556395,0,1,1,1,0,0,1,debit,1/30/2019 0:00,id_11,45.51861302,Not_Canceled
TID18451,app,0,group_1,0,31.20170294,0,0,1,1,0,0,2,debit,10/28/2018 0:00,id_18,45.09170191,Not_Canceled
TID08253,website,0,group_1,0,8.624930232,1,2,2,2,0,0,0,debit,12/25/2018 0:00,id_26,59.32586617,Not_Canceled
TID20568,app,0,group_1,0,28.24755957,0,1,1,2,0,0,2,debit,2/3/2019 0:00,id_60,36.39953719,Not_Canceled
TID27219,whoosh,0,group_1,,71.06860693,0,0,1,,0,0,3,debit,8/17/2018 0:00,id_47,54.0306016,Not_Canceled
TID01970,website,0,group_1,0,37.25862809,1,2,2,2,0,0,2,debit,6/9/2019 0:00,id_86,82.31930089,Not_Canceled
TID20260,app,0,group_1,0,73.28656551,0,0,1,2,0,0,2,credit,8/26/2018 0:00,id_30,59.93754192,Not_Canceled
TID35432,website,0,group_1,0,0.728745751,1,1,1,2,0,0,1,debit,5/21/2019 0:00,id_83,64.74425551,Not_Canceled
TID16743,website,0,group_4,0,8.007654734,1,1,1,2,0,0,3,debit,2/19/2019 0:00,id_29,71.22712526,Not_Canceled
TID32304,app,0,group_1,0,3.581838354,0,1,1,2,0,0,3,debit,8/8/2018 0:00,id_9,30.52951918,Not_Canceled
TID16875,app,0,group_1,0,26.99446725,0,1,1,2,0,0,5,debit,11/29/2018 0:00,id_1,31.54640266,Not_Canceled
TID06978,telephone,0,,,8.642992004,1,1,1,,0,1,0,credit,5/27/2019 0:00,id_93,0,Not_Canceled
TID20471,app,0,group_1,1,17.81570155,0,0,1,2,1,0,3,debit,9/13/2018 0:00,id_13,54.0306016,Not_Canceled
TID08005,app,0,group_1,0,48.82657492,1,2,1,2,0,0,1,debit,2/11/2019 0:00,id_60,27.15417319,Not_Canceled
TID12154,app,0,group_1,0,73.31554802,0,0,1,1,0,0,2,credit,8/26/2018 0:00,id_44,52.47221015,Not_Canceled
TID21775,website,0,group_1,0,35.32692876,1,2,1,2,0,0,2,debit,1/21/2019 0:00,id_75,47.90782574,Not_Canceled
TID18579,app,0,group_1,0,54.53293177,0,0,1,2,0,0,2,debit,2/1/2019 0:00,id_59,35.84547761,Not_Canceled
TID29146,website,0,group_1,0,14.57586089,0,2,1,2,0,0,2,debit,12/3/2018 0:00,id_26,58.91749606,Not_Canceled
TID27934,app,0,group_1,0,102.6711768,0,0,1,2,0,0,2,credit,9/23/2018 0:00,id_92,63.73742421,Not_Canceled
TID00850,website,0,group_1,0,18.99140544,1,1,1,2,0,0,2,credit,1/20/2019 0:00,id_84,78.09972609,Canceled
TID28062,website,0,group_1,0,2.914624864,1,0,1,2,0,0,2,debit,8/12/2018 0:00,id_99,80.5293229,Not_Canceled
TID25657,website,0,group_1,0,10.84351674,2,1,1,2,0,0,3,debit,8/1/2018 0:00,id_97,54.0306016,Not_Canceled
TID20791,website,0,group_1,0,83.18098036,1,0,1,2,0,0,1,debit,6/30/2019 0:00,id_0,61.86770119,Not_Canceled
TID29507,website,0,group_1,0,32.27638678,1,2,1,2,0,0,2,debit,1/29/2019 0:00,id_12,45.62523659,Not_Canceled
TID13175,app,0,group_1,0,105.533835,0,0,1,2,0,0,3,debit,2/15/2019 0:00,id_89,25.98867817,Not_Canceled
TID01313,website,0,group_1,0,2.111231582,0,2,1,1,0,0,2,debit,9/25/2018 0:00,id_73,58.25799893,Not_Canceled
TID22098,app,0,group_1,0,118.3560504,0,1,1,1,0,0,2,debit,5/14/2019 0:00,id_29,64.24117034,Not_Canceled
TID13836,website,0,group_1,0,43.90885499,0,2,1,2,0,0,2,debit,12/2/2018 0:00,id_51,41.45655712,Not_Canceled
TID02153,app,0,group_1,0,82.08822157,1,1,1,1,0,0,1,debit,4/9/2019 0:00,id_40,48.80522502,Not_Canceled
TID05077,website,0,group_4,0,11.02531861,1,2,1,2,0,0,5,debit,5/24/2019 0:00,id_63,86.79003251,Not_Canceled
TID01074,website,0,group_4,1,32.64357481,1,0,1,2,0,2,1,debit,6/14/2019 0:00,id_66,83.62137334,Not_Canceled
TID07964,app,0,group_1,0,74.48944767,0,0,1,2,0,0,2,credit,8/26/2018 0:00,id_76,59.93754192,Not_Canceled
TID16924,website,,group_1,0,11.86053059,0,0,1,1,0,0,2,debit,8/24/2018 0:00,id_6,73.10315287,Not_Canceled
TID14056,app,0,group_1,0,123.9407067,0,2,1,2,0,0,1,credit,7/16/2018 0:00,id_58,56.35426715,Not_Canceled
TID32094,app,0,group_1,0,3.855934274,0,2,1,2,0,0,1,credit,7/16/2018 0:00,id_72,56.35426715,Not_Canceled
TID30303,whoosh,0,group_1,,3.4940397,0,1,1,,0,0,0,debit,1/2/2019 0:00,id_75,37.50351186,Not_Canceled
TID08803,website,0,group_1,0,224.3452391,0,1,1,1,0,0,2,debit,9/9/2018 0:00,id_38,0,Not_Canceled
TID04381,website,0,group_1,0,123.2678703,1,0,1,2,0,0,3,debit,7/19/2019 0:00,id_21,66.39983088,Not_Canceled
TID29034,website,0,group_4,0,134.7387314,2,2,2,2,0,0,2,debit,7/27/2019 0:00,id_82,79.04875939,Not_Canceled
TID23334,app,0,group_1,0,60.16221901,0,1,1,2,0,0,1,debit,8/29/2018 0:00,id_83,40.78410636,Not_Canceled
TID06642,website,0,group_4,0,0.359001741,1,0,1,1,0,0,1,debit,1/25/2019 0:00,id_27,41.48904897,Not_Canceled
TID34803,app,0,group_1,0,139.3683521,0,0,1,2,0,0,5,debit,12/6/2018 0:00,id_82,43.48472045,Not_Canceled
TID22912,website,0,group_1,0,14.67405659,1,1,1,2,0,0,0,debit,6/3/2019 0:00,id_0,59.68280455,Not_Canceled
TID01520,website,0,group_1,0,83.55351817,3,1,1,2,0,0,2,debit,5/18/2019 0:00,id_17,72.65956824,Not_Canceled
TID29523,whoosh,0,group_1,,54.86159704,0,0,1,,0,0,1,debit,6/14/2019 0:00,id_15,48.27767928,Not_Canceled
TID28953,app,0,group_1,0,39.31068894,0,0,1,2,0,0,1,debit,2/4/2019 0:00,id_24,40.78410636,Not_Canceled
TID04741,website,0,group_1,0,10.54928668,1,1,2,2,0,0,2,debit,7/2/2019 0:00,id_90,74.06270882,Not_Canceled
TID05147,website,0,group_1,0,2.41723968,1,0,1,2,0,0,1,debit,8/13/2018 0:00,id_36,80.5293229,Not_Canceled
TID00709,app,,group_1,0,55.85415283,0,0,1,2,0,0,1,debit,5/16/2019 0:00,id_17,69.24335324,Not_Canceled
TID30376,website,0,group_4,0,97.86295777,2,2,2,2,0,0,1,debit,6/30/2019 0:00,id_18,61.69541745,Not_Canceled
TID33932,website,0,group_6,0,14.71943876,1,2,3,2,0,0,2,debit,1/29/2019 0:00,id_45,82.8984243,Not_Canceled
TID22019,app,0,group_1,0,131.4053759,0,2,1,2,0,0,1,credit,7/23/2018 0:00,id_51,56.35426715,Not_Canceled
TID32988,whoosh,0,group_1,,0.846154361,0,0,1,,0,0,2,debit,8/10/2018 0:00,id_87,40.78410636,Not_Canceled
TID13658,website,0,group_1,0,162.5889769,1,1,1,2,0,0,3,debit,6/14/2019 0:00,id_52,58.89195723,Not_Canceled
TID24572,website,0,group_4,0,111.8263271,1,1,1,2,0,0,3,debit,7/19/2019 0:00,id_16,73.10315287,Not_Canceled
TID28580,whoosh,1,group_1,,1.685509646,0,0,1,,0,6,1,debit,3/28/2019 0:00,id_45,41.86780981,Not_Canceled
TID17247,app,0,group_1,0,10.10533403,0,2,1,2,0,0,2,debit,9/30/2018 0:00,id_38,53.2523575,Not_Canceled
TID28084,website,0,group_1,0,147.3484068,2,2,2,2,0,0,5,debit,6/5/2019 0:00,id_70,62.34865758,Not_Canceled
TID06337,website,0,group_1,0,52.95173694,2,1,1,2,0,0,4,debit,3/5/2019 0:00,id_43,51.87278505,Not_Canceled
TID10923,app,0,group_1,0,2.528597007,0,2,1,2,0,0,1,debit,11/26/2018 0:00,id_30,48.80522502,Not_Canceled
TID16091,website,0,group_1,0,39.71016139,3,1,2,2,0,0,1,debit,7/23/2019 0:00,id_27,84.92004351,Not_Canceled
TID33571,app,0,group_1,0,101.218955,0,0,1,2,0,0,2,credit,9/23/2018 0:00,id_71,63.73742421,Not_Canceled
TID02480,website,0,group_1,0,177.1416588,1,0,1,2,0,0,4,debit,7/18/2019 0:00,id_97,58.89195723,Not_Canceled
TID21431,app,0,group_1,0,40.42069617,0,2,1,2,0,0,5,debit,2/5/2019 0:00,id_76,41.48363396,Not_Canceled
TID13598,website,0,group_4,0,27.2920652,1,0,1,2,0,0,4,debit,10/12/2018 0:00,id_11,51.737103,Not_Canceled
TID12133,app,0,group_1,0,192.8377509,0,0,1,1,0,0,2,debit,6/1/2019 0:00,id_10,56.61145455,Not_Canceled
TID03035,website,0,group_1,0,42.8692097,1,1,2,2,0,0,1,debit,4/7/2019 0:00,id_69,71.98345892,Not_Canceled
TID13205,website,0,group_1,0,20.54489578,1,1,1,1,0,0,3,debit,8/8/2018 0:00,id_28,54.6777104,Canceled
TID04912,website,1,group_1,0,1.604481752,1,0,1,2,0,0,1,debit,1/21/2019 0:00,id_56,60.19209826,Not_Canceled
TID02232,website,0,group_4,0,11.29387731,2,0,1,3,0,0,1,debit,5/5/2019 0:00,id_94,100.9616565,Not_Canceled
TID09892,website,0,group_4,0,33.53620134,1,2,1,2,0,0,2,debit,4/6/2019 0:00,id_26,79.26749451,Not_Canceled
TID29986,website,0,,0,32.65971604,2,1,3,2,0,0,3,debit,5/3/2019 0:00,id_45,111.4447744,Not_Canceled
TID24745,website,0,group_4,0,116.3897567,1,1,1,3,0,0,3,debit,7/12/2019 0:00,id_28,80.1414244,Not_Canceled
TID13176,website,0,group_6,0,10.50289339,3,0,2,3,0,0,2,debit,4/27/2019 0:00,id_45,133.7274702,Not_Canceled
TID03820,website,0,group_1,0,18.03295512,1,0,1,2,0,0,1,debit,9/16/2018 0:00,id_43,72.21552848,Not_Canceled
TID14470,app,0,group_4,0,31.53415985,1,1,2,2,0,0,2,debit,10/3/2018 0:00,id_29,54.0306016,Not_Canceled
TID25257,app,0,group_1,0,146.3970871,0,0,1,2,0,0,3,debit,12/6/2018 0:00,id_2,46.15773551,Not_Canceled
TID17295,website,0,group_1,0,110.070156,0,2,1,2,0,0,1,debit,3/17/2019 0:00,id_79,55.7362142,Not_Canceled
TID33645,website,0,group_1,0,8.940669896,2,2,1,2,0,0,4,debit,7/31/2018 0:00,id_12,54.0306016,Not_Canceled
TID21834,website,0,group_4,0,109.4225137,1,0,1,2,0,0,5,debit,7/17/2019 0:00,id_13,73.10315287,Not_Canceled
TID34246,app,0,group_1,0,60.62882205,0,2,1,2,0,0,0,debit,9/11/2018 0:00,id_31,54.5483914,Not_Canceled
TID05278,website,0,group_1,0,0.62134778,1,0,1,2,0,0,1,debit,5/17/2019 0:00,id_5,64.59339896,Not_Canceled
TID25371,website,0,group_4,0,10.44148475,1,0,1,2,0,0,3,debit,2/21/2019 0:00,id_16,56.85817084,Not_Canceled
TID26719,whoosh,0,group_1,,0.452140686,0,1,1,,0,0,0,debit,1/2/2019 0:00,id_0,48.27767928,Not_Canceled
TID20015,app,0,group_1,0,12.60925767,0,1,1,1,0,0,0,debit,2/25/2019 0:00,id_75,46.15773551,Not_Canceled
TID21482,website,0,group_1,0,14.27933411,2,1,1,2,0,0,3,debit,8/15/2018 0:00,id_96,64.11529604,Not_Canceled
TID35669,website,0,group_4,0,3.979679038,2,0,1,1,0,0,2,debit,5/18/2019 0:00,id_4,77.12434065,Not_Canceled
TID08568,website,0,group_1,0,22.97123794,1,0,1,2,0,0,1,debit,9/16/2018 0:00,id_52,67.74925609,Not_Canceled
TID01779,website,0,group_1,0,97.76856914,1,2,1,2,0,0,5,debit,4/7/2019 0:00,id_91,64.14550965,Not_Canceled
TID10356,website,0,group_4,0,45.21131942,0,1,1,2,0,0,3,credit,5/28/2019 0:00,id_13,83.62137334,Not_Canceled
TID07118,app,0,group_1,0,71.78204808,0,0,1,2,0,0,1,credit,8/26/2018 0:00,id_26,63.23301024,Not_Canceled
TID13364,website,0,group_1,0,21.68282213,2,0,1,2,0,0,3,debit,9/27/2018 0:00,id_59,72.21552848,Not_Canceled
TID18734,app,0,group_1,0,10.18590922,0,1,1,2,0,0,3,debit,8/11/2018 0:00,id_33,51.42898852,Not_Canceled
TID22369,website,0,group_1,0,32.80096926,0,0,1,2,0,0,1,debit,5/2/2019 0:00,id_72,63.68701299,Not_Canceled
TID06046,app,0,group_2,0,69.91601692,0,0,1,2,0,0,2,debit,5/11/2019 0:00,id_10,59.17278266,Not_Canceled
TID07538,website,0,group_1,0,1.975194671,1,0,1,2,0,0,1,debit,2/13/2019 0:00,id_78,60.70067186,Not_Canceled
TID06348,telephone,0,group_5,,-11,0,1,1,,0,0,0,debit,7/10/2018 0:00,id_46,0,Not_Canceled
TID05576,website,0,group_6,0,39.37487486,2,0,3,2,0,0,1,debit,7/6/2019 0:00,id_99,115.2150661,Not_Canceled
TID34832,website,0,group_4,0,40.30448117,1,1,1,2,0,0,1,debit,7/21/2019 0:00,id_35,83.62137334,Not_Canceled
TID20725,website,0,group_4,0,71.03369826,2,2,1,3,0,0,3,debit,3/31/2019 0:00,id_47,71.69690192,Not_Canceled
TID12701,website,0,group_2,0,85.48833612,1,0,3,0,0,0,3,debit,7/3/2019 0:00,id_24,62.49535194,Not_Canceled
TID14153,website,0,group_4,0,48.40816559,1,1,1,2,0,0,1,debit,5/12/2019 0:00,id_65,77.07551714,Not_Canceled
TID35310,website,0,group_1,0,10.08703239,0,2,1,2,0,0,1,debit,11/12/2018 0:00,id_64,65.29689386,Not_Canceled
TID14563,website,0,group_1,0,35.52815583,1,0,1,2,0,0,2,debit,10/21/2018 0:00,id_94,57.27923139,Not_Canceled
TID12082,app,0,group_1,0,68.84172599,0,0,1,2,0,0,2,credit,8/30/2018 0:00,id_82,62.22215052,Not_Canceled
TID12365,app,0,group_1,0,71.76351791,0,0,1,2,0,0,3,credit,8/30/2018 0:00,id_78,72.70887783,Not_Canceled
TID28417,app,0,group_1,0,29.41063967,0,0,1,2,0,0,3,debit,2/6/2019 0:00,id_8,36.39953719,Not_Canceled
TID16716,website,0,group_2,0,166.5770357,2,0,1,2,0,0,0,debit,3/29/2019 0:00,id_32,0,Not_Canceled
TID26339,app,0,group_1,0,266.1646975,0,0,1,1,0,0,2,credit,6/1/2019 0:00,id_56,54.0306016,Not_Canceled
TID00663,app,0,group_1,0,115.33037,0,2,1,1,0,0,2,debit,2/4/2019 0:00,id_67,46.68921428,Not_Canceled
TID28299,website,0,group_1,0,0.742776265,2,0,1,2,0,0,1,debit,12/8/2018 0:00,id_39,76.63587108,Not_Canceled
TID11416,website,0,group_2,0,158.0027977,1,2,1,2,0,0,1,debit,3/24/2019 0:00,id_1,43.44173383,Not_Canceled
TID15318,app,0,group_1,0,282.1192622,0,2,1,2,0,0,1,debit,9/17/2018 0:00,id_11,47.04474191,Not_Canceled
TID10854,app,0,group_1,0,218.9584793,0,1,1,1,0,0,2,debit,8/12/2018 0:00,id_15,47.04474191,Not_Canceled
TID26723,app,0,group_1,0,138.2733811,0,2,1,2,0,0,1,credit,7/30/2018 0:00,id_21,56.35426715,Not_Canceled
TID16978,app,0,group_1,0,23.31346272,0,0,1,2,0,0,3,debit,2/22/2019 0:00,id_99,46.05131783,Not_Canceled
TID29575,whoosh,0,group_1,,3.315752029,0,2,1,,0,0,1,debit,8/27/2018 0:00,id_30,69.24335324,Not_Canceled
TID20815,telephone,1,,,-23,4,0,1,,0,2,1,debit,4/20/2019 0:00,id_80,0,Not_Canceled
TID29900,website,0,group_4,0,133.9007246,1,2,1,2,0,0,5,debit,6/23/2019 0:00,id_27,66.56500562,Not_Canceled
TID32118,website,0,group_1,0,81.14816491,0,2,1,2,0,0,3,debit,3/11/2019 0:00,id_66,45.57192999,Not_Canceled
TID14675,website,0,group_1,0,31.90118238,1,1,1,2,0,0,1,debit,3/24/2019 0:00,id_14,64.14047421,Not_Canceled
TID04145,app,0,group_1,0,1.346789418,0,2,1,1,0,0,2,debit,4/22/2019 0:00,id_30,41.80291989,Not_Canceled
TID26931,website,0,group_1,0,11.65527541,1,1,1,1,0,0,1,debit,6/18/2019 0:00,id_90,81.49770004,Not_Canceled
TID02146,website,0,group_6,0,1.543612584,0,1,3,2,0,0,1,debit,4/16/2019 0:00,id_24,99.56030872,Not_Canceled
TID25446,website,0,group_1,0,133.4009304,2,0,2,2,0,0,3,debit,6/19/2019 0:00,id_42,69.98837128,Not_Canceled
TID32340,website,0,group_1,0,14.79850591,2,0,1,2,0,0,3,debit,4/4/2019 0:00,id_50,60.92421816,Not_Canceled
TID04684,app,0,group_1,0,72.75277634,0,0,1,1,0,0,3,debit,11/1/2018 0:00,id_80,42.31617671,Not_Canceled
TID30438,app,0,group_1,0,160.3768606,0,0,1,2,0,0,3,debit,12/7/2018 0:00,id_99,43.84445719,Not_Canceled
TID33071,website,1,group_1,0,52.5245088,1,2,1,2,0,0,1,debit,5/27/2019 0:00,id_39,68.19806032,Not_Canceled
TID23590,app,0,group_1,0,81.0092423,1,2,1,3,0,0,2,debit,3/2/2019 0:00,id_9,62.32335961,Not_Canceled
TID15380,website,0,group_1,0,106.1275517,0,2,1,2,0,0,9,debit,4/4/2019 0:00,id_77,60.39052718,Canceled
TID26936,website,0,group_1,0,14.70297186,1,0,1,1,0,0,3,debit,12/29/2018 0:00,id_13,49.33182243,Not_Canceled
TID30826,website,,group_1,0,48.15665236,1,2,1,2,0,0,4,debit,4/14/2019 0:00,id_2,69.16877765,Not_Canceled
TID25183,app,0,group_1,0,72.32583404,0,2,1,2,0,0,1,debit,12/18/2018 0:00,id_57,37.94359209,Not_Canceled
TID25456,app,0,group_4,0,65.39603798,1,2,1,3,0,0,3,debit,11/3/2018 0:00,id_90,54.0306016,Not_Canceled
TID01013,website,0,group_1,0,54.01098427,2,0,1,1,0,0,1,debit,10/18/2018 0:00,id_36,45.51861302,Not_Canceled
TID31803,app,0,group_1,0,146.0205829,0,0,1,2,0,0,3,debit,12/6/2018 0:00,id_10,46.15773551,Not_Canceled
TID33589,app,0,group_1,0,25.94465356,0,0,1,2,0,0,1,debit,5/16/2019 0:00,id_1,69.24335324,Not_Canceled
TID20189,website,0,group_6,0,69.04776828,3,1,1,3,0,0,1,debit,5/12/2019 0:00,id_98,104.8682071,Not_Canceled
TID19759,app,0,group_1,1,5.069372626,1,0,1,2,0,1,1,debit,8/10/2018 0:00,id_90,9.300941417,Not_Canceled
TID33020,website,0,group_4,0,9.690357377,3,2,1,1,0,0,5,debit,9/30/2018 0:00,id_49,78.44549477,Not_Canceled
TID05101,website,0,group_1,1,14.81019592,0,0,1,2,1,0,2,debit,11/8/2018 0:00,id_46,42.9468774,Not_Canceled
TID21634,website,0,group_4,0,0.603964572,0,1,1,2,0,0,0,debit,12/11/2018 0:00,id_68,58.66202429,Not_Canceled
TID05560,website,0,group_1,0,72.35580257,1,2,1,2,0,0,2,debit,3/31/2019 0:00,id_9,56.7142748,Not_Canceled
TID35497,website,0,group_1,0,155.1035868,1,3,1,3,0,0,9,debit,7/9/2019 0:00,id_96,76.64075836,Canceled
TID11033,website,0,group_2,0,3.626276672,2,1,3,2,0,0,2,debit,1/20/2019 0:00,id_96,51.44466277,Not_Canceled
TID21279,website,0,group_1,0,23.00535679,3,2,1,2,0,0,0,debit,5/20/2019 0:00,id_54,56.27707271,Not_Canceled
TID24643,app,0,group_1,0,189.6264511,0,0,1,1,0,0,4,debit,5/30/2019 0:00,id_67,56.61145455,Not_Canceled
TID05553,app,0,group_1,0,54.2989438,0,0,1,2,0,0,1,credit,3/14/2019 0:00,id_21,61.20853328,Not_Canceled
TID30077,website,1,group_1,0,91.55289611,1,0,1,2,0,0,1,debit,4/5/2019 0:00,id_52,61.86770119,Not_Canceled
TID11085,app,0,group_1,0,1.576834539,0,0,1,2,0,0,4,debit,1/4/2019 0:00,id_12,29.9361494,Not_Canceled
TID13350,website,0,group_4,0,17.82012771,1,1,1,2,0,0,3,debit,5/10/2019 0:00,id_92,79.51041459,Not_Canceled
TID20769,whoosh,0,group_1,,1.027525354,0,0,1,,0,0,1,debit,3/7/2019 0:00,id_28,53.51198188,Not_Canceled
TID30853,website,0,group_1,0,193.0647773,1,2,1,2,0,0,1,debit,6/16/2019 0:00,id_62,43.72102095,Not_Canceled
TID31087,website,0,group_4,0,96.73683708,0,2,1,2,0,0,1,debit,3/24/2019 0:00,id_58,60.34474558,Not_Canceled
TID00335,app,0,group_1,0,133.5585222,1,1,1,1,0,0,2,debit,2/16/2019 0:00,id_75,45.9821244,Not_Canceled
TID23019,whoosh,0,group_1,,12.39352413,0,0,1,,0,0,3,debit,7/13/2018 0:00,id_37,40.78410636,Not_Canceled
TID23684,app,0,group_1,0,121.6570754,0,1,1,2,0,0,2,debit,6/1/2019 0:00,id_18,54.0306016,Canceled
TID29109,app,0,group_1,0,108.279671,2,1,1,2,0,0,3,debit,12/5/2018 0:00,id_55,28.78956441,Not_Canceled
TID18229,whoosh,0,group_1,,1.406073496,0,0,1,,0,0,1,debit,12/22/2018 0:00,id_88,41.32654741,Not_Canceled
TID00037,website,0,group_4,0,8.236904312,1,1,1,2,0,0,3,debit,10/20/2018 0:00,id_29,62.7279214,Not_Canceled
TID13136,website,0,group_1,0,0.033484229,0,1,1,1,0,0,0,debit,7/31/2018 0:00,id_31,48.80522502,Not_Canceled
TID29683,website,0,group_1,0,-0.350330797,0,1,1,1,0,0,0,debit,9/25/2018 0:00,id_69,66.24961223,Not_Canceled
TID23527,app,,group_1,0,99.69534128,0,0,1,2,0,0,1,credit,9/23/2018 0:00,id_95,63.23301024,Canceled
TID32836,app,0,group_1,0,24.08027583,0,2,1,2,0,0,1,debit,12/4/2018 0:00,id_82,36.95220629,Not_Canceled
TID02158,website,0,group_4,0,28.15702401,0,2,1,2,0,0,5,debit,2/12/2019 0:00,id_29,45.66787441,Not_Canceled
TID32068,telephone,0,group_6,,-72,1,0,1,,3,12,1,debit,1/25/2019 0:00,id_2,0,Not_Canceled
TID23897,app,0,group_1,0,65.09036792,0,0,1,2,0,0,3,debit,1/18/2019 0:00,id_83,38.05347992,Not_Canceled
TID30210,website,1,group_1,0,78.47109342,2,0,1,2,0,0,4,debit,6/19/2019 0:00,id_38,66.39983088,Not_Canceled
TID28770,website,0,group_6,0,160.4013321,3,0,3,2,0,0,2,debit,7/24/2019 0:00,id_25,101.1016102,Not_Canceled
TID33552,website,0,group_1,0,45.00264632,0,0,1,2,0,0,1,debit,9/30/2018 0:00,id_72,49.6578424,Not_Canceled
TID35094,website,1,group_2,0,145.0422524,0,1,1,2,0,0,2,debit,7/23/2019 0:00,id_84,66.91014931,Not_Canceled
TID08951,app,0,group_1,0,102.3373997,0,0,1,2,0,0,2,credit,9/23/2018 0:00,id_45,63.73742421,Not_Canceled
TID11138,website,0,group_1,0,1.658259137,1,0,1,2,0,0,2,debit,9/7/2018 0:00,id_83,72.21552848,Not_Canceled
TID30532,app,0,group_1,0,1.566482145,0,0,1,2,0,0,3,debit,11/16/2018 0:00,id_99,36.95220629,Not_Canceled
TID33792,website,0,group_4,0,62.14963703,0,1,1,2,0,0,2,debit,3/9/2019 0:00,id_21,62.32335961,Not_Canceled
TID21272,whoosh,0,group_1,,86.05831459,0,0,1,,0,0,2,debit,8/17/2018 0:00,id_95,59.17278266,Not_Canceled
TID30652,whoosh,0,group_1,,28.37386509,0,0,1,,0,0,1,debit,1/31/2019 0:00,id_65,41.32654741,Not_Canceled
TID03830,website,0,group_1,0,0.183979343,0,2,1,2,0,0,3,debit,7/16/2018 0:00,id_31,52.99252167,Not_Canceled
TID05192,website,0,group_1,0,76.08177089,2,2,2,2,0,0,2,debit,3/24/2019 0:00,id_19,64.49279512,Not_Canceled
TID18084,website,0,group_4,0,30.89376181,0,0,1,2,0,0,4,debit,1/11/2019 0:00,id_67,53.66765556,Not_Canceled
TID16442,whoosh,0,group_1,,22.61917693,0,0,1,,0,0,1,debit,10/25/2018 0:00,id_42,39.14950302,Not_Canceled
TID33355,app,0,group_6,0,12.10465849,0,2,1,3,0,0,2,debit,11/26/2018 0:00,id_88,51.42898852,Not_Canceled
TID04739,website,1,group_4,0,22.91989371,0,1,1,3,0,0,0,debit,5/20/2019 0:00,id_61,76.12241429,Not_Canceled
TID25745,website,0,group_1,0,11.40027632,1,0,1,2,0,0,2,debit,2/6/2019 0:00,id_84,46.64673316,Not_Canceled
TID05695,website,0,group_1,0,1.086444867,0,1,1,2,0,0,2,debit,8/29/2018 0:00,id_22,71.22712526,Not_Canceled
TID21117,app,0,group_1,0,0.48936505,0,0,1,2,0,0,2,credit,7/22/2018 0:00,id_76,63.73742421,Not_Canceled
TID01348,app,0,group_1,0,15.35577355,1,1,1,3,0,0,3,debit,1/30/2019 0:00,id_52,68.24789683,Not_Canceled
TID16695,website,0,group_1,0,188.8898316,1,2,1,2,0,0,3,debit,7/7/2019 0:00,id_16,54.52252146,Not_Canceled
TID08234,app,0,group_1,0,28.30639084,0,0,1,2,0,0,2,credit,12/16/2018 0:00,id_58,57.63826422,Not_Canceled
TID05243,app,0,group_1,0,0.84283305,0,0,1,1,0,0,3,debit,5/30/2019 0:00,id_79,56.61145455,Not_Canceled
TID35120,whoosh,0,group_1,,3.001768435,0,1,1,,0,0,1,debit,9/26/2018 0:00,id_6,80.04440049,Not_Canceled
TID12827,app,0,group_1,0,103.9502724,0,2,1,2,0,0,1,credit,6/25/2018 0:00,id_93,56.35426715,Not_Canceled
TID15163,website,0,group_1,0,1.726800688,0,0,1,2,0,0,1,debit,6/5/2019 0:00,id_61,78.58665051,Canceled
TID12110,website,0,group_1,0,5.346160618,0,0,1,1,0,0,1,debit,9/28/2018 0:00,id_85,0,Not_Canceled
TID11364,website,0,group_4,0,28.19995575,1,0,1,1,0,0,3,debit,5/22/2019 0:00,id_81,63.4449459,Not_Canceled
TID14020,app,0,group_1,0,144.7713611,0,2,1,2,0,0,5,debit,6/23/2019 0:00,id_5,44.69086155,Not_Canceled
TID28440,website,0,group_1,1,4.057731238,1,0,1,2,11,4,3,debit,12/20/2018 0:00,id_3,48.96330321,Not_Canceled
TID32808,website,0,group_6,0,78.88571346,0,1,3,2,0,0,5,debit,2/26/2019 0:00,id_1,86.16746329,Not_Canceled
TID31763,website,0,group_1,0,88.33485745,1,2,1,2,0,0,7,debit,2/22/2019 0:00,id_11,51.69534274,Not_Canceled
TID05226,website,1,group_1,0,1.483384006,1,1,1,1,0,0,1,debit,7/9/2019 0:00,id_3,71.22712526,Not_Canceled
TID16567,website,0,group_1,0,113.6416788,0,1,1,2,0,0,3,debit,6/18/2019 0:00,id_26,49.46858406,Not_Canceled
TID35032,website,0,group_1,0,16.777808,1,1,1,2,0,0,3,debit,1/23/2019 0:00,id_29,54.5483914,Not_Canceled
TID10066,telephone,0,group_1,,-0.596790903,1,0,1,,0,0,1,debit,2/2/2019 0:00,id_67,0,Not_Canceled
TID25716,website,0,group_1,0,8.391671539,1,0,1,2,0,0,1,debit,5/31/2019 0:00,id_99,54.5483914,Not_Canceled
TID34838,website,0,group_4,0,67.38730699,3,1,2,2,0,0,4,debit,1/30/2019 0:00,id_20,50.376982,Not_Canceled
TID15971,app,0,group_1,0,163.8879538,0,0,1,1,0,0,2,debit,9/9/2018 0:00,id_77,59.17278266,Not_Canceled
TID23926,website,0,group_6,0,3.892127413,2,2,3,2,0,0,1,debit,3/25/2019 0:00,id_73,85.28019073,Not_Canceled
TID01767,whoosh,0,group_1,,9.339311807,0,0,1,,0,0,1,debit,11/17/2018 0:00,id_25,40.78410636,Not_Canceled
TID28046,app,0,group_4,0,75.1854125,0,1,1,2,0,0,2,debit,11/14/2018 0:00,id_7,38.05347992,Not_Canceled
TID34911,whoosh,0,group_1,,9.538578127,0,0,1,,0,0,2,debit,10/26/2018 0:00,id_97,46.15773551,Not_Canceled
TID14737,whoosh,0,group_1,,3.33010876,0,1,1,,3,29,0,debit,4/9/2019 0:00,id_75,46.15773551,Not_Canceled
TID16109,website,0,group_4,0,12.39075922,1,2,3,1,0,0,3,debit,1/15/2019 0:00,id_81,57.68952406,Not_Canceled
TID01387,app,0,group_1,0,101.6022102,1,1,1,2,0,0,3,debit,7/30/2019 0:00,id_72,44.69086155,Not_Canceled
TID31657,app,0,group_1,0,213.1043909,0,0,1,2,0,0,3,debit,5/15/2019 0:00,id_71,74.18557739,Canceled
TID25170,website,0,group_2,0,192.7942661,0,0,3,0,0,0,1,debit,6/22/2019 0:00,id_82,52.21173169,Canceled
TID01343,whoosh,0,group_1,,3.898820022,0,0,1,,0,0,2,debit,5/8/2019 0:00,id_9,69.74018045,Not_Canceled
TID06916,app,0,group_1,0,55.08767885,0,0,1,2,0,0,1,credit,3/14/2019 0:00,id_58,61.20853328,Not_Canceled
TID28839,website,0,group_1,0,43.02277658,0,0,1,1,0,0,1,debit,9/30/2018 0:00,id_60,0,Not_Canceled
TID29665,app,,group_1,0,28.13800155,1,1,1,2,0,0,3,debit,12/12/2018 0:00,id_32,52.47221015,Not_Canceled
TID30947,app,0,group_1,0,56.2465194,0,2,1,2,0,0,2,debit,9/2/2018 0:00,id_78,100.4949072,Not_Canceled
TID12159,website,0,group_4,0,183.6115127,3,0,1,3,0,0,4,debit,7/24/2019 0:00,id_22,78.6109834,Not_Canceled
TID04945,website,,group_1,0,1.903413644,1,0,1,1,0,0,1,debit,3/28/2019 0:00,id_85,56.61145455,Not_Canceled
TID35033,website,0,group_1,0,70.24482085,0,2,1,2,0,0,1,debit,2/17/2019 0:00,id_40,47.90782574,Canceled
TID27454,website,0,group_1,0,10.16699497,0,0,1,1,0,0,1,credit,3/14/2019 0:00,id_32,0,Not_Canceled
TID05406,app,0,group_1,0,103.4935467,0,0,1,2,0,0,3,debit,11/10/2018 0:00,id_25,46.15773551,Not_Canceled
TID02618,app,0,group_1,0,59.91069164,1,2,1,3,0,0,3,debit,3/17/2019 0:00,id_35,27.78591818,Not_Canceled
TID19397,website,0,group_1,0,82.79994739,2,1,1,1,0,0,2,debit,4/2/2019 0:00,id_19,54.49664947,Not_Canceled
TID29974,website,0,group_1,0,139.3443039,1,0,2,2,0,0,5,debit,7/17/2019 0:00,id_14,74.43121211,Not_Canceled
TID28229,whoosh,0,group_1,,17.88602902,0,0,1,,0,0,2,debit,3/29/2019 0:00,id_33,40.78410636,Not_Canceled
TID26628,website,0,group_6,0,101.2175294,0,1,3,2,0,0,2,debit,6/29/2019 0:00,id_29,102.4993613,Not_Canceled
TID15567,website,0,group_1,0,-0.229947761,0,1,1,2,0,0,0,debit,5/14/2019 0:00,id_54,57.18684791,Not_Canceled
TID00884,website,0,group_4,0,35.16632193,1,1,1,2,0,0,2,debit,1/6/2019 0:00,id_5,50.09373117,Not_Canceled
TID23425,website,0,group_2,0,27.20989315,1,1,1,2,0,0,2,debit,11/11/2018 0:00,id_93,45.80107496,Not_Canceled
TID14407,app,0,group_1,0,102.150662,0,0,1,2,0,0,2,credit,9/23/2018 0:00,id_2,63.73742421,Not_Canceled
TID18009,website,0,group_1,0,128.5043972,0,0,1,2,0,0,4,debit,4/17/2019 0:00,id_12,58.89195723,Not_Canceled
TID32192,app,0,group_4,0,42.43527139,0,0,1,2,0,0,3,debit,10/12/2018 0:00,id_50,38.05347992,Not_Canceled
TID22498,website,0,group_1,0,13.53309049,0,0,1,2,0,0,1,debit,8/24/2018 0:00,id_30,58.35521227,Not_Canceled
TID00908,website,0,group_4,0,41.44736433,0,0,1,2,0,0,3,debit,2/7/2019 0:00,id_68,43.06529841,Not_Canceled
TID08123,app,0,group_1,0,273.6303948,0,0,1,1,0,0,2,credit,6/24/2018 0:00,id_59,52.47221015,Not_Canceled
TID29471,website,0,group_1,0,11.2457431,2,0,1,1,0,0,5,debit,12/27/2018 0:00,id_21,42.67753667,Not_Canceled
TID09250,app,0,group_1,0,191.0662636,0,1,1,1,0,0,3,debit,5/31/2019 0:00,id_29,56.61145455,Not_Canceled
TID06582,app,0,group_1,0,192.4601053,0,0,1,1,0,0,2,debit,6/1/2019 0:00,id_69,56.61145455,Not_Canceled
TID00879,whoosh,0,group_1,,4.065077256,0,0,1,,0,0,1,debit,2/16/2019 0:00,id_1,54.0306016,Not_Canceled
TID28629,website,0,group_4,0,126.7080154,1,2,2,2,0,0,6,debit,7/3/2019 0:00,id_16,59.74905374,Not_Canceled
TID11681,website,0,group_4,0,31.67093384,0,1,1,2,0,0,3,debit,6/4/2019 0:00,id_71,73.76768439,Not_Canceled
TID20912,website,0,group_1,0,122.2149903,1,1,1,2,0,0,5,debit,4/2/2019 0:00,id_85,41.61356201,Not_Canceled
TID09127,app,0,group_1,0,167.6245325,1,2,1,2,0,0,3,debit,3/29/2019 0:00,id_65,49.43702928,Not_Canceled
TID19152,website,0,group_1,0,156.0934617,2,2,1,2,0,0,1,debit,6/9/2019 0:00,id_27,57.27923139,Not_Canceled
TID07817,whoosh,0,group_1,,40.35976038,0,2,1,,0,0,1,debit,2/18/2019 0:00,id_8,43.66196576,Not_Canceled
TID11113,app,0,group_1,0,117.8234422,0,1,1,1,0,0,2,debit,5/14/2019 0:00,id_13,64.24117034,Not_Canceled
TID16168,app,0,group_1,0,289.6011899,0,0,1,2,0,0,1,debit,9/24/2018 0:00,id_89,41.86780981,Not_Canceled
TID00691,app,0,group_1,0,73.37212007,0,0,1,1,0,0,3,debit,11/1/2018 0:00,id_15,42.31617671,Not_Canceled
TID24346,website,0,group_1,0,5.99261139,2,1,2,2,0,0,2,debit,6/18/2019 0:00,id_3,92.97555515,Not_Canceled
TID10637,website,0,group_1,0,75.35855225,1,1,1,2,0,0,3,debit,3/19/2019 0:00,id_6,54.52252146,Not_Canceled
TID31183,app,0,group_1,0,22.92653498,0,2,1,2,0,0,1,credit,12/10/2018 0:00,id_39,63.73742421,Not_Canceled
TID31204,website,0,group_1,0,7.493695066,1,0,1,1,0,0,1,debit,5/2/2019 0:00,id_7,62.34865758,Not_Canceled
TID07916,whoosh,0,group_1,,64.57557573,0,0,1,,0,0,3,debit,4/24/2019 0:00,id_79,74.18557739,Not_Canceled
TID06875,app,0,group_1,0,46.26712558,0,2,1,2,0,0,3,debit,3/24/2019 0:00,id_86,51.69012231,Not_Canceled
TID32875,website,0,group_1,0,-0.298387408,1,0,1,1,0,0,1,debit,12/14/2018 0:00,id_50,45.57192999,Not_Canceled
TID25751,website,0,group_4,0,45.04873291,2,0,1,3,0,0,2,debit,5/25/2019 0:00,id_40,88.36704472,Not_Canceled
TID25007,app,0,group_1,0,60.37852359,0,2,1,2,0,0,0,debit,9/11/2018 0:00,id_27,54.5483914,Not_Canceled
TID19796,app,0,group_1,0,7.084720141,0,0,1,1,0,0,3,debit,12/6/2018 0:00,id_72,40.78410636,Not_Canceled
TID06711,website,0,group_6,0,9.27402669,1,0,3,2,0,0,1,debit,8/11/2018 0:00,id_14,86.31120013,Not_Canceled
TID05364,website,0,group_6,0,29.6869996,2,0,3,2,0,0,2,debit,9/1/2018 0:00,id_85,112.9755799,Not_Canceled
TID18331,website,0,group_1,0,66.19231953,1,2,1,2,0,0,3,debit,4/15/2019 0:00,id_32,69.16877765,Not_Canceled
TID09915,website,0,group_1,0,59.47681442,0,1,1,1,0,0,1,debit,8/29/2018 0:00,id_96,0,Not_Canceled
TID28547,website,0,group_1,0,138.2476846,1,2,1,2,0,0,2,debit,6/9/2019 0:00,id_36,44.38046827,Not_Canceled
TID09725,website,0,group_1,0,7.054997573,1,0,1,2,0,0,1,debit,12/21/2018 0:00,id_97,48.96330321,Not_Canceled
TID22959,app,0,group_1,0,150.984585,0,0,1,1,0,0,3,debit,12/27/2018 0:00,id_77,44.02146061,Not_Canceled
TID35763,website,0,group_1,0,132.7391712,1,0,1,1,0,0,3,debit,5/17/2019 0:00,id_77,69.98837128,Not_Canceled
TID04340,app,0,group_1,0,89.52999532,3,2,1,2,0,0,2,debit,6/24/2019 0:00,id_75,44.69086155,Not_Canceled
TID28717,website,0,group_1,0,119.0508174,1,2,1,2,0,0,5,debit,5/9/2019 0:00,id_88,69.16877765,Not_Canceled
TID19383,whoosh,0,group_1,,1.217685864,0,0,1,,0,0,2,debit,8/17/2018 0:00,id_77,54.0306016,Not_Canceled
TID32878,whoosh,0,group_1,,2.412966152,0,0,1,,0,0,1,debit,6/6/2019 0:00,id_27,40.78410636,Not_Canceled
TID12139,app,0,group_1,0,27.60913445,0,0,1,2,0,0,1,debit,5/17/2019 0:00,id_3,69.24335324,Not_Canceled
TID08469,app,0,group_4,0,0.122202533,1,2,2,2,0,0,2,debit,1/1/2019 0:00,id_26,42.6236347,Not_Canceled
TID12983,app,0,group_1,0,103.4875334,0,0,1,2,0,0,3,debit,4/11/2019 0:00,id_87,48.80522502,Not_Canceled
TID21271,website,0,group_1,0,145.947158,2,2,1,3,0,0,2,debit,7/7/2019 0:00,id_30,76.29363103,Not_Canceled
TID11555,app,0,group_1,0,4.230657129,0,1,1,2,0,0,3,credit,2/12/2019 0:00,id_37,62.22215052,Not_Canceled
TID35568,app,0,group_1,0,192.5909789,0,0,1,1,0,0,2,debit,6/1/2019 0:00,id_0,56.61145455,Not_Canceled
TID34503,website,1,group_1,0,7.852596568,2,0,1,2,0,0,3,debit,7/21/2018 0:00,id_91,58.66202429,Not_Canceled
TID22343,website,0,group_1,0,170.4942641,1,0,1,2,0,0,3,debit,6/5/2019 0:00,id_58,57.27923139,Not_Canceled
TID34628,website,0,group_1,0,43.10110461,3,2,1,2,0,0,2,debit,6/10/2019 0:00,id_53,72.75818181,Not_Canceled
TID36185,whoosh,0,group_1,,9.656757551,1,0,1,,0,0,1,debit,11/17/2018 0:00,id_23,46.15773551,Not_Canceled
TID25625,app,0,group_1,0,14.53558401,0,0,1,1,0,0,2,debit,9/22/2018 0:00,id_61,59.17278266,Not_Canceled
TID21306,website,0,group_4,0,45.42146154,1,1,1,2,0,0,1,credit,2/17/2019 0:00,id_56,73.98897124,Not_Canceled
TID15208,app,0,group_1,0,175.9874224,0,1,1,1,0,0,5,debit,2/26/2019 0:00,id_79,46.26411239,Not_Canceled
TID31010,whoosh,0,group_1,,33.15588499,0,0,1,,0,0,1,debit,6/26/2019 0:00,id_35,40.78410636,Not_Canceled
TID34660,website,0,group_1,0,23.42218149,0,2,1,1,0,0,1,credit,12/10/2018 0:00,id_25,0.945652257,Not_Canceled
TID27257,website,0,group_1,0,70.73981216,1,0,1,3,0,0,5,debit,12/6/2018 0:00,id_23,65.53779931,Not_Canceled
TID07819,app,0,group_1,0,55.49759379,0,0,1,2,0,0,2,credit,8/25/2018 0:00,id_0,49.85748475,Not_Canceled
TID01442,app,0,group_1,0,16.10071297,0,0,1,2,0,0,2,debit,9/23/2018 0:00,id_62,31.35934249,Not_Canceled
TID19414,website,0,group_1,0,23.34520074,2,0,1,2,0,0,2,debit,9/15/2018 0:00,id_8,62.7279214,Not_Canceled
TID22440,app,0,group_1,0,74.06701658,0,0,1,2,0,0,2,credit,8/26/2018 0:00,id_27,63.73742421,Not_Canceled
TID10847,website,0,group_6,0,14.70338132,2,0,3,2,0,0,3,credit,2/8/2019 0:00,id_31,126.7238313,Not_Canceled
TID24687,app,0,group_1,0,145.9869611,0,0,1,2,0,0,3,debit,12/6/2018 0:00,id_60,46.15773551,Not_Canceled
TID12927,website,0,group_4,0,53.85893675,0,0,1,2,0,0,1,debit,5/12/2019 0:00,id_47,79.26749451,Canceled
TID34772,website,0,group_1,0,15.28780119,0,0,1,2,0,0,1,debit,11/30/2018 0:00,id_61,57.63826422,Not_Canceled
TID19902,app,0,group_4,0,69.07191993,0,0,1,2,0,0,3,debit,11/10/2018 0:00,id_34,38.05347992,Not_Canceled
TID24528,website,0,group_4,0,5.170886899,2,2,1,3,0,0,3,debit,1/7/2019 0:00,id_68,74.18557739,Not_Canceled
TID07648,website,0,group_1,0,145.824252,1,0,1,2,0,0,0,debit,6/12/2019 0:00,id_61,0,Not_Canceled
TID13095,app,0,group_1,0,12.10493377,0,1,1,2,0,0,4,debit,7/2/2019 0:00,id_81,51.42898852,Not_Canceled
TID06261,app,0,group_1,0,3.779157707,1,1,1,3,0,0,3,debit,1/23/2019 0:00,id_70,55.40095756,Not_Canceled
TID29448,app,0,group_1,0,168.372709,1,2,1,2,0,0,2,debit,3/30/2019 0:00,id_74,47.21968807,Not_Canceled
TID01150,website,0,group_1,0,8.297218265,1,0,1,2,0,0,3,debit,5/8/2019 0:00,id_62,64.92018043,Not_Canceled
TID11303,website,0,group_1,0,13.04341868,1,2,1,1,0,0,3,debit,8/28/2018 0:00,id_85,52.87812656,Not_Canceled
TID13103,website,0,group_1,0,82.76070103,1,2,1,2,0,0,3,debit,3/4/2019 0:00,id_61,50.98455227,Not_Canceled
TID02848,website,0,,0,41.05839551,2,1,1,2,0,0,2,debit,4/20/2019 0:00,id_70,109.1787109,Not_Canceled
TID04421,website,0,group_1,0,42.91617496,1,0,1,3,0,0,3,debit,11/2/2018 0:00,id_98,62.62682202,Not_Canceled
TID12201,app,0,group_1,0,32.46819927,1,1,1,2,0,0,1,debit,6/25/2019 0:00,id_75,61.7156903,Not_Canceled
TID36067,website,0,group_4,0,0.184293492,1,2,1,1,0,0,1,debit,2/18/2019 0:00,id_9,56.8170639,Not_Canceled
TID33893,website,0,group_4,0,96.28365956,2,2,1,3,0,0,5,credit,6/23/2019 0:00,id_17,103.554858,Not_Canceled
TID16400,app,0,group_1,0,164.2306959,0,0,1,1,0,0,2,debit,9/9/2018 0:00,id_84,59.17278266,Not_Canceled
TID19929,telephone,0,group_1,,0.440355856,0,0,1,,0,0,1,debit,5/23/2019 0:00,id_38,0,Not_Canceled
TID05902,app,0,group_1,0,186.0633597,0,1,1,2,0,0,2,debit,3/30/2019 0:00,id_14,48.80522502,Not_Canceled
TID06258,website,0,group_1,0,14.94520185,1,0,1,2,0,0,1,debit,8/23/2018 0:00,id_97,57.12524506,Not_Canceled
TID28555,app,,group_1,0,134.094078,0,1,1,2,0,0,2,debit,8/22/2018 0:00,id_38,54.0306016,Not_Canceled
TID04379,app,0,group_1,0,88.49886803,0,1,1,2,0,0,2,debit,4/9/2019 0:00,id_18,49.20026125,Not_Canceled
TID15246,app,0,group_1,0,73.80711722,0,0,1,2,0,0,3,debit,11/1/2018 0:00,id_4,51.77885764,Not_Canceled
TID23351,app,0,group_1,0,148.2798431,0,1,1,2,0,0,4,debit,12/7/2018 0:00,id_74,41.86780981,Not_Canceled
TID30667,website,0,group_1,0,10.01351544,1,2,1,1,0,0,0,debit,1/1/2019 0:00,id_28,43.64585749,Not_Canceled
TID20446,app,0,group_1,0,140.8673729,0,1,1,2,0,0,2,debit,5/11/2019 0:00,id_13,75.16730218,Not_Canceled
TID10505,website,0,group_1,0,234.3043868,1,1,1,2,0,0,1,debit,7/14/2019 0:00,id_81,57.27923139,Not_Canceled
TID15976,website,0,group_1,0,300.6222686,1,1,1,2,0,0,1,credit,7/7/2019 0:00,id_62,66.75011988,Canceled
TID28493,app,0,group_1,0,1.897080185,0,0,1,1,0,0,1,debit,3/15/2019 0:00,id_13,56.61145455,Not_Canceled
TID19273,website,0,group_1,0,6.621368083,1,0,1,2,0,0,1,debit,1/17/2019 0:00,id_76,44.59457106,Not_Canceled
TID22218,website,0,group_1,0,1.835402564,1,2,1,2,0,0,3,debit,2/25/2019 0:00,id_14,74.18557739,Not_Canceled
TID13510,website,1,group_1,0,21.21579894,2,1,1,2,0,0,1,debit,12/5/2018 0:00,id_70,71.72161267,Not_Canceled
TID17576,app,0,group_1,0,73.53563962,0,0,1,2,0,0,2,credit,8/26/2018 0:00,id_25,63.73742421,Not_Canceled
TID34616,website,1,group_1,0,155.882637,2,0,2,2,0,0,4,debit,6/26/2019 0:00,id_43,55.04469843,Not_Canceled
TID04352,app,0,group_1,0,101.8793228,0,0,1,2,0,0,2,credit,9/23/2018 0:00,id_64,63.73742421,Not_Canceled
TID35788,website,0,group_1,0,31.03765638,2,2,1,2,0,0,2,debit,3/25/2019 0:00,id_54,57.51008125,Not_Canceled
TID24436,website,0,group_2,0,74.51947551,0,1,1,2,0,0,1,debit,2/26/2019 0:00,id_24,47.82850964,Not_Canceled
TID17668,app,0,group_1,0,140.3399576,0,0,1,2,0,0,5,debit,12/6/2018 0:00,id_55,43.48472045,Not_Canceled
TID12454,app,0,group_1,0,46.13634974,1,1,1,2,0,0,2,debit,12/23/2018 0:00,id_66,38.05347992,Not_Canceled
TID08315,app,0,group_1,0,68.86163581,0,0,1,2,0,0,2,debit,9/6/2018 0:00,id_25,40.78410636,Not_Canceled
TID14140,app,0,group_1,0,56.86535936,1,1,1,2,0,0,2,debit,5/18/2019 0:00,id_56,54.37761187,Not_Canceled
TID04052,website,,group_2,0,35.53252669,2,0,1,2,0,0,1,debit,12/3/2018 0:00,id_40,47.35215122,Not_Canceled
TID23849,app,0,group_1,0,44.52926744,0,0,1,2,0,0,3,debit,1/25/2019 0:00,id_36,46.15773551,Not_Canceled
TID09053,website,0,group_1,0,5.099698536,0,1,1,2,0,0,0,debit,7/29/2019 0:00,id_53,92.02855445,Canceled
TID14779,website,0,group_1,1,9.063511977,1,1,1,1,1,0,3,debit,9/26/2018 0:00,id_13,69.24335324,Not_Canceled
TID30551,website,1,group_2,0,1.793066997,0,0,1,2,0,0,3,debit,11/30/2018 0:00,id_43,52.08141117,Not_Canceled
TID25591,app,0,group_1,0,59.34904738,1,1,1,2,0,0,1,debit,9/19/2018 0:00,id_78,40.78410636,Not_Canceled
TID05373,website,1,group_4,0,84.20140519,1,2,1,2,0,0,5,debit,7/8/2019 0:00,id_54,79.89397433,Not_Canceled
TID15904,app,0,group_1,0,56.70138091,0,0,1,2,0,0,2,credit,8/25/2018 0:00,id_25,49.85748475,Not_Canceled
TID10550,website,0,group_4,0,3.781207401,1,0,1,3,0,0,1,debit,3/3/2019 0:00,id_28,101.4280422,Not_Canceled
TID35757,website,0,group_4,0,147.5563291,1,0,1,2,0,0,2,debit,5/9/2019 0:00,id_11,66.8501458,Canceled
TID03309,website,1,group_4,0,130.7716084,1,2,2,2,0,0,1,debit,6/9/2019 0:00,id_59,69.98837128,Not_Canceled
TID05918,app,0,group_1,0,63.35830575,0,0,1,1,0,0,2,debit,12/27/2018 0:00,id_23,44.02146061,Not_Canceled
TID19451,website,0,group_1,0,12.46470829,3,1,1,2,0,0,2,debit,8/22/2018 0:00,id_70,71.22712526,Not_Canceled
TID27737,app,0,group_1,0,195.9266068,1,1,1,2,0,0,3,debit,4/19/2019 0:00,id_9,49.20026125,Not_Canceled
TID31373,app,0,group_1,0,91.2621206,0,0,1,2,0,0,4,debit,9/14/2018 0:00,id_43,43.48472045,Not_Canceled
TID18088,website,0,group_1,0,183.1703751,1,2,2,2,0,0,5,credit,7/10/2019 0:00,id_75,94.98257197,Canceled
TID27868,website,0,group_1,0,64.31912172,1,1,1,2,0,0,1,debit,7/14/2019 0:00,id_54,85.87986843,Not_Canceled
TID14094,app,0,group_4,0,101.5034382,0,2,1,2,0,0,2,debit,6/17/2019 0:00,id_71,50.09373117,Not_Canceled
TID33271,app,0,group_1,0,40.80484946,0,0,1,2,0,0,1,credit,8/12/2018 0:00,id_59,64.24117034,Not_Canceled
TID31969,app,0,group_1,0,144.1798063,0,2,1,3,0,0,2,debit,6/29/2019 0:00,id_78,57.58699676,Not_Canceled
TID09278,website,0,group_1,0,10.47686602,2,2,1,2,0,0,3,debit,8/13/2018 0:00,id_74,70.23641452,Not_Canceled
TID25559,website,0,group_1,0,5.911376692,1,2,1,1,0,0,3,debit,7/22/2018 0:00,id_47,50.48706335,Not_Canceled
TID24999,whoosh,0,group_1,,6.619394626,0,0,1,,0,1,1,debit,11/17/2018 0:00,id_98,40.78410636,Not_Canceled
TID32124,website,0,group_1,0,116.5519927,0,0,1,2,0,0,3,debit,10/4/2018 0:00,id_30,53.64171518,Not_Canceled
TID27620,app,0,group_1,0,150.8822483,0,0,1,1,0,0,3,debit,12/27/2018 0:00,id_93,48.80522502,Not_Canceled
TID22942,whoosh,0,group_1,,0.782884154,1,0,1,,0,3,3,debit,4/24/2019 0:00,id_79,40.78410636,Not_Canceled
TID02470,app,0,group_1,0,71.08088836,0,0,1,1,0,0,3,debit,5/22/2019 0:00,id_26,69.24335324,Not_Canceled
TID18268,website,0,group_4,0,52.30938373,2,0,2,3,0,0,4,debit,4/18/2019 0:00,id_62,86.25371023,Not_Canceled
TID13960,app,0,group_1,0,164.0124224,0,0,1,1,0,0,2,debit,9/9/2018 0:00,id_33,59.17278266,Not_Canceled
TID36152,website,0,group_1,0,71.95539765,1,0,1,2,0,0,2,debit,5/11/2019 0:00,id_66,72.65956824,Not_Canceled
TID33046,website,0,group_1,0,121.9821139,1,0,2,2,0,0,3,debit,7/6/2018 0:00,id_27,46.95457587,Not_Canceled
TID14244,website,0,group_1,0,139.2003272,1,2,1,2,0,0,5,debit,7/30/2019 0:00,id_96,63.16738701,Not_Canceled
TID15087,app,,group_1,1,2.213798598,0,0,1,1,0,1,2,debit,2/21/2019 0:00,id_59,52.99252167,Not_Canceled
TID25104,app,,group_1,0,164.217404,0,0,1,1,0,0,2,debit,9/9/2018 0:00,id_77,59.17278266,Not_Canceled
TID35071,app,0,group_1,0,42.44033846,1,0,2,2,0,0,3,debit,2/27/2019 0:00,id_2,46.71576172,Not_Canceled
TID26258,app,0,group_1,0,37.80753292,0,0,1,2,0,0,2,credit,7/22/2018 0:00,id_70,63.73742421,Not_Canceled
TID29136,website,0,group_6,0,56.44205733,2,0,3,2,0,0,4,debit,3/27/2019 0:00,id_30,92.24177218,Not_Canceled
TID14676,website,0,group_4,0,148.8455222,1,0,1,3,0,0,4,debit,7/17/2019 0:00,id_32,78.36759746,Not_Canceled
TID01547,website,,group_1,0,89.1491928,2,1,1,2,0,0,4,debit,11/7/2018 0:00,id_58,34.0907807,Not_Canceled
TID05011,website,0,group_1,0,39.82534319,2,0,2,2,0,0,3,debit,6/6/2019 0:00,id_29,76.19580081,Not_Canceled
TID27359,website,0,group_4,0,43.00866725,1,0,1,2,0,0,1,debit,4/25/2019 0:00,id_82,83.62137334,Not_Canceled
TID14251,app,0,group_1,0,10.07228004,0,1,1,1,0,0,3,debit,6/18/2019 0:00,id_15,81.98116246,Not_Canceled
TID26467,website,0,group_1,0,122.2410709,1,2,1,2,0,0,2,debit,10/2/2018 0:00,id_11,53.64171518,Not_Canceled
TID03330,website,0,group_1,0,90.01556783,2,0,1,2,0,0,3,debit,3/20/2019 0:00,id_29,57.27923139,Not_Canceled
TID11639,whoosh,0,group_1,,1.637136064,1,0,1,,0,20,1,debit,3/29/2019 0:00,id_77,41.86780981,Not_Canceled
TID09037,app,0,group_1,0,22.98583537,0,2,1,2,0,0,1,debit,1/15/2019 0:00,id_83,41.32654741,Not_Canceled
TID27679,app,0,group_4,0,22.04779727,0,0,1,2,0,0,3,debit,9/20/2018 0:00,id_49,46.15773551,Not_Canceled
TID16058,website,0,group_1,0,2.102828337,1,0,1,1,0,0,2,debit,1/18/2019 0:00,id_44,48.80522502,Not_Canceled
TID10073,app,0,group_1,0,59.62400281,1,1,1,2,0,0,1,debit,9/19/2018 0:00,id_3,40.78410636,Not_Canceled
TID03611,website,0,group_2,0,142.1084577,1,2,3,0,0,0,3,debit,7/29/2019 0:00,id_43,57.01741335,Not_Canceled
TID31246,app,0,group_1,0,117.8582262,0,1,1,1,0,0,2,debit,5/14/2019 0:00,id_27,64.24117034,Not_Canceled
TID19767,app,0,group_1,0,303.3794979,1,2,1,2,0,0,3,debit,7/27/2019 0:00,id_13,47.74917162,Not_Canceled
TID08303,website,0,group_1,0,35.45986406,1,2,2,2,0,0,2,debit,6/3/2019 0:00,id_12,71.77102989,Not_Canceled
TID33290,website,,group_1,0,115.7222734,2,2,1,2,0,0,3,debit,4/29/2019 0:00,id_48,72.36852712,Not_Canceled
TID29730,app,0,group_1,0,6.598643179,0,0,1,1,0,0,3,debit,4/12/2019 0:00,id_21,65.24668649,Not_Canceled
TID27390,app,0,group_1,0,59.94280664,0,2,1,2,0,0,3,debit,12/4/2018 0:00,id_66,42.4079134,Not_Canceled
TID17294,app,0,group_1,0,35.32222602,3,0,1,2,0,0,2,debit,9/23/2018 0:00,id_81,53.65727966,Not_Canceled
TID09342,app,0,group_1,0,74.10031088,0,0,1,2,0,0,2,credit,8/26/2018 0:00,id_51,59.93754192,Not_Canceled
TID07041,app,0,group_1,0,49.07528988,0,0,1,2,0,0,4,debit,12/7/2018 0:00,id_8,44.02146061,Not_Canceled
TID25092,website,0,group_4,0,18.75610268,2,0,1,3,0,0,1,debit,6/27/2019 0:00,id_37,81.98116246,Not_Canceled
TID09620,app,0,group_1,0,88.27539431,0,1,1,2,0,0,1,credit,9/12/2018 0:00,id_36,65.34709476,Not_Canceled
TID02285,website,0,group_4,0,71.50504539,0,2,1,1,0,0,4,debit,4/14/2019 0:00,id_10,75.46139884,Not_Canceled
TID07029,website,0,group_4,0,16.70313059,0,1,1,2,0,0,0,debit,5/21/2019 0:00,id_33,57.6485168,Not_Canceled
TID14653,app,0,group_1,0,146.5257544,0,0,1,2,0,0,3,debit,12/6/2018 0:00,id_26,25.30290948,Not_Canceled
TID20494,website,0,group_1,0,1.495329506,1,1,1,2,0,0,2,debit,8/22/2018 0:00,id_53,78.42602166,Not_Canceled
TID23018,website,0,group_4,0,125.8666909,2,1,1,3,0,0,4,credit,6/20/2019 0:00,id_51,97.45201639,Not_Canceled
TID35182,whoosh,0,group_1,,12.32302305,0,0,1,,0,0,3,debit,7/13/2018 0:00,id_28,40.78410636,Not_Canceled
TID18199,whoosh,0,group_1,,4.365443277,0,0,1,,1,3,1,debit,1/31/2019 0:00,id_46,41.32654741,Not_Canceled
TID33536,telephone,0,group_1,,1.115516882,1,0,2,,0,0,1,debit,5/15/2019 0:00,id_97,0,Not_Canceled
TID31933,app,0,group_1,0,5.783347524,0,1,1,1,0,0,2,debit,1/23/2019 0:00,id_76,39.69560568,Not_Canceled
TID09138,website,0,group_4,0,88.46102092,1,0,1,2,0,0,3,debit,4/3/2019 0:00,id_53,64.14047421,Not_Canceled
TID10830,app,0,group_1,0,192.9863133,0,0,1,1,0,0,2,debit,6/1/2019 0:00,id_20,56.61145455,Not_Canceled
TID24350,whoosh,0,group_1,,55.06712946,0,0,1,,0,0,1,debit,6/14/2019 0:00,id_56,48.27767928,Not_Canceled
TID23587,website,0,group_1,0,117.7719591,1,2,1,2,0,0,3,debit,7/21/2019 0:00,id_8,66.39983088,Not_Canceled
TID05446,website,0,group_1,0,12.83902296,1,0,1,1,0,0,1,debit,5/31/2019 0:00,id_96,56.61145455,Not_Canceled
TID03739,website,0,group_4,0,23.33644501,2,2,1,3,0,0,3,debit,3/25/2019 0:00,id_73,81.69114274,Not_Canceled
TID01738,app,0,group_1,0,26.96557103,0,2,1,2,0,0,5,debit,1/19/2019 0:00,id_48,28.74929968,Not_Canceled
TID12675,app,0,group_1,0,262.9933749,0,1,1,2,0,0,0,debit,8/29/2018 0:00,id_65,41.86780981,Not_Canceled
TID31841,website,0,group_1,0,-0.55312743,1,0,1,2,0,0,2,debit,7/14/2018 0:00,id_28,54.0306016,Not_Canceled
TID06501,website,0,group_1,0,5.621014105,2,0,1,1,0,0,1,debit,1/7/2019 0:00,id_21,48.80522502,Not_Canceled
TID05236,app,0,group_1,0,36.1021593,0,0,1,1,0,0,3,credit,9/20/2018 0:00,id_76,54.5483914,Not_Canceled
TID08066,website,0,group_4,0,110.4879756,0,0,1,3,0,0,1,debit,6/9/2019 0:00,id_5,82.31930089,Not_Canceled
TID07932,website,0,group_1,0,40.60691683,0,0,1,2,0,0,1,debit,5/29/2019 0:00,id_56,47.1772868,Canceled
TID11282,website,0,group_1,0,158.8172028,1,2,1,2,0,0,3,debit,6/10/2019 0:00,id_21,58.89195723,Not_Canceled
TID33990,website,0,group_1,0,16.46344548,1,0,1,2,0,0,2,debit,5/8/2019 0:00,id_53,69.74018045,Not_Canceled
TID21407,app,0,group_1,0,7.541739157,1,0,1,1,0,0,1,debit,2/22/2019 0:00,id_86,50.06749076,Not_Canceled
TID06598,website,0,group_6,0,22.02689035,0,2,3,2,0,0,0,debit,12/4/2018 0:00,id_54,96.74754825,Not_Canceled
TID15592,website,,group_2,0,1.428175946,0,0,3,2,0,0,1,debit,2/13/2019 0:00,id_34,50.39795297,Not_Canceled
TID10502,website,0,group_1,0,63.04671701,3,1,1,2,0,0,3,debit,5/28/2019 0:00,id_37,59.1217401,Not_Canceled
TID27575,website,1,group_1,0,23.58966439,1,0,1,2,0,0,2,debit,12/14/2018 0:00,id_13,67.00013766,Not_Canceled
TID31795,website,0,group_4,0,68.99378286,0,2,1,2,0,0,2,debit,3/31/2019 0:00,id_54,63.20777189,Not_Canceled
TID22437,app,0,group_4,0,75.99273603,0,2,1,2,0,0,5,debit,6/8/2019 0:00,id_24,50.09373117,Not_Canceled
TID17671,whoosh,0,group_1,,-0.59194032,0,0,1,,0,1,1,debit,11/22/2018 0:00,id_75,46.15773551,Not_Canceled
TID31821,whoosh,0,group_1,,5.633558665,0,1,1,,0,0,0,debit,5/28/2019 0:00,id_40,56.61145455,Not_Canceled
TID10947,app,0,group_1,0,1.633343596,0,0,1,2,0,0,1,debit,9/20/2018 0:00,id_71,51.42898852,Not_Canceled
TID03151,app,0,group_4,0,82.02655337,1,2,1,2,0,0,1,debit,11/26/2018 0:00,id_4,38.05347992,Not_Canceled
TID21457,website,0,group_1,0,-0.086344661,1,0,1,2,0,0,1,debit,7/25/2019 0:00,id_81,83.91025828,Not_Canceled
TID35153,website,0,group_1,0,99.05097713,2,1,1,2,0,0,3,credit,6/25/2019 0:00,id_92,79.92309278,Not_Canceled
TID04177,app,0,group_1,0,127.7488863,1,0,1,2,0,0,3,debit,4/11/2019 0:00,id_65,49.20026125,Not_Canceled
TID34549,website,0,group_4,0,4.009641402,1,0,1,2,0,0,4,debit,5/8/2019 0:00,id_60,75.20652622,Not_Canceled
TID10838,website,0,group_4,0,10.18898068,3,1,1,2,0,0,3,debit,4/16/2019 0:00,id_99,79.55898362,Not_Canceled
TID03467,app,0,group_1,0,118.6564576,0,0,2,2,0,0,2,credit,6/28/2019 0:00,id_47,74.71597795,Not_Canceled
TID23361,app,0,group_4,0,35.5514737,1,1,1,2,0,0,2,debit,10/3/2018 0:00,id_8,46.15773551,Not_Canceled
TID34421,app,0,group_1,0,221.156163,1,0,1,2,0,0,1,credit,7/20/2019 0:00,id_50,57.12524506,Not_Canceled
TID17624,app,,group_1,0,33.63098455,0,2,1,2,0,0,3,debit,7/29/2019 0:00,id_65,51.42898852,Not_Canceled
TID08673,website,0,group_1,0,5.142810264,0,2,1,1,0,0,1,debit,9/11/2018 0:00,id_69,57.12524506,Not_Canceled
TID23798,app,,group_1,0,132.0805919,0,2,1,2,0,0,1,credit,7/23/2018 0:00,id_6,56.35426715,Not_Canceled
TID29419,app,0,group_1,0,151.187824,0,0,1,1,0,0,2,debit,12/27/2018 0:00,id_2,44.02146061,Not_Canceled
TID27069,app,0,group_1,0,139.9030832,0,0,1,2,0,0,5,debit,12/6/2018 0:00,id_43,43.48472045,Not_Canceled
TID28779,website,0,group_4,0,44.88609628,0,2,1,2,0,0,3,debit,4/19/2019 0:00,id_62,92.64429056,Not_Canceled
TID21870,website,0,group_1,0,22.22701459,2,0,1,2,0,0,3,debit,8/9/2018 0:00,id_67,61.7156903,Not_Canceled
TID35854,app,0,group_1,0,103.4871263,0,0,1,2,0,0,3,debit,4/11/2019 0:00,id_79,48.80522502,Not_Canceled
TID10708,website,0,group_1,0,122.8726423,1,0,2,2,0,0,3,debit,7/6/2018 0:00,id_74,46.95457587,Not_Canceled
TID21409,app,0,group_1,0,106.4620102,1,1,1,2,0,0,0,debit,5/6/2019 0:00,id_72,56.61145455,Not_Canceled
TID10171,website,0,group_1,0,19.6926479,0,2,1,1,0,0,2,debit,1/1/2019 0:00,id_96,42.13800524,Not_Canceled
TID12222,app,0,group_1,0,10.93075058,0,1,1,1,0,0,2,debit,11/7/2018 0:00,id_40,35.28999954,Not_Canceled
TID25486,app,0,group_6,0,74.3742428,0,2,1,3,0,0,3,debit,1/29/2019 0:00,id_81,65.24668649,Not_Canceled
TID14763,app,0,group_1,0,151.6009635,0,0,1,1,0,0,3,debit,12/27/2018 0:00,id_19,48.80522502,Not_Canceled
TID01776,app,0,group_1,0,67.00780877,0,0,1,1,0,0,1,credit,7/3/2019 0:00,id_0,56.61145455,Not_Canceled
TID25593,app,0,group_1,0,1.708601684,0,0,1,1,0,0,1,debit,5/31/2019 0:00,id_41,56.61145455,Not_Canceled
TID08087,app,1,group_1,0,82.5783055,0,1,2,2,0,0,2,debit,7/2/2019 0:00,id_60,67.79914779,Not_Canceled
TID31210,app,0,group_4,0,55.47700811,0,0,1,2,0,0,4,debit,10/25/2018 0:00,id_67,38.05347992,Not_Canceled
TID35927,app,0,group_1,0,96.36235798,0,2,1,2,0,0,1,credit,6/18/2018 0:00,id_2,56.35426715,Not_Canceled
TID01311,website,0,group_1,0,188.0777207,0,1,1,2,0,0,1,debit,7/21/2019 0:00,id_6,61.86770119,Canceled
TID08226,whoosh,0,group_1,,29.98098924,0,0,1,,0,0,1,debit,1/12/2019 0:00,id_41,47.21968807,Not_Canceled
TID02508,website,0,group_1,0,35.74285878,0,1,1,2,0,0,1,debit,2/4/2019 0:00,id_1,54.70356806,Not_Canceled
TID19885,website,,group_1,0,82.74684748,1,1,2,2,0,0,3,debit,7/9/2019 0:00,id_81,77.07551714,Not_Canceled
TID11277,app,0,group_1,0,87.8653387,0,0,1,1,0,0,3,credit,4/10/2019 0:00,id_77,57.12524506,Not_Canceled
TID31498,website,0,group_4,0,68.70161459,2,0,1,3,0,0,3,debit,7/4/2019 0:00,id_93,77.95354936,Not_Canceled
TID14551,website,0,group_1,0,8.012944821,1,1,1,1,0,0,2,debit,8/15/2018 0:00,id_71,47.76504098,Not_Canceled
TID23735,website,0,group_1,0,2.020317071,2,0,1,2,0,0,1,debit,7/10/2019 0:00,id_89,69.74018045,Not_Canceled
TID28723,app,0,group_1,0,281.1400708,0,2,1,2,0,0,1,debit,9/17/2018 0:00,id_74,47.04474191,Not_Canceled
TID11679,website,0,group_6,0,39.84954913,0,0,3,2,0,0,1,debit,3/14/2019 0:00,id_25,102.7785248,Canceled
TID21349,website,0,group_1,0,12.58296707,2,0,1,2,0,0,3,debit,6/26/2019 0:00,id_63,76.30830374,Not_Canceled
TID21676,app,0,group_1,0,44.27383735,0,0,1,2,0,0,3,debit,1/25/2019 0:00,id_51,46.15773551,Not_Canceled
TID25932,website,0,group_1,0,27.84566643,1,0,1,2,0,0,1,debit,12/24/2018 0:00,id_56,53.51198188,Not_Canceled
TID05656,app,0,group_1,0,121.3026978,0,2,1,1,0,0,1,credit,3/4/2019 0:00,id_18,51.95103622,Not_Canceled
TID14535,website,0,group_1,0,83.59955018,2,2,2,2,0,0,1,debit,3/18/2019 0:00,id_10,57.27923139,Not_Canceled
TID01554,website,0,group_1,0,14.79199005,1,1,1,2,0,0,2,debit,3/23/2019 0:00,id_46,68.41231406,Not_Canceled
TID02633,website,0,group_1,0,101.1748108,0,0,1,2,0,0,2,credit,9/23/2018 0:00,id_34,59.93754192,Canceled
TID29815,app,0,group_4,0,20.72121531,0,0,1,2,0,0,3,debit,10/11/2018 0:00,id_87,30.60355662,Not_Canceled
TID09750,whoosh,0,group_1,,18.95206835,0,0,1,,0,0,2,debit,5/30/2019 0:00,id_98,54.0306016,Not_Canceled
TID03480,website,0,group_4,0,32.47303556,1,0,1,3,0,0,3,debit,7/5/2019 0:00,id_4,92.64429056,Not_Canceled
TID12320,website,0,group_1,0,194.3615502,2,2,1,2,0,0,3,debit,3/25/2019 0:00,id_74,47.34155644,Not_Canceled
TID09525,app,0,group_1,0,50.02175602,2,0,1,2,0,0,3,debit,12/22/2018 0:00,id_20,33.61475809,Not_Canceled
TID32919,whoosh,0,group_1,,4.078534731,0,0,1,,1,0,2,debit,12/20/2018 0:00,id_10,41.32654741,Not_Canceled
TID08467,website,0,group_1,0,71.24799558,1,0,1,2,0,0,4,debit,12/7/2018 0:00,id_42,64.64369103,Not_Canceled
TID33440,website,0,group_4,0,1.125764324,1,0,3,1,0,0,1,debit,7/10/2019 0:00,id_47,98.62422862,Not_Canceled
TID12332,app,0,group_1,0,97.75638506,0,2,1,2,0,0,3,debit,5/6/2019 0:00,id_18,49.20026125,Not_Canceled
TID03559,website,0,group_4,0,23.45240807,2,0,1,2,0,0,2,debit,9/15/2018 0:00,id_91,67.74925609,Not_Canceled
TID12035,website,0,group_1,0,73.37717093,0,0,1,1,0,0,3,debit,4/24/2019 0:00,id_38,72.65956824,Not_Canceled
TID06362,app,0,group_1,0,24.08503265,1,0,1,3,0,0,4,debit,10/11/2018 0:00,id_28,38.46509335,Not_Canceled
TID02464,website,0,group_4,0,68.60765629,1,1,1,2,0,0,3,debit,3/26/2019 0:00,id_55,64.28144139,Not_Canceled
TID21843,telephone,0,group_1,,3.014010081,1,1,1,,0,0,0,debit,7/10/2018 0:00,id_88,0,Not_Canceled
TID36050,app,0,group_4,1,0.422299399,2,0,1,1,0,6,1,debit,1/24/2019 0:00,id_51,29.65018893,Not_Canceled
TID23357,website,0,group_1,0,124.3814011,1,0,2,2,0,0,1,debit,7/6/2019 0:00,id_77,74.43121211,Not_Canceled
TID21582,website,0,group_2,0,-0.191014684,2,0,1,2,0,0,1,debit,11/5/2018 0:00,id_16,47.35215122,Not_Canceled
TID02135,whoosh,0,group_1,,34.83671951,0,1,1,,0,0,0,debit,4/23/2019 0:00,id_60,53.51198188,Not_Canceled
TID25090,website,0,group_1,0,8.01206216,1,0,1,1,0,0,1,debit,1/18/2019 0:00,id_2,51.95103622,Not_Canceled
TID05206,website,0,group_4,0,48.64640691,4,1,1,3,0,0,2,debit,6/8/2019 0:00,id_15,84.05463798,Not_Canceled
TID05646,app,0,group_1,0,122.2444555,0,0,1,2,0,0,2,debit,3/23/2019 0:00,id_74,51.42898852,Not_Canceled
TID23565,app,0,group_1,0,101.9987906,0,0,1,2,0,0,2,credit,9/23/2018 0:00,id_56,63.73742421,Not_Canceled
TID33952,telephone,0,,,-48,0,0,1,,0,1,1,debit,3/29/2019 0:00,id_77,0,Not_Canceled
TID09097,website,1,group_6,0,141.9477237,1,0,3,2,0,0,3,debit,7/11/2019 0:00,id_39,101.1016102,Not_Canceled
TID27043,website,0,group_2,0,108.5255336,1,2,2,0,0,0,4,debit,3/9/2019 0:00,id_97,45.48661785,Not_Canceled
TID01125,website,,group_1,0,22.7093721,0,0,1,2,0,0,3,debit,1/11/2019 0:00,id_32,57.12524506,Canceled
TID23893,website,0,group_1,0,69.90036288,2,2,1,2,0,0,3,debit,3/10/2019 0:00,id_58,38.90881852,Not_Canceled
TID14688,website,0,group_6,0,128.5331662,2,0,2,2,0,0,2,debit,6/29/2019 0:00,id_96,79.06820663,Not_Canceled
TID14554,website,0,group_1,0,2.603115161,1,0,1,2,0,0,1,debit,3/29/2019 0:00,id_20,59.68280455,Not_Canceled
TID08633,app,0,group_1,0,148.1955233,0,1,1,2,0,0,4,debit,12/7/2018 0:00,id_91,41.86780981,Not_Canceled
TID26135,website,0,group_1,0,5.569813723,0,1,1,1,0,0,2,debit,9/26/2018 0:00,id_42,0,Not_Canceled
TID26738,website,0,group_1,0,40.17375334,1,2,1,2,0,0,4,debit,12/15/2018 0:00,id_4,51.9875467,Not_Canceled
TID24085,website,0,,0,31.47308129,2,1,1,3,0,0,2,debit,4/20/2019 0:00,id_72,100.4902378,Not_Canceled
TID14708,whoosh,0,group_1,,11.64464241,0,0,1,,0,0,1,debit,9/14/2018 0:00,id_10,40.78410636,Not_Canceled
TID12843,website,0,group_1,0,136.3914754,0,2,1,2,0,0,9,debit,3/28/2019 0:00,id_96,59.1472623,Canceled
TID09044,whoosh,0,group_1,,47.06390086,0,0,1,,0,0,1,debit,11/23/2018 0:00,id_28,40.78410636,Not_Canceled
TID21432,app,0,group_1,0,26.04312866,0,0,1,2,0,0,2,debit,9/7/2018 0:00,id_1,63.23301024,Not_Canceled
TID30951,website,0,group_1,0,89.13908314,2,1,1,2,0,0,2,debit,10/31/2018 0:00,id_3,44.69086155,Not_Canceled
TID23788,website,1,group_1,0,189.0499525,1,1,1,2,0,0,4,credit,7/23/2019 0:00,id_57,62.6015429,Canceled
TID36154,app,0,group_1,0,11.84214009,0,2,1,2,0,0,2,debit,9/30/2018 0:00,id_88,53.2523575,Not_Canceled
TID11341,website,0,group_1,0,15.54153332,1,0,1,2,0,0,3,credit,2/14/2019 0:00,id_56,76.63587108,Not_Canceled
TID27707,website,0,group_1,0,64.45155088,1,1,1,2,0,0,2,debit,6/25/2019 0:00,id_67,49.37390965,Not_Canceled
TID04930,app,0,group_1,0,7.754251188,0,0,1,2,0,0,4,debit,8/17/2018 0:00,id_88,35.150905,Not_Canceled
TID13963,website,0,group_1,0,90.22567213,1,2,1,2,0,0,2,debit,11/11/2018 0:00,id_73,44.69086155,Not_Canceled
TID15959,app,0,group_1,0,151.0193411,0,0,1,1,0,0,3,debit,12/27/2018 0:00,id_73,48.80522502,Not_Canceled
TID04810,app,0,group_1,0,38.48178654,0,0,1,2,0,0,2,credit,7/22/2018 0:00,id_27,59.93754192,Not_Canceled
TID31549,app,0,group_1,0,42.93051448,0,0,1,2,0,0,3,debit,1/25/2019 0:00,id_14,46.15773551,Not_Canceled
TID11549,website,0,group_1,0,88.06301959,1,1,1,2,0,0,3,debit,3/1/2019 0:00,id_66,43.50083861,Not_Canceled
TID18927,app,0,group_1,0,31.84833143,0,2,1,2,0,0,1,debit,12/10/2018 0:00,id_40,42.9468774,Not_Canceled
TID30305,website,0,group_1,0,56.66341679,0,1,1,2,0,0,0,debit,6/18/2019 0:00,id_88,52.99772047,Not_Canceled
TID29871,website,0,group_4,0,97.86757134,2,2,2,2,0,0,1,debit,7/22/2019 0:00,id_50,60.47698768,Not_Canceled
TID12130,website,,group_1,0,-0.21606097,0,1,1,2,0,0,1,debit,5/21/2019 0:00,id_81,64.74425551,Not_Canceled
TID10084,app,0,group_6,0,83.68522613,0,2,3,2,0,0,1,debit,2/5/2019 0:00,id_15,73.939806,Not_Canceled
TID20571,app,0,group_1,0,46.78181078,0,1,1,2,0,0,2,debit,12/30/2018 0:00,id_50,38.05347992,Not_Canceled
TID12097,app,0,group_1,0,245.5007947,1,0,1,3,0,0,3,debit,6/27/2019 0:00,id_49,57.49982455,Canceled
TID30390,app,,group_1,0,73.12070374,0,0,1,2,0,0,3,debit,11/1/2018 0:00,id_10,51.77885764,Not_Canceled
TID23562,website,0,group_1,0,121.0003924,1,2,1,2,0,0,5,debit,5/8/2019 0:00,id_50,69.16877765,Not_Canceled
TID28597,website,0,group_1,0,58.45030482,1,1,1,2,0,0,0,debit,5/13/2019 0:00,id_26,47.1772868,Not_Canceled
TID09773,telephone,0,group_4,,-81,0,0,1,,0,2,1,debit,5/15/2019 0:00,id_70,0,Not_Canceled
TID16658,app,0,group_1,0,0.282109104,0,0,1,2,0,0,1,debit,12/22/2018 0:00,id_74,41.32654741,Not_Canceled
TID30265,app,0,group_1,0,86.77629789,0,2,1,2,0,0,1,debit,6/3/2019 0:00,id_5,47.3733396,Not_Canceled
TID05319,website,0,group_4,0,140.1916335,2,2,1,3,0,0,4,debit,5/5/2019 0:00,id_73,60.91405995,Not_Canceled
TID21992,website,0,group_1,0,76.94797559,0,0,1,2,0,0,2,debit,3/2/2019 0:00,id_92,64.14047421,Not_Canceled
TID04142,website,0,group_1,0,2.147889544,1,0,1,2,0,0,1,debit,5/25/2019 0:00,id_61,79.55898362,Not_Canceled
TID05499,app,0,group_1,0,56.79784816,1,1,1,2,0,0,2,debit,5/18/2019 0:00,id_70,54.37761187,Not_Canceled
TID25327,website,0,group_4,0,17.98287886,1,2,1,1,0,0,1,credit,2/5/2019 0:00,id_26,81.49770004,Not_Canceled
TID00963,website,0,group_4,0,49.46871185,2,1,1,3,0,0,3,debit,2/22/2019 0:00,id_71,69.2731797,Not_Canceled
TID09774,app,0,group_1,0,86.36876076,1,1,2,2,0,0,2,debit,6/8/2019 0:00,id_19,63.07650521,Not_Canceled
TID32693,app,0,group_1,0,0.701058474,0,0,1,1,0,0,3,debit,2/13/2019 0:00,id_27,46.15773551,Not_Canceled
TID25209,app,0,group_1,0,73.70348047,0,0,1,2,0,0,2,credit,8/26/2018 0:00,id_11,59.93754192,Not_Canceled
TID28666,whoosh,0,group_5,,4.051666988,0,2,1,,0,0,2,debit,6/17/2019 0:00,id_59,80.5293229,Not_Canceled
TID27984,website,0,group_4,0,11.95792996,0,0,1,2,0,0,2,debit,4/13/2019 0:00,id_87,86.79003251,Not_Canceled
TID27541,website,0,group_1,0,85.6695799,2,1,1,2,0,0,1,debit,6/9/2019 0:00,id_21,66.39983088,Not_Canceled
TID22286,app,0,group_1,0,-0.160119978,0,0,1,1,0,0,1,debit,9/27/2018 0:00,id_53,70.73206098,Not_Canceled
TID00555,app,0,group_1,0,29.29538274,0,0,1,2,0,0,2,debit,5/10/2019 0:00,id_53,79.07306831,Not_Canceled
TID13002,app,0,group_1,0,27.98196663,0,0,1,2,0,0,3,debit,12/8/2018 0:00,id_56,66.75011988,Not_Canceled
TID26939,website,1,group_2,0,5.324768023,0,1,1,2,0,0,0,debit,11/14/2018 0:00,id_33,57.25357181,Not_Canceled
TID27288,app,0,group_1,0,326.0842947,0,2,1,2,0,0,4,credit,8/17/2018 0:00,id_47,52.99252167,Not_Canceled
TID27197,app,0,group_4,0,49.90739626,0,1,1,2,0,0,2,debit,10/24/2018 0:00,id_85,38.05347992,Not_Canceled
TID03949,app,0,group_1,0,29.70672114,0,0,1,2,0,0,2,credit,9/7/2018 0:00,id_23,69.74018045,Not_Canceled
TID04467,website,0,group_4,0,78.35893356,4,2,1,3,0,0,4,debit,7/1/2019 0:00,id_24,78.82992248,Not_Canceled
TID22715,whoosh,0,group_1,,0.268493957,0,0,1,,0,0,2,debit,1/3/2019 0:00,id_12,48.27767928,Not_Canceled
TID29059,website,0,group_1,0,16.24537286,3,1,2,2,0,0,2,debit,5/21/2019 0:00,id_14,75.32907922,Not_Canceled
TID27525,website,0,group_1,0,17.78863659,2,2,1,2,0,0,2,debit,5/6/2019 0:00,id_81,58.45751285,Not_Canceled
TID32781,app,0,group_1,0,102.0434259,0,0,1,1,0,0,2,debit,3/27/2019 0:00,id_14,66.75011988,Canceled
TID33566,app,0,group_1,0,67.88634373,0,0,1,2,0,0,2,debit,9/6/2018 0:00,id_94,40.78410636,Not_Canceled
TID07399,app,0,group_1,0,134.1242344,0,1,1,2,0,0,2,debit,8/22/2018 0:00,id_10,54.0306016,Not_Canceled
TID10245,whoosh,0,group_1,,1.645155003,1,0,1,,3,4,1,debit,3/28/2019 0:00,id_54,29.65018893,Not_Canceled
TID14322,website,0,group_4,0,40.84924287,2,2,1,3,0,0,1,debit,7/21/2019 0:00,id_51,92.64429056,Not_Canceled
TID23682,website,0,group_1,0,21.45524425,0,2,1,2,0,0,1,debit,12/4/2018 0:00,id_95,61.04101726,Not_Canceled
TID31527,app,,group_1,0,39.04292155,0,0,1,2,0,0,2,credit,7/22/2018 0:00,id_10,63.73742421,Not_Canceled
TID34047,app,,group_1,0,119.0975988,0,0,1,1,0,0,1,debit,5/15/2019 0:00,id_87,64.24117034,Not_Canceled
TID27941,website,0,group_4,0,5.822254148,2,1,1,2,0,0,0,debit,7/29/2019 0:00,id_6,81.49770004,Not_Canceled
TID34681,app,0,group_1,0,36.56999093,0,0,1,2,0,0,3,credit,9/20/2018 0:00,id_41,65.24668649,Not_Canceled
TID03468,app,0,group_1,0,74.06920679,0,0,1,2,0,0,2,credit,8/26/2018 0:00,id_5,63.73742421,Not_Canceled
TID14217,website,0,group_1,0,-0.188119678,1,0,1,2,0,0,1,debit,2/4/2019 0:00,id_59,53.51198188,Not_Canceled
TID10917,app,0,group_1,0,30.48429186,0,0,1,2,0,0,2,debit,5/10/2019 0:00,id_90,79.07306831,Not_Canceled
TID06379,website,0,group_1,0,123.6408951,1,1,1,2,0,0,5,debit,7/16/2019 0:00,id_1,57.64339055,Not_Canceled
TID32615,website,0,group_4,0,120.626001,1,0,1,2,0,0,5,debit,7/17/2019 0:00,id_65,73.10315287,Not_Canceled
TID06108,website,0,group_1,0,92.58029132,0,0,1,2,0,0,1,debit,3/23/2019 0:00,id_4,54.52252146,Not_Canceled
TID21871,whoosh,0,group_4,,15.69185385,0,0,1,,0,0,2,debit,2/13/2019 0:00,id_42,46.68921428,Not_Canceled
TID08775,app,0,group_1,0,59.82612683,0,1,1,2,0,0,1,debit,8/29/2018 0:00,id_48,40.78410636,Not_Canceled
TID34009,app,0,group_1,0,9.89617902,0,0,1,1,0,0,3,debit,8/23/2018 0:00,id_87,66.04923181,Not_Canceled
TID01315,website,0,group_1,0,25.99589506,2,0,1,2,0,0,3,debit,9/14/2018 0:00,id_94,66.58502213,Not_Canceled
TID03847,website,0,group_1,0,30.33362023,1,1,1,2,0,0,2,debit,1/20/2019 0:00,id_40,39.81012867,Not_Canceled
TID12413,whoosh,0,group_1,,4.476357825,1,0,1,,0,0,2,debit,5/1/2019 0:00,id_31,64.24117034,Not_Canceled
TID21713,website,0,group_1,0,63.53952955,0,2,1,1,0,0,2,debit,2/23/2019 0:00,id_2,55.83930225,Not_Canceled
TID18525,app,0,group_1,0,32.30530464,0,0,1,1,0,0,2,debit,10/28/2018 0:00,id_50,45.09170191,Not_Canceled
TID14432,app,1,group_1,0,122.2645226,2,3,1,2,0,0,5,debit,7/29/2019 0:00,id_0,49.46858406,Not_Canceled
TID10060,website,0,group_1,0,66.83262551,2,0,1,2,0,0,1,debit,10/21/2018 0:00,id_80,44.69086155,Not_Canceled
TID06918,website,0,group_1,0,4.6304154,0,1,1,1,0,0,0,debit,8/29/2018 0:00,id_86,81.49770004,Not_Canceled
TID22598,website,0,group_1,0,12.17088408,2,1,1,2,0,0,0,debit,1/15/2019 0:00,id_17,55.58152236,Not_Canceled
TID09185,whoosh,0,group_1,,37.55683909,1,0,1,,0,0,3,debit,2/8/2019 0:00,id_97,52.84171946,Not_Canceled
TID34284,website,0,group_1,0,77.0354487,1,1,1,2,0,0,3,debit,6/4/2019 0:00,id_16,64.14047421,Not_Canceled
TID21366,app,0,group_1,0,71.91077159,0,2,1,2,0,0,2,debit,3/4/2019 0:00,id_40,42.4079134,Not_Canceled
TID09870,website,,group_1,0,0.431074028,0,1,1,2,0,0,0,debit,6/3/2019 0:00,id_23,61.86770119,Not_Canceled
TID33067,app,0,group_1,0,62.56769706,0,0,1,2,0,0,2,credit,8/12/2018 0:00,id_65,67.24999912,Not_Canceled
TID10106,app,0,group_1,0,22.44671371,0,2,1,2,0,0,1,debit,1/15/2019 0:00,id_61,41.32654741,Not_Canceled
TID22233,website,0,group_1,0,29.14864539,1,1,1,2,0,0,0,debit,3/26/2019 0:00,id_39,59.68280455,Not_Canceled
TID15493,app,0,group_4,0,4.414546841,0,0,1,2,0,0,1,debit,4/28/2019 0:00,id_40,62.7279214,Not_Canceled
TID32845,app,0,group_1,0,4.802511293,0,1,1,1,0,0,4,debit,2/12/2019 0:00,id_93,35.70119092,Not_Canceled
TID14081,app,0,group_1,0,56.71240072,1,1,1,2,0,0,2,debit,5/18/2019 0:00,id_90,54.37761187,Not_Canceled
TID25421,website,0,group_1,0,113.4912098,2,1,1,2,0,0,3,debit,5/14/2019 0:00,id_96,52.82091352,Not_Canceled
TID20774,website,0,group_1,0,210.1586645,1,1,1,2,0,0,3,debit,7/23/2019 0:00,id_28,54.52252146,Not_Canceled
TID10845,website,0,group_1,0,62.92553309,1,1,1,2,0,0,2,debit,5/28/2019 0:00,id_80,59.1217401,Not_Canceled
TID10985,website,0,group_1,0,3.42144169,2,0,1,2,0,0,1,debit,8/30/2018 0:00,id_50,81.49770004,Not_Canceled
TID25739,app,0,group_1,0,67.22352708,1,2,1,2,0,0,1,debit,3/3/2019 0:00,id_39,46.77415724,Not_Canceled
TID07903,website,0,group_4,0,64.33596407,1,0,1,2,0,0,3,debit,2/15/2019 0:00,id_2,52.62839365,Not_Canceled
TID28672,app,0,group_1,0,61.74106699,0,2,1,1,0,0,0,debit,9/11/2018 0:00,id_12,45.09170191,Not_Canceled
TID06951,website,0,group_4,0,100.5551781,3,1,1,2,0,0,3,debit,2/2/2019 0:00,id_22,41.05005102,Not_Canceled
TID15793,app,0,group_1,0,134.6495491,0,2,1,2,0,0,2,debit,11/11/2018 0:00,id_24,40.78410636,Not_Canceled
TID28797,app,0,group_1,0,80.25721864,0,1,1,3,0,0,3,debit,6/4/2019 0:00,id_96,57.58699676,Not_Canceled
TID16748,app,0,group_1,0,221.2740586,0,2,1,2,0,0,1,debit,9/24/2018 0:00,id_77,40.78410636,Not_Canceled
TID18568,website,0,group_4,0,48.14020545,1,1,1,2,0,0,4,debit,9/21/2018 0:00,id_52,48.03468606,Not_Canceled
TID30748,website,0,group_6,0,2.281418032,2,1,1,2,0,0,4,debit,4/4/2019 0:00,id_76,89.87748181,Not_Canceled
TID01413,website,0,group_4,0,114.5988986,1,0,1,3,0,0,1,debit,7/5/2019 0:00,id_56,77.95354936,Not_Canceled
TID04773,app,0,group_1,0,256.4536695,0,1,1,1,0,0,2,debit,8/22/2018 0:00,id_49,40.42000128,Not_Canceled
TID02367,website,0,group_6,0,122.8804161,2,1,3,2,0,0,3,debit,6/4/2019 0:00,id_29,88.20001177,Not_Canceled
TID08943,website,0,group_1,0,79.57514731,1,0,1,2,0,0,2,debit,3/16/2019 0:00,id_54,57.27923139,Not_Canceled
TID14218,app,0,group_1,0,158.8888624,1,1,1,2,0,0,1,debit,3/17/2019 0:00,id_23,43.48472045,Not_Canceled
TID16991,website,0,group_1,0,0.972880696,1,0,1,1,0,0,1,debit,6/12/2019 0:00,id_1,76.63587108,Not_Canceled
TID21527,website,0,group_2,0,152.1709075,1,0,1,2,0,0,4,debit,6/6/2019 0:00,id_31,50.81706784,Not_Canceled
TID23877,app,0,group_1,0,133.1636378,1,1,1,2,0,0,2,debit,2/16/2019 0:00,id_86,51.07872193,Not_Canceled
TID23690,website,0,group_1,0,90.61583919,1,0,1,1,0,0,3,debit,3/20/2019 0:00,id_92,54.49664947,Not_Canceled
TID01728,website,0,group_1,0,2.421994457,0,0,1,1,0,0,1,debit,7/10/2019 0:00,id_44,60.54817491,Not_Canceled
TID07898,app,0,group_1,0,38.20888352,0,0,1,2,0,0,2,credit,7/22/2018 0:00,id_51,63.73742421,Not_Canceled
TID19636,website,0,group_4,0,124.3835953,2,1,1,3,0,0,2,debit,7/13/2019 0:00,id_96,80.8684765,Not_Canceled
TID34197,app,0,group_1,0,39.2563406,0,0,1,2,0,0,2,credit,7/22/2018 0:00,id_97,63.73742421,Not_Canceled
TID05246,website,0,group_1,0,16.6274528,1,2,1,2,0,0,1,debit,9/24/2018 0:00,id_46,62.61165475,Not_Canceled
TID27975,website,0,group_1,0,85.13398848,1,1,1,2,0,0,3,debit,4/23/2019 0:00,id_8,69.16877765,Not_Canceled
TID35975,website,,group_1,0,-0.158030096,1,0,1,2,0,0,2,debit,8/31/2018 0:00,id_56,90.60496296,Not_Canceled
TID12207,website,0,group_4,0,104.0866549,3,0,1,3,0,0,1,debit,6/12/2019 0:00,id_56,82.31930089,Not_Canceled
TID08032,app,0,group_1,0,31.51008295,0,2,1,2,0,0,5,debit,2/22/2019 0:00,id_64,39.69560568,Not_Canceled
TID16974,website,0,group_4,0,79.35353824,0,1,1,1,0,0,3,debit,4/5/2019 0:00,id_19,71.90936774,Not_Canceled
TID28959,website,0,group_1,0,112.2023031,1,2,1,2,0,0,3,debit,4/21/2019 0:00,id_45,60.96992662,Not_Canceled
TID08245,app,0,group_1,0,14.07241945,1,1,1,2,0,0,0,debit,2/25/2019 0:00,id_49,51.42898852,Not_Canceled
TID09728,website,0,group_4,0,55.7153311,1,2,1,2,0,0,4,debit,3/7/2019 0:00,id_57,60.04956895,Not_Canceled
TID31888,whoosh,0,group_1,,12.24596876,0,0,1,,0,4,3,debit,5/22/2019 0:00,id_68,40.78410636,Not_Canceled
TID32556,app,0,group_4,0,9.565538752,0,1,1,2,0,0,1,debit,4/28/2019 0:00,id_83,62.7279214,Not_Canceled
TID30466,website,0,group_4,0,50.62480339,1,1,1,2,0,0,4,debit,10/12/2018 0:00,id_39,60.49732832,Not_Canceled
TID19882,website,0,group_1,0,179.098615,2,2,1,2,0,0,1,debit,6/9/2019 0:00,id_67,57.27923139,Not_Canceled
TID00683,website,0,group_4,0,82.9995633,3,0,1,3,0,0,2,debit,7/27/2019 0:00,id_0,84.05463798,Not_Canceled
TID30103,website,1,group_1,0,47.7041843,1,2,1,2,0,0,0,debit,11/13/2018 0:00,id_17,66.8501458,Not_Canceled
TID17251,app,0,group_1,0,193.1156972,0,2,2,2,0,0,2,debit,6/15/2019 0:00,id_98,55.88052856,Not_Canceled
TID35989,website,0,group_1,0,127.1002005,2,1,2,2,0,0,1,debit,7/16/2018 0:00,id_97,46.95457587,Not_Canceled
TID35403,app,0,group_1,0,92.22000042,0,0,1,1,0,0,4,debit,9/14/2018 0:00,id_20,40.78410636,Not_Canceled
TID31465,website,0,group_1,0,70.6578352,0,2,1,2,0,0,3,debit,2/8/2019 0:00,id_0,46.66266434,Not_Canceled
TID02873,website,0,group_1,0,67.93127232,1,1,1,2,0,0,1,debit,10/29/2018 0:00,id_95,48.38326494,Not_Canceled
TID31219,whoosh,0,group_1,,21.02683168,1,0,1,,1,0,2,debit,12/13/2018 0:00,id_14,48.80522502,Not_Canceled
TID34949,app,0,group_1,0,56.35388541,0,0,1,2,0,0,1,debit,5/16/2019 0:00,id_46,69.24335324,Not_Canceled
TID17491,app,0,group_1,0,10.86103706,0,2,1,2,0,0,2,debit,9/30/2018 0:00,id_48,53.2523575,Not_Canceled
TID14158,app,,group_1,0,32.09807671,0,0,1,1,0,0,2,debit,10/28/2018 0:00,id_8,45.09170191,Not_Canceled
TID10524,app,0,group_1,0,73.38612738,1,0,1,2,0,0,3,debit,4/10/2019 0:00,id_19,49.20026125,Not_Canceled
TID35676,website,0,group_1,0,5.305195882,0,0,1,1,0,0,2,credit,2/13/2019 0:00,id_16,0.945652257,Not_Canceled
TID11055,website,0,group_1,0,16.52615403,1,0,1,2,0,0,2,debit,11/25/2018 0:00,id_13,52.47221015,Not_Canceled
TID29092,whoosh,0,group_1,,12.0418118,0,0,1,,0,0,3,debit,7/13/2018 0:00,id_30,40.78410636,Not_Canceled
TID32750,app,0,group_1,0,31.50888008,0,0,1,1,0,0,2,debit,10/28/2018 0:00,id_79,45.09170191,Not_Canceled
TID09057,app,0,group_1,0,17.06489498,0,0,1,1,0,0,1,debit,10/7/2018 0:00,id_92,56.61145455,Not_Canceled
TID11734,app,0,group_1,0,6.833678424,0,0,1,2,0,0,2,debit,2/7/2019 0:00,id_6,41.86780981,Not_Canceled
TID28876,website,,group_1,0,81.89747012,1,2,1,3,0,0,2,debit,6/10/2019 0:00,id_1,65.7284109,Not_Canceled
TID20327,whoosh,0,group_1,,63.93918544,0,0,1,,0,0,2,debit,4/24/2019 0:00,id_34,74.18557739,Not_Canceled
TID06353,website,0,group_1,0,2.405787789,1,2,1,2,0,0,2,debit,1/15/2019 0:00,id_16,44.59457106,Not_Canceled
TID11719,app,0,group_1,0,57.0225565,0,1,1,1,0,0,2,debit,5/18/2019 0:00,id_88,46.33323553,Not_Canceled
TID03903,whoosh,0,group_1,,5.722309872,0,0,1,,0,1,1,debit,3/14/2019 0:00,id_98,56.61145455,Not_Canceled
TID02414,app,0,group_1,0,43.98380021,0,0,1,2,0,0,3,debit,1/25/2019 0:00,id_63,46.15773551,Not_Canceled
TID21358,app,0,group_1,0,118.7527835,0,1,1,1,0,0,2,debit,5/14/2019 0:00,id_18,64.24117034,Not_Canceled
TID20102,whoosh,0,group_1,,10.68788254,0,1,1,,0,0,1,debit,6/11/2019 0:00,id_33,77.95354936,Not_Canceled
TID20923,website,,group_4,0,5.04175861,1,0,1,2,0,0,3,debit,10/5/2018 0:00,id_81,77.12434065,Not_Canceled
TID32504,website,0,group_1,0,2.756694931,1,0,1,1,0,0,1,debit,3/29/2019 0:00,id_18,56.61145455,Not_Canceled
TID17608,app,0,group_1,0,41.96649026,0,0,1,2,0,0,3,debit,2/21/2019 0:00,id_96,51.42898852,Not_Canceled
TID07993,website,0,group_6,0,13.05734526,0,1,1,2,0,0,1,debit,8/1/2018 0:00,id_81,85.35218944,Not_Canceled
TID14543,website,0,group_1,0,2.575146455,0,0,2,2,0,0,2,debit,2/28/2019 0:00,id_78,78.58665051,Canceled
TID04084,website,0,group_1,0,6.630275533,1,1,2,2,0,0,3,debit,7/28/2018 0:00,id_22,68.99471545,Canceled
TID02952,website,0,group_1,0,33.45338691,1,1,1,2,0,0,2,debit,9/19/2018 0:00,id_90,60.9546911,Not_Canceled
TID01490,website,0,group_4,0,77.7337746,2,1,1,3,0,0,2,debit,3/19/2019 0:00,id_33,73.54628601,Not_Canceled
TID25700,website,0,group_4,0,79.74970604,1,0,1,3,0,0,3,debit,4/5/2019 0:00,id_12,83.47686792,Not_Canceled
TID28278,website,0,group_1,0,30.14297907,2,2,3,1,0,0,4,debit,6/22/2019 0:00,id_35,82.0294823,Not_Canceled
TID16163,website,0,group_2,0,165.4375959,2,0,1,2,0,0,3,debit,3/29/2019 0:00,id_83,45.41194789,Not_Canceled
TID35070,website,0,group_1,1,1.889972306,1,0,1,1,0,1,1,debit,11/22/2018 0:00,id_68,49.33182243,Not_Canceled
TID00366,website,1,group_1,0,119.8454505,0,0,1,2,0,0,4,debit,5/23/2019 0:00,id_11,73.62009789,Not_Canceled
TID27625,app,0,group_1,0,60.30721826,1,1,1,2,0,0,1,debit,10/3/2018 0:00,id_70,44.68551298,Not_Canceled
TID14223,website,0,group_1,0,20.37620537,3,2,1,2,0,0,2,debit,8/13/2018 0:00,id_29,61.7156903,Not_Canceled
TID33427,website,1,group_1,0,0.534077478,0,0,1,2,0,0,1,debit,12/14/2018 0:00,id_99,62.7279214,Not_Canceled
TID16275,website,0,group_1,0,59.43808205,2,1,1,2,0,0,3,debit,7/16/2019 0:00,id_21,77.07551714,Not_Canceled
TID33363,whoosh,0,group_1,,-0.031571288,0,0,1,,0,0,1,debit,4/11/2019 0:00,id_36,40.78410636,Not_Canceled
TID31029,website,,group_1,0,72.99407563,2,0,1,2,0,0,3,debit,9/29/2018 0:00,id_38,53.64171518,Not_Canceled
TID33958,website,0,group_1,0,13.76547474,1,0,1,1,0,0,1,debit,6/27/2019 0:00,id_40,57.12524506,Not_Canceled
TID22910,website,0,group_1,0,6.481548911,2,2,2,2,0,0,1,debit,3/17/2019 0:00,id_98,76.06369652,Not_Canceled
TID29105,app,0,group_1,0,265.8663604,0,0,1,1,0,0,2,credit,6/1/2019 0:00,id_53,52.47221015,Not_Canceled
TID05013,telephone,,group_2,,-72,0,0,1,,0,0,5,debit,11/29/2018 0:00,id_42,1.477321775,Not_Canceled
TID23164,website,0,group_1,0,34.57592103,1,2,1,2,0,0,2,debit,2/11/2019 0:00,id_51,40.81668643,Not_Canceled
TID18909,website,0,group_1,0,46.72301763,1,2,1,2,0,0,3,debit,6/8/2019 0:00,id_88,68.19806032,Not_Canceled
TID25403,whoosh,0,group_1,,7.665230345,1,1,1,,0,2,0,debit,7/2/2019 0:00,id_55,50.90605539,Not_Canceled
TID09563,whoosh,1,group_1,,0.788149486,1,0,1,,0,0,2,debit,2/7/2019 0:00,id_61,35.28999954,Not_Canceled
TID05134,website,,group_1,0,91.85083086,2,1,1,1,0,0,0,debit,7/30/2019 0:00,id_0,65.49765872,Not_Canceled
TID02944,app,0,group_1,0,3.261630869,0,1,1,1,0,0,1,debit,3/26/2019 0:00,id_59,43.48472045,Not_Canceled
TID17467,telephone,0,group_1,,10.98040136,0,0,1,,0,0,3,debit,7/13/2018 0:00,id_3,0,Not_Canceled
TID22435,app,0,group_1,0,43.56307326,0,0,1,2,0,0,3,debit,1/25/2019 0:00,id_67,46.15773551,Not_Canceled
TID09030,website,0,group_1,0,97.06128703,1,0,1,2,0,0,4,debit,2/28/2019 0:00,id_59,41.01207646,Not_Canceled
TID29282,website,0,group_1,0,7.798939606,0,0,1,1,0,0,3,debit,9/27/2018 0:00,id_84,55.2719225,Not_Canceled
TID10811,app,0,group_1,0,1.970783314,0,0,1,2,0,0,2,credit,7/22/2018 0:00,id_97,59.93754192,Not_Canceled
TID30014,website,0,group_1,0,32.55219115,0,0,1,2,0,0,3,debit,1/12/2019 0:00,id_29,43.2159379,Not_Canceled
TID08522,website,0,group_1,0,42.06371376,1,0,1,3,0,0,3,debit,2/15/2019 0:00,id_5,50.7018689,Not_Canceled
TID04446,app,0,group_4,0,40.61744864,0,0,1,2,0,0,3,debit,10/5/2018 0:00,id_59,46.15773551,Not_Canceled
TID11753,website,0,group_1,0,20.48900333,2,0,1,2,0,0,3,debit,2/8/2019 0:00,id_26,56.26677878,Not_Canceled
TID19071,app,0,group_1,0,6.280810508,1,0,1,2,0,0,3,debit,2/2/2019 0:00,id_27,39.14950302,Not_Canceled
TID23418,website,0,group_4,0,52.91340684,1,1,1,2,0,0,2,debit,4/2/2019 0:00,id_63,68.79569697,Canceled
TID20535,app,0,group_1,0,1.852975171,1,1,2,2,0,0,2,debit,4/6/2019 0:00,id_25,56.61145455,Not_Canceled
TID00671,app,0,group_4,0,32.8743866,0,1,1,2,0,0,4,debit,10/5/2018 0:00,id_9,47.43159951,Not_Canceled
TID00495,app,0,group_1,0,63.4726033,0,0,1,2,0,0,2,credit,8/12/2018 0:00,id_71,67.24999912,Not_Canceled
TID33739,website,0,group_1,0,5.701541444,1,1,1,2,0,0,0,debit,5/13/2019 0:00,id_82,69.74018045,Not_Canceled
TID24985,website,,group_1,0,20.10368038,0,0,1,2,0,0,1,debit,2/13/2019 0:00,id_3,55.58152236,Not_Canceled
TID14354,website,0,group_4,0,58.78355929,2,1,1,3,0,0,0,debit,3/5/2019 0:00,id_66,70.88064115,Not_Canceled
TID00158,app,0,group_1,0,298.0539281,0,0,1,1,0,0,2,debit,4/17/2019 0:00,id_63,46.68921428,Not_Canceled
TID29486,whoosh,0,group_1,,22.51670242,0,0,1,,0,0,1,debit,11/25/2018 0:00,id_31,40.78410636,Not_Canceled
TID29382,app,0,group_1,0,132.1573549,0,1,1,2,0,0,5,debit,6/26/2019 0:00,id_15,44.69086155,Not_Canceled
TID35024,website,0,group_4,0,36.7172511,2,2,1,2,0,0,2,credit,6/3/2019 0:00,id_30,87.07711848,Not_Canceled
TID13318,website,0,group_1,0,38.7099726,1,1,1,2,0,0,3,debit,2/8/2019 0:00,id_85,50.85371292,Not_Canceled
TID32905,website,0,group_1,0,28.51913397,2,0,1,3,0,0,3,debit,3/6/2019 0:00,id_44,89.38241858,Not_Canceled
TID33500,website,0,group_1,0,13.82629385,1,1,1,2,0,0,3,debit,8/15/2018 0:00,id_42,64.11529604,Not_Canceled
TID33338,website,0,group_4,0,1.962441543,0,0,1,3,0,0,3,debit,3/14/2019 0:00,id_64,84.06907366,Not_Canceled
TID08859,website,,group_4,0,21.68708576,2,0,1,3,0,0,1,debit,4/28/2019 0:00,id_80,96.74754825,Not_Canceled
TID00406,website,0,group_1,0,214.4130477,1,2,1,2,0,0,5,debit,7/22/2019 0:00,id_18,55.14800148,Not_Canceled
TID06454,whoosh,,group_5,,7.235199482,0,0,1,,0,0,2,debit,1/13/2019 0:00,id_8,51.95103622,Not_Canceled
TID07336,app,0,group_1,0,192.4143573,0,0,1,1,0,0,2,debit,6/1/2019 0:00,id_57,56.61145455,Not_Canceled
TID28168,app,0,group_1,0,137.9769801,1,2,1,3,0,0,1,credit,7/30/2018 0:00,id_93,78.34325189,Not_Canceled
TID25883,website,,group_1,0,69.73608342,2,2,1,2,0,0,5,debit,4/18/2019 0:00,id_34,69.16877765,Not_Canceled
TID12237,website,0,group_1,0,59.04097239,2,0,1,2,0,0,3,debit,10/6/2018 0:00,id_75,44.69086155,Not_Canceled
TID15056,website,0,group_1,0,188.4105975,1,2,1,2,0,0,3,debit,7/7/2019 0:00,id_79,54.52252146,Not_Canceled
TID11281,website,0,group_1,0,19.21626998,2,1,1,2,0,0,3,debit,8/22/2018 0:00,id_93,61.7156903,Not_Canceled
TID07539,app,0,group_1,0,24.76191731,0,2,1,2,0,0,3,debit,10/30/2018 0:00,id_60,40.78410636,Not_Canceled
TID31523,website,0,group_1,0,68.39269235,1,0,1,1,0,0,2,debit,3/8/2019 0:00,id_26,46.95457587,Not_Canceled
TID22507,website,0,group_1,0,111.4605366,1,2,1,2,0,0,2,debit,11/11/2018 0:00,id_38,34.0907807,Not_Canceled
TID21547,website,0,group_4,0,76.13942042,1,0,1,2,0,0,2,debit,6/5/2019 0:00,id_93,74.8730121,Not_Canceled
TID23442,app,0,group_1,0,73.13161673,1,0,1,2,0,0,3,debit,3/1/2019 0:00,id_99,36.05618581,Not_Canceled
TID27762,website,0,group_4,0,38.79486486,1,2,1,2,0,0,3,credit,2/17/2019 0:00,id_26,77.16339573,Not_Canceled
TID05193,website,0,group_2,0,39.08476922,0,2,1,2,0,0,2,debit,12/9/2018 0:00,id_62,54.61564366,Not_Canceled
TID23997,website,0,group_1,0,108.958034,1,2,1,2,0,0,3,debit,7/17/2018 0:00,id_30,46.95457587,Not_Canceled
TID21736,whoosh,0,group_1,,0.385026154,0,0,1,,3,30,1,debit,4/11/2019 0:00,id_71,40.78410636,Not_Canceled
TID32425,app,0,group_1,0,319.396873,0,0,1,1,0,0,2,credit,7/26/2019 0:00,id_56,54.0306016,Not_Canceled
TID23990,app,0,group_1,0,182.6869234,1,0,1,2,0,0,3,debit,7/17/2019 0:00,id_47,65.24668649,Canceled
TID20245,website,1,group_2,0,18.21702204,0,2,1,2,0,0,2,debit,11/11/2018 0:00,id_88,60.63968078,Not_Canceled
TID00521,app,0,group_1,0,71.19628136,0,0,1,1,0,0,3,debit,5/22/2019 0:00,id_54,69.24335324,Not_Canceled
TID09072,whoosh,0,group_1,,0.12495954,1,0,1,,2,21,1,debit,2/1/2019 0:00,id_42,40.78410636,Not_Canceled
TID25158,website,0,group_4,0,4.833135592,1,2,1,1,0,0,1,debit,1/1/2019 0:00,id_4,39.91369769,Not_Canceled
TID06893,app,0,group_1,0,43.94900205,0,0,1,2,0,0,3,debit,1/25/2019 0:00,id_29,46.15773551,Not_Canceled
TID03498,app,0,group_1,0,1.367660636,0,0,1,1,0,0,2,debit,5/11/2019 0:00,id_67,54.0306016,Not_Canceled
TID01394,whoosh,0,group_1,,55.08706626,0,0,1,,0,0,1,debit,6/14/2019 0:00,id_92,48.27767928,Not_Canceled
TID13276,app,0,group_1,0,17.76730817,0,2,1,2,0,0,2,debit,1/29/2019 0:00,id_17,52.47221015,Not_Canceled
TID12624,website,0,group_1,0,120.3250635,1,1,1,2,0,0,3,debit,4/9/2019 0:00,id_2,58.89195723,Not_Canceled
TID05539,website,1,group_2,0,2.322526541,1,0,1,2,0,0,3,debit,10/13/2018 0:00,id_20,61.96900704,Not_Canceled
TID18202,website,0,group_1,0,9.406507567,0,1,1,2,0,0,1,debit,8/15/2018 0:00,id_18,54.85867124,Not_Canceled
TID04540,app,0,group_1,0,14.57542146,0,2,1,2,0,0,7,debit,10/14/2018 0:00,id_64,31.23453376,Not_Canceled
TID02133,whoosh,,group_4,,2.114028779,1,0,1,,0,2,1,debit,5/23/2019 0:00,id_46,68.74592727,Not_Canceled
TID10357,website,0,group_1,0,107.933511,0,0,2,1,0,0,3,debit,4/11/2019 0:00,id_53,55.2719225,Not_Canceled
TID09555,whoosh,0,group_1,,-0.05715792,0,1,1,,0,0,1,debit,7/25/2018 0:00,id_57,44.55711543,Not_Canceled
TID04300,website,0,group_1,0,110.1484209,1,2,1,1,0,0,5,debit,7/16/2019 0:00,id_78,63.68701299,Canceled
TID09957,website,0,group_1,0,51.01191175,1,0,1,3,0,0,4,debit,2/21/2019 0:00,id_30,55.48867272,Not_Canceled
TID23121,website,0,group_1,0,13.71551906,1,0,1,1,0,0,2,debit,6/26/2019 0:00,id_66,55.66918989,Not_Canceled
TID22941,whoosh,0,group_1,,2.671516755,0,2,1,,0,2,1,debit,4/22/2019 0:00,id_89,40.78410636,Not_Canceled
TID00662,website,1,group_1,0,94.83425958,1,1,1,2,0,0,2,debit,3/26/2019 0:00,id_69,57.27923139,Not_Canceled
TID05536,website,0,group_1,0,3.484622079,0,0,1,1,0,0,2,debit,1/31/2019 0:00,id_49,0.945652257,Not_Canceled
TID01929,website,0,group_1,0,100.8105965,0,0,1,2,0,0,2,debit,2/23/2019 0:00,id_59,47.90782574,Not_Canceled
TID03149,app,0,group_1,0,33.94591982,0,0,1,2,0,0,2,debit,9/20/2018 0:00,id_27,50.27735002,Not_Canceled
TID29388,website,0,group_1,0,159.1688721,1,1,1,2,0,0,3,debit,7/9/2019 0:00,id_92,58.89195723,Not_Canceled
TID02186,app,0,group_1,0,78.85957449,0,0,1,2,0,0,2,debit,10/21/2018 0:00,id_47,46.15773551,Not_Canceled
TID30221,app,0,group_1,0,118.206534,0,1,1,1,0,0,2,debit,5/14/2019 0:00,id_15,64.24117034,Not_Canceled
TID35257,whoosh,0,group_1,,2.955496923,1,2,1,,2,27,0,debit,2/25/2019 0:00,id_65,40.78410636,Not_Canceled
TID24202,website,0,group_1,0,9.948904021,1,0,1,2,0,0,4,debit,2/1/2019 0:00,id_24,55.58152236,Not_Canceled
TID13692,website,0,group_4,0,100.7894771,1,3,2,2,0,0,5,debit,7/16/2019 0:00,id_71,83.38050759,Not_Canceled
TID12377,app,0,group_1,0,70.18328274,0,0,1,1,0,0,3,debit,5/22/2019 0:00,id_60,69.24335324,Not_Canceled
TID31017,website,0,group_1,0,0.157579519,2,0,1,2,0,0,3,debit,8/17/2018 0:00,id_34,84.87200447,Not_Canceled
TID23099,website,,group_1,0,0.29847546,1,1,1,2,0,0,0,debit,7/9/2019 0:00,id_56,69.74018045,Not_Canceled
TID24621,app,0,group_1,0,247.3903008,0,1,1,1,0,0,1,credit,5/14/2019 0:00,id_85,54.0306016,Not_Canceled
TID34075,website,0,group_1,0,4.13308851,3,1,1,2,0,0,3,debit,7/25/2018 0:00,id_45,70.23641452,Not_Canceled
TID26617,website,1,group_1,0,6.392901913,0,0,1,2,0,0,2,debit,10/14/2018 0:00,id_32,67.24999912,Not_Canceled
TID30198,app,0,group_1,0,117.6222395,0,1,1,1,0,0,2,debit,5/14/2019 0:00,id_86,64.24117034,Not_Canceled
TID27402,website,0,group_1,0,12.69303939,0,1,1,1,0,0,1,debit,1/14/2019 0:00,id_17,51.95103622,Not_Canceled
TID16565,app,0,group_1,0,65.98284338,0,1,1,2,0,0,1,debit,5/28/2019 0:00,id_93,53.90102488,Not_Canceled
TID25266,app,0,group_1,0,209.9707411,0,1,1,2,0,0,3,debit,9/15/2018 0:00,id_27,44.95815453,Not_Canceled
TID02803,website,0,group_1,0,2.381402625,2,0,1,2,0,0,3,debit,5/16/2019 0:00,id_33,45.12908338,Not_Canceled
TID23203,website,0,group_1,0,134.1538767,0,2,1,2,0,0,1,debit,7/29/2019 0:00,id_13,66.49994499,Not_Canceled
TID26988,app,0,group_1,0,121.8632063,0,2,1,1,0,0,1,credit,3/4/2019 0:00,id_34,51.95103622,Not_Canceled
TID07772,app,0,group_1,0,46.88020747,0,0,1,2,0,0,3,debit,3/6/2019 0:00,id_59,46.15773551,Not_Canceled
TID00868,app,0,group_1,0,56.51808153,0,0,1,2,0,0,2,credit,8/25/2018 0:00,id_97,49.85748475,Not_Canceled
TID22383,website,0,group_1,0,50.65654216,1,0,1,2,0,0,2,debit,6/8/2019 0:00,id_6,68.19806032,Not_Canceled
TID33522,website,0,group_1,0,42.67780537,0,0,1,2,0,0,1,debit,9/30/2018 0:00,id_47,0,Not_Canceled
TID08913,website,0,group_1,0,58.92224601,1,2,1,2,0,0,4,debit,11/5/2018 0:00,id_11,62.32335961,Not_Canceled
TID04361,app,0,group_1,0,56.19419206,0,0,1,2,0,0,1,credit,3/14/2019 0:00,id_25,61.20853328,Not_Canceled
TID05733,website,0,group_1,0,0.293726482,1,0,1,2,0,0,1,debit,6/27/2019 0:00,id_0,64.74425551,Not_Canceled
TID02122,whoosh,0,group_1,,4.428141337,1,2,1,,0,1,1,debit,7/15/2019 0:00,id_53,40.78410636,Not_Canceled
TID00258,website,0,group_1,0,8.438430539,2,0,1,2,0,0,3,debit,7/21/2018 0:00,id_74,54.0306016,Not_Canceled
TID13363,app,0,group_1,0,25.71400391,0,0,1,2,0,0,1,debit,5/16/2019 0:00,id_5,69.24335324,Not_Canceled
TID34436,app,0,group_1,0,44.21628298,0,0,1,2,0,0,3,debit,1/25/2019 0:00,id_17,46.15773551,Not_Canceled
TID02925,whoosh,,group_1,,11.2723571,0,0,1,,0,0,3,debit,7/13/2018 0:00,id_78,40.78410636,Not_Canceled
TID18584,app,0,group_1,0,6.592823276,1,0,2,1,0,0,3,credit,1/19/2019 0:00,id_33,48.01354656,Not_Canceled
TID25988,website,0,group_1,0,6.124988027,0,0,1,1,0,0,1,debit,1/24/2019 0:00,id_72,51.42898852,Not_Canceled
TID24038,website,0,group_1,0,95.1468649,1,2,1,3,0,0,1,debit,3/18/2019 0:00,id_53,70.13721489,Not_Canceled
TID16146,app,0,group_1,0,28.90071753,0,2,1,2,0,0,2,debit,9/11/2018 0:00,id_59,30.52951918,Not_Canceled
TID01597,app,0,group_1,0,47.01949282,0,1,1,2,0,0,3,debit,7/30/2019 0:00,id_94,51.42898852,Not_Canceled
TID06253,website,0,group_4,0,108.6482512,1,1,1,2,0,0,2,debit,7/13/2019 0:00,id_45,80.8684765,Not_Canceled
TID31626,app,0,group_1,0,64.85033433,0,2,1,2,0,0,8,debit,7/31/2019 0:00,id_32,62.18672083,Not_Canceled
TID01981,website,0,group_1,0,7.650287179,1,1,1,1,0,0,2,debit,5/21/2019 0:00,id_63,63.39954111,Not_Canceled
TID06724,app,0,group_1,0,35.93258877,1,0,1,2,0,0,1,debit,8/26/2018 0:00,id_87,51.42898852,Not_Canceled
TID17493,website,0,group_4,0,96.58685313,0,0,1,2,0,0,3,debit,4/26/2019 0:00,id_9,79.26749451,Not_Canceled
TID27433,app,0,group_4,0,39.29993358,0,2,1,2,0,0,2,debit,1/29/2019 0:00,id_9,46.58299941,Not_Canceled
TID14394,app,0,group_1,0,72.54639593,0,0,1,1,0,0,3,debit,5/22/2019 0:00,id_97,69.24335324,Not_Canceled
TID29518,app,0,group_1,0,-0.047880369,0,0,1,2,0,0,2,credit,7/22/2018 0:00,id_15,63.73742421,Not_Canceled
TID08186,website,0,group_1,0,0.571460906,1,0,1,1,0,0,1,debit,6/12/2019 0:00,id_29,61.5737569,Not_Canceled
TID31910,app,0,group_1,0,74.62257957,0,0,1,2,0,0,2,credit,8/26/2018 0:00,id_79,63.73742421,Not_Canceled
TID33996,website,1,group_4,0,74.01769874,2,2,1,2,0,0,3,debit,3/25/2019 0:00,id_77,69.83947453,Not_Canceled
TID19808,website,0,group_4,0,29.4140089,2,1,1,3,0,0,2,debit,4/27/2019 0:00,id_74,88.31932645,Not_Canceled
TID15771,website,0,group_4,0,19.54065629,1,0,1,3,0,0,3,debit,5/10/2019 0:00,id_43,93.60441115,Not_Canceled
TID19810,app,0,group_1,1,19.86411452,0,0,1,2,1,0,3,debit,9/13/2018 0:00,id_90,54.0306016,Not_Canceled
TID27158,website,0,group_4,0,1.902581568,0,0,1,2,0,0,2,debit,12/23/2018 0:00,id_4,52.62839365,Not_Canceled
TID15988,app,0,group_1,0,56.73811672,1,1,1,2,0,0,2,debit,5/18/2019 0:00,id_9,54.37761187,Not_Canceled
TID02582,telephone,,group_1,,-0.04452106,0,0,1,,0,2,1,debit,8/30/2018 0:00,id_90,0,Not_Canceled
TID05852,website,0,group_4,0,10.2248769,2,0,1,3,0,0,5,debit,5/22/2019 0:00,id_6,92.97555515,Not_Canceled
TID31817,website,0,group_1,0,4.639063635,2,1,1,1,0,0,1,debit,12/10/2018 0:00,id_58,57.63826422,Not_Canceled
TID33052,app,0,group_1,0,7.318304474,0,0,1,2,0,0,4,debit,7/3/2019 0:00,id_17,51.42898852,Not_Canceled
TID02288,website,0,group_1,0,109.0176185,2,1,2,2,0,0,5,debit,6/12/2019 0:00,id_17,70.85588142,Canceled
TID00886,website,0,group_1,0,1.325016798,0,0,1,2,0,0,1,debit,7/27/2018 0:00,id_55,62.22215052,Not_Canceled
TID16667,app,0,group_1,0,191.9822962,0,0,1,1,0,0,2,debit,6/1/2019 0:00,id_51,56.61145455,Not_Canceled
TID35042,app,0,group_1,0,58.45120158,0,0,1,1,0,0,3,debit,1/4/2019 0:00,id_48,49.33182243,Not_Canceled
TID01328,app,0,group_1,0,265.4197793,0,0,1,2,0,0,2,credit,6/1/2019 0:00,id_54,63.73742421,Canceled
TID35424,website,0,group_1,0,0.860347486,1,0,1,2,0,0,1,debit,2/14/2019 0:00,id_67,59.68280455,Not_Canceled
TID21314,website,0,group_1,0,147.0200357,0,2,1,1,0,0,2,debit,6/22/2019 0:00,id_32,53.64171518,Not_Canceled
TID35818,app,0,group_1,0,1.950282523,0,2,1,2,0,0,1,debit,1/29/2019 0:00,id_87,49.85748475,Not_Canceled
TID02233,website,0,group_1,0,85.0093959,0,1,1,2,0,0,0,debit,6/25/2019 0:00,id_80,61.86770119,Not_Canceled
TID30506,app,0,group_2,0,11.31402912,2,0,2,2,0,0,4,debit,8/16/2018 0:00,id_3,48.24599609,Not_Canceled
TID29999,website,0,group_4,0,51.33917812,0,0,1,3,0,0,3,debit,3/7/2019 0:00,id_75,70.88064115,Not_Canceled
TID21852,whoosh,1,group_1,,8.89041987,0,0,1,,0,0,2,debit,3/8/2019 0:00,id_74,41.86780981,Not_Canceled
TID00063,website,0,group_1,0,63.01437812,1,1,1,2,0,0,2,debit,4/2/2019 0:00,id_1,62.01964957,Not_Canceled
TID27272,app,0,group_1,0,131.1070703,0,2,1,2,0,0,3,debit,2/25/2019 0:00,id_30,37.77866149,Not_Canceled
TID23021,app,0,group_4,0,79.31446053,1,1,1,2,0,0,1,debit,4/2/2019 0:00,id_21,54.52252146,Not_Canceled
TID07693,website,0,group_1,0,10.76838207,1,2,1,1,0,0,3,debit,9/11/2018 0:00,id_90,71.9192473,Not_Canceled
TID20204,app,0,group_1,0,55.93135142,0,0,1,1,0,0,2,credit,8/25/2018 0:00,id_58,36.95220629,Not_Canceled
TID23451,whoosh,0,group_1,,3.401618438,0,2,1,,1,2,0,debit,9/4/2018 0:00,id_91,40.78410636,Not_Canceled
TID13111,website,0,group_1,0,-0.055769624,0,0,1,2,0,0,1,debit,2/21/2019 0:00,id_77,63.73742421,Not_Canceled
TID19096,telephone,0,,,-13,1,0,1,,4,17,1,debit,5/15/2019 0:00,id_20,0,Not_Canceled
TID32470,app,0,group_1,0,36.00780801,0,0,1,2,0,0,3,credit,9/20/2018 0:00,id_1,65.24668649,Not_Canceled
TID31046,website,0,group_4,0,70.23200716,0,2,1,2,0,0,2,debit,3/16/2019 0:00,id_2,63.20777189,Not_Canceled
TID29229,website,,group_6,0,7.225829996,2,0,2,2,0,0,3,debit,3/29/2019 0:00,id_15,116.6280875,Not_Canceled
TID14152,website,0,group_4,0,49.48477671,1,0,1,3,0,0,3,credit,3/7/2019 0:00,id_4,95.61859507,Not_Canceled
TID30857,website,,group_1,0,97.5996853,2,1,2,2,0,0,1,debit,6/23/2019 0:00,id_22,69.98837128,Not_Canceled
TID04482,app,0,group_5,0,37.22485605,1,0,1,2,0,0,2,credit,5/25/2019 0:00,id_58,76.19580081,Not_Canceled
TID08880,website,0,group_4,0,9.7557568,1,0,1,2,0,0,3,debit,6/14/2019 0:00,id_13,89.33479205,Not_Canceled
TID24218,app,0,group_1,0,9.648233774,0,1,2,2,0,0,1,debit,4/28/2019 0:00,id_63,63.98938033,Not_Canceled
TID23184,website,0,group_1,0,34.72081476,1,0,1,2,0,0,2,debit,5/29/2019 0:00,id_98,65.94900339,Not_Canceled
TID15437,website,0,group_6,0,3.800823556,2,2,3,2,0,0,1,debit,3/4/2019 0:00,id_62,104.835755,Not_Canceled
TID27983,app,0,group_1,0,46.41836847,0,1,1,2,0,0,3,debit,3/5/2019 0:00,id_56,49.20026125,Not_Canceled
TID04932,website,0,group_1,0,64.39014788,1,0,1,1,0,0,2,debit,9/2/2018 0:00,id_28,102.8250396,Not_Canceled
TID02184,website,0,group_1,0,1.320535796,1,0,1,1,0,0,3,debit,4/17/2019 0:00,id_3,58.43705513,Not_Canceled
TID22671,app,0,group_1,0,21.85984262,0,2,1,2,0,0,2,debit,10/14/2018 0:00,id_16,28.78956441,Not_Canceled
TID07756,app,0,group_1,0,60.63154724,0,2,1,2,0,0,2,debit,2/25/2019 0:00,id_62,46.15773551,Canceled
TID13170,app,0,group_1,0,176.2703227,0,0,1,2,0,0,2,debit,5/11/2019 0:00,id_99,59.17278266,Canceled
TID15757,website,0,group_4,0,36.40203747,2,0,1,2,0,0,2,debit,9/29/2018 0:00,id_40,61.86770119,Not_Canceled
TID10702,website,0,group_1,0,2.406217701,0,0,1,1,0,0,1,debit,1/6/2019 0:00,id_33,48.80522502,Not_Canceled
TID06461,website,0,group_4,0,32.97445313,1,2,1,3,0,0,2,debit,3/2/2019 0:00,id_4,86.21538005,Not_Canceled
TID16353,website,0,group_4,0,28.0276819,2,0,1,3,0,0,1,debit,5/29/2019 0:00,id_78,82.46414582,Not_Canceled
TID02116,website,0,group_1,0,4.818639133,1,0,1,1,0,0,1,debit,2/1/2019 0:00,id_86,44.47148288,Not_Canceled
TID04861,website,0,group_1,0,105.685665,1,1,1,2,0,0,2,debit,7/18/2018 0:00,id_11,46.95457587,Not_Canceled
TID22666,website,0,group_4,0,5.7258839,1,0,1,1,0,0,1,debit,8/31/2018 0:00,id_13,0,Not_Canceled
TID15067,website,0,group_4,0,6.165501642,1,1,1,2,0,0,2,debit,3/16/2019 0:00,id_28,59.74905374,Not_Canceled
TID11901,website,0,group_1,0,26.27996677,1,0,2,2,0,0,3,debit,9/13/2018 0:00,id_64,72.1316029,Not_Canceled
TID16165,website,0,group_1,0,3.633665582,2,1,1,1,0,0,1,debit,12/10/2018 0:00,id_76,57.63826422,Not_Canceled
TID27437,app,0,group_1,0,129.196962,0,2,1,2,0,0,2,debit,4/20/2019 0:00,id_21,49.20026125,Not_Canceled
TID26403,app,0,group_1,0,26.26298776,1,2,1,3,0,0,2,debit,12/3/2018 0:00,id_89,38.46509335,Not_Canceled
TID14070,app,0,group_1,0,61.93812857,1,1,2,2,0,0,2,debit,5/28/2019 0:00,id_31,53.40815742,Not_Canceled
TID27449,website,0,group_1,0,122.7319704,1,1,1,2,0,0,5,debit,5/15/2019 0:00,id_12,69.16877765,Not_Canceled
TID27617,website,0,group_1,0,1.124020228,0,1,1,2,0,0,0,debit,3/26/2019 0:00,id_92,64.74425551,Not_Canceled
TID07381,app,0,group_1,0,6.353635397,1,1,1,2,0,0,1,credit,4/28/2019 0:00,id_30,65.24668649,Not_Canceled
TID06019,app,0,group_1,0,192.3392856,0,0,1,1,0,0,2,debit,6/1/2019 0:00,id_69,56.61145455,Not_Canceled
TID31359,whoosh,0,group_1,,3.282136772,0,1,1,,0,0,1,debit,4/23/2019 0:00,id_29,40.78410636,Not_Canceled
TID14581,app,0,group_1,0,11.47303851,0,0,1,2,0,0,2,debit,11/23/2018 0:00,id_2,36.95220629,Not_Canceled
TID12055,website,0,group_1,0,134.9179297,3,2,1,2,0,0,3,debit,7/9/2018 0:00,id_47,46.95457587,Not_Canceled
TID23776,website,0,group_1,0,7.08830231,2,1,1,2,0,0,1,debit,3/31/2019 0:00,id_51,74.67671076,Not_Canceled
TID13823,website,0,group_4,0,35.12357679,1,0,1,2,0,0,1,debit,12/3/2018 0:00,id_71,57.63826422,Not_Canceled
TID01726,app,0,group_1,0,267.6301397,0,2,1,2,0,0,3,debit,3/16/2019 0:00,id_60,47.74917162,Not_Canceled
TID26089,website,0,group_1,0,28.04398233,2,2,1,1,0,0,1,debit,1/14/2019 0:00,id_15,49.38443053,Not_Canceled
TID20211,app,0,group_1,0,82.87519617,0,0,1,2,0,0,1,credit,9/7/2018 0:00,id_92,65.34709476,Not_Canceled
TID23336,website,0,group_1,0,86.16087718,1,2,1,2,0,0,1,debit,5/27/2019 0:00,id_68,72.65956824,Not_Canceled
TID32863,website,0,group_1,0,24.41176342,2,2,1,2,0,0,2,debit,9/11/2018 0:00,id_85,50.90605539,Not_Canceled
TID25863,website,0,group_2,0,26.63447064,0,2,1,2,0,0,3,debit,10/9/2018 0:00,id_72,51.42898852,Not_Canceled
TID20865,website,,group_1,0,82.31605886,1,1,1,2,0,0,3,debit,6/7/2019 0:00,id_83,52.99772047,Not_Canceled
TID22962,app,0,group_1,0,221.2394253,0,2,1,2,0,0,1,debit,9/17/2018 0:00,id_14,40.78410636,Not_Canceled
TID17904,website,0,group_1,0,47.22806829,1,0,1,1,0,0,3,debit,5/29/2019 0:00,id_24,60.03938612,Not_Canceled
TID19099,app,0,group_1,0,50.36819189,0,0,1,2,0,0,3,debit,12/8/2018 0:00,id_87,44.19834584,Not_Canceled
TID21127,website,0,group_1,0,133.4873363,0,0,1,2,0,0,2,debit,4/6/2019 0:00,id_81,57.27923139,Not_Canceled
TID20693,app,0,group_1,0,40.24842779,0,1,1,1,0,0,1,debit,9/12/2018 0:00,id_26,40.78410636,Not_Canceled
TID34388,whoosh,0,group_1,,-1.19542786,0,0,1,,0,4,1,debit,12/28/2018 0:00,id_67,40.78410636,Not_Canceled
TID21692,website,0,group_4,0,59.1034513,2,1,1,3,0,0,2,debit,5/18/2019 0:00,id_52,87.99950189,Not_Canceled
TID02590,whoosh,0,group_1,,3.098311941,0,1,1,,0,0,0,debit,2/26/2019 0:00,id_38,48.27767928,Not_Canceled
TID26279,website,0,group_1,0,148.0043069,1,0,1,2,0,0,3,debit,7/17/2019 0:00,id_9,66.39983088,Not_Canceled
TID14586,app,0,group_1,0,114.9826037,0,2,1,2,0,0,2,debit,2/4/2019 0:00,id_15,52.47221015,Not_Canceled
TID31043,website,0,group_4,0,129.187438,2,0,1,3,0,0,3,debit,7/19/2019 0:00,id_98,82.31930089,Not_Canceled
TID16366,website,0,group_1,0,16.04890053,0,0,1,2,0,0,3,debit,1/26/2019 0:00,id_63,55.58152236,Not_Canceled
TID19809,website,0,group_1,0,70.26457542,2,0,1,2,0,0,2,debit,3/30/2019 0:00,id_13,61.86770119,Not_Canceled
TID20367,website,0,group_4,0,64.50889925,0,0,1,1,0,0,2,debit,6/19/2019 0:00,id_51,78.82992248,Not_Canceled
TID17629,website,0,group_4,0,58.8964338,1,2,1,2,0,0,5,debit,5/5/2019 0:00,id_7,57.63313782,Not_Canceled
TID10895,app,0,group_1,0,55.81561823,0,0,1,2,0,0,1,debit,5/16/2019 0:00,id_86,69.24335324,Not_Canceled
TID19591,website,0,group_1,0,12.37417805,2,2,2,2,0,0,0,debit,1/15/2019 0:00,id_6,64.74425551,Not_Canceled
TID19871,website,0,group_4,0,2.161337698,0,0,1,1,0,0,1,debit,4/12/2019 0:00,id_7,86.79003251,Not_Canceled
TID24727,website,0,group_1,0,51.64452799,1,0,1,2,0,0,2,debit,2/3/2019 0:00,id_6,47.90782574,Canceled
TID11208,app,0,group_1,0,162.9299395,1,4,1,2,0,0,6,credit,7/29/2019 0:00,id_71,44.69086155,Not_Canceled
TID12889,app,0,group_1,0,151.8262747,0,2,1,2,0,0,4,debit,5/26/2019 0:00,id_43,49.20026125,Not_Canceled
TID35363,website,0,group_1,0,57.80109629,3,0,1,1,0,0,2,debit,10/5/2018 0:00,id_5,51.69012231,Not_Canceled
TID35334,app,,group_1,0,32.46189828,0,0,1,1,0,0,2,debit,10/28/2018 0:00,id_41,45.09170191,Not_Canceled
TID01302,website,0,group_1,0,0.770423467,0,0,1,1,0,0,1,debit,1/6/2019 0:00,id_63,54.0306016,Not_Canceled
TID13317,whoosh,,group_1,,1.984388267,0,0,1,,0,3,1,debit,12/14/2018 0:00,id_47,46.15773551,Not_Canceled
TID11276,website,0,group_1,0,230.2174921,2,1,1,2,0,0,3,debit,4/19/2019 0:00,id_95,50.79089009,Not_Canceled
TID02091,website,0,group_1,0,59.41545471,0,2,1,1,0,0,3,debit,8/12/2018 0:00,id_51,49.20026125,Not_Canceled
TID08824,app,,group_4,0,23.77608325,1,2,1,3,0,0,2,debit,9/25/2018 0:00,id_49,61.7156903,Not_Canceled
TID14272,website,0,group_6,0,13.58511774,1,0,3,2,0,0,5,debit,8/23/2018 0:00,id_70,100.5882862,Not_Canceled
TID00301,app,0,group_4,1,2.046750346,0,0,1,1,0,1,1,debit,4/26/2019 0:00,id_20,64.24117034,Not_Canceled
TID15431,website,0,group_1,0,210.5393939,0,0,1,2,0,0,2,debit,4/27/2019 0:00,id_67,59.17278266,Canceled
TID23948,website,0,group_1,0,35.52442876,1,1,1,2,0,0,1,debit,9/3/2018 0:00,id_18,107.4589423,Not_Canceled
TID10497,app,0,group_1,0,76.04196711,1,2,1,2,0,0,5,debit,8/24/2018 0:00,id_46,44.23585182,Not_Canceled
TID20427,website,0,group_1,0,36.5274394,2,0,1,2,0,0,4,debit,11/2/2018 0:00,id_66,56.60631271,Not_Canceled
TID02868,website,1,group_1,0,40.9946233,1,0,1,1,0,0,1,debit,3/27/2019 0:00,id_17,59.1217401,Not_Canceled
TID26288,website,0,group_1,0,-0.115727889,0,0,1,1,0,0,2,debit,12/27/2018 0:00,id_96,48.27767928,Not_Canceled
TID19108,app,0,group_1,0,30.12467347,0,0,1,2,0,0,2,debit,5/10/2019 0:00,id_27,79.07306831,Not_Canceled
TID33134,website,0,group_1,0,20.38061271,1,2,1,2,0,0,1,debit,5/20/2019 0:00,id_96,56.27707271,Not_Canceled
TID05570,app,,group_1,0,149.9202441,0,1,1,3,0,0,2,debit,6/15/2019 0:00,id_21,57.58699676,Not_Canceled
TID05857,website,,group_1,0,19.05691617,0,0,1,1,0,0,1,debit,4/14/2019 0:00,id_80,76.63587108,Not_Canceled
TID23279,whoosh,0,group_1,,-0.319341864,0,1,1,,0,0,1,debit,7/2/2019 0:00,id_99,50.90605539,Not_Canceled
TID17147,whoosh,0,group_5,,2.865324698,0,0,1,,0,0,3,debit,6/26/2019 0:00,id_52,82.46414582,Not_Canceled
TID33691,app,0,group_1,0,210.612385,0,1,1,2,0,0,3,debit,9/15/2018 0:00,id_3,44.95815453,Not_Canceled
TID25005,app,0,group_1,0,105.6501813,0,2,1,2,0,0,3,credit,4/28/2019 0:00,id_45,61.7156903,Not_Canceled
TID16729,app,0,group_1,0,34.24350766,1,2,1,2,0,0,3,debit,5/27/2019 0:00,id_2,49.20026125,Not_Canceled
TID16917,website,0,group_1,0,36.62569806,0,2,1,2,0,0,0,debit,6/3/2019 0:00,id_83,59.1217401,Not_Canceled
TID00695,website,0,group_4,0,57.82995486,1,0,1,2,0,0,4,debit,3/6/2019 0:00,id_79,58.45751285,Not_Canceled
TID28334,whoosh,0,group_1,,12.14260929,0,1,1,,0,0,3,debit,5/7/2019 0:00,id_97,64.92018043,Not_Canceled
TID09083,app,0,group_1,0,32.42505222,0,0,1,1,0,0,2,debit,10/28/2018 0:00,id_24,45.09170191,Not_Canceled
TID26613,app,0,group_1,0,9.641093662,0,2,1,2,0,0,3,debit,1/1/2019 0:00,id_39,41.32654741,Not_Canceled
TID07120,website,0,group_1,0,189.6916994,3,0,1,2,0,0,4,debit,7/19/2018 0:00,id_77,46.95457587,Not_Canceled
TID19773,app,0,group_1,0,64.37744113,0,2,1,2,0,0,2,debit,9/3/2018 0:00,id_40,73.79227732,Not_Canceled
TID28082,website,0,group_1,0,97.00552355,1,1,1,2,0,0,4,debit,7/16/2019 0:00,id_96,68.19806032,Not_Canceled
TID01403,website,0,group_2,0,0.862032641,3,0,1,2,0,0,2,debit,7/20/2018 0:00,id_44,0,Not_Canceled
TID27785,app,0,group_1,0,70.90905363,0,0,1,1,0,0,3,debit,5/22/2019 0:00,id_53,69.24335324,Not_Canceled
TID16852,website,1,group_1,0,11.4690297,1,0,1,2,0,0,1,debit,10/11/2018 0:00,id_6,57.12524506,Not_Canceled
TID31956,telephone,0,group_1,,2.563891815,1,0,1,,0,4,1,debit,1/4/2019 0:00,id_34,0,Not_Canceled
TID19019,app,0,group_1,0,134.7607038,0,1,1,2,0,0,2,debit,8/22/2018 0:00,id_56,54.0306016,Not_Canceled
TID32351,app,0,group_1,0,220.2566917,0,0,1,1,0,0,1,credit,7/20/2019 0:00,id_80,45.09170191,Not_Canceled
TID32923,website,,group_1,0,9.229710793,1,2,2,2,0,0,1,debit,11/12/2018 0:00,id_56,48.48353578,Not_Canceled
TID34457,website,0,group_4,0,80.18284221,3,1,1,3,0,0,2,debit,6/15/2019 0:00,id_85,82.8984243,Not_Canceled
TID12632,website,0,group_1,0,38.22697122,1,2,1,3,0,0,3,debit,3/18/2019 0:00,id_93,77.95354936,Not_Canceled
TID04044,website,0,group_1,0,101.6038567,0,0,1,1,0,0,2,credit,9/23/2018 0:00,id_49,48.80522502,Canceled
TID24585,app,,group_1,0,264.547558,1,0,1,2,0,0,2,credit,6/1/2019 0:00,id_16,66.75011988,Canceled
TID10718,app,0,group_4,0,80.82506403,0,0,1,2,0,0,2,credit,9/16/2018 0:00,id_35,77.12434065,Not_Canceled
TID32649,app,0,group_1,0,7.280379368,0,0,1,2,0,0,2,debit,5/25/2019 0:00,id_15,51.42898852,Not_Canceled
TID18018,website,0,group_1,0,88.1670498,1,2,1,2,0,0,3,debit,3/24/2019 0:00,id_71,54.52252146,Not_Canceled
TID14082,app,0,group_1,0,111.6981757,0,0,1,2,0,0,2,debit,5/10/2019 0:00,id_51,59.17278266,Not_Canceled
TID28601,app,0,group_1,0,164.1980467,0,0,1,1,0,0,2,debit,9/9/2018 0:00,id_48,59.17278266,Not_Canceled
TID25237,app,0,group_1,0,60.69420821,0,2,1,1,0,0,0,debit,9/11/2018 0:00,id_91,45.09170191,Not_Canceled
TID07786,app,0,group_1,0,257.3997372,0,0,1,1,0,0,2,credit,6/8/2018 0:00,id_16,48.80522502,Not_Canceled
TID31181,app,0,group_1,0,131.6103674,0,2,1,2,0,0,1,credit,7/23/2018 0:00,id_84,56.35426715,Not_Canceled
TID18184,website,0,group_1,0,54.97402703,1,0,1,2,0,0,2,debit,9/16/2018 0:00,id_87,56.35426715,Not_Canceled
TID03084,website,0,group_1,0,70.81083784,1,1,1,2,0,0,4,debit,2/19/2019 0:00,id_58,37.09015948,Not_Canceled
TID09577,website,0,group_1,0,29.84186847,5,0,1,2,0,0,3,debit,9/21/2018 0:00,id_63,57.27923139,Not_Canceled
TID24980,telephone,0,group_1,,2.696632216,0,1,1,,0,0,1,debit,10/24/2018 0:00,id_83,0,Not_Canceled
TID19380,website,1,group_1,0,33.90069189,2,2,1,2,0,0,2,debit,7/15/2019 0:00,id_69,85.87986843,Not_Canceled
TID31362,website,0,group_4,0,140.6743419,1,2,1,2,0,0,2,debit,5/27/2019 0:00,id_24,73.05881478,Not_Canceled
TID35798,website,0,group_1,0,39.21935106,1,0,1,1,0,0,3,debit,5/29/2019 0:00,id_30,56.35426715,Not_Canceled
TID17358,website,0,group_1,0,89.24004548,0,1,1,2,0,0,3,debit,3/12/2019 0:00,id_90,50.09373117,Not_Canceled
TID10328,website,0,group_1,0,92.0934853,1,2,1,2,0,0,3,debit,6/16/2018 0:00,id_90,37.44844191,Not_Canceled
TID35148,website,0,group_1,0,35.02574086,1,1,1,2,0,0,0,debit,7/9/2019 0:00,id_34,81.44932731,Not_Canceled
TID28049,website,0,group_2,0,0.286207204,0,0,1,2,0,0,1,debit,3/1/2019 0:00,id_7,9.300941417,Not_Canceled
TID27936,website,0,group_4,0,53.05318029,3,0,1,3,0,0,2,debit,4/13/2019 0:00,id_52,88.36704472,Not_Canceled
TID13844,website,0,group_1,0,37.31771226,0,2,1,2,0,0,1,debit,7/29/2019 0:00,id_70,77.07551714,Not_Canceled
TID10134,website,0,group_1,0,3.94093258,2,0,1,2,0,0,5,debit,7/19/2018 0:00,id_14,54.0306016,Not_Canceled
TID31545,website,0,group_1,0,28.29458834,1,2,1,2,0,0,3,debit,2/16/2019 0:00,id_13,40.16970377,Not_Canceled
TID32051,website,0,group_1,0,35.92119422,2,1,1,2,0,0,1,debit,3/10/2019 0:00,id_74,68.19806032,Not_Canceled
TID18012,app,0,group_1,0,114.492258,0,2,1,1,0,0,2,debit,2/4/2019 0:00,id_86,46.68921428,Not_Canceled
TID36060,website,0,group_1,0,24.92152191,1,0,1,2,0,0,4,debit,9/13/2018 0:00,id_33,65.37219279,Not_Canceled
TID34230,app,0,group_1,0,25.2042292,0,2,1,2,0,0,3,debit,6/10/2019 0:00,id_41,51.42898852,Not_Canceled
TID01072,app,0,group_1,0,163.8667471,0,0,1,1,0,0,2,debit,9/9/2018 0:00,id_90,59.17278266,Not_Canceled
TID02585,app,0,group_1,0,31.27595163,0,2,1,2,0,0,1,debit,2/5/2019 0:00,id_44,44.19834584,Not_Canceled
TID13781,app,0,group_1,0,111.3375183,2,2,1,3,0,0,3,debit,5/6/2019 0:00,id_76,61.7156903,Not_Canceled
TID29030,website,0,group_1,0,45.02149901,0,1,1,1,0,0,1,debit,12/31/2018 0:00,id_82,45.03829086,Canceled
TID13371,website,0,group_1,0,148.1829867,0,0,1,2,0,0,3,debit,4/12/2019 0:00,id_2,61.86770119,Not_Canceled
TID22499,app,0,group_1,0,137.069637,1,2,1,2,0,0,4,debit,6/17/2019 0:00,id_59,44.69086155,Not_Canceled
TID28962,whoosh,0,group_1,,-0.11179894,1,0,1,,1,4,1,debit,2/21/2019 0:00,id_63,40.78410636,Not_Canceled
TID33534,app,0,group_1,0,151.1941865,0,0,1,1,0,0,3,debit,12/27/2018 0:00,id_62,48.80522502,Not_Canceled
TID20465,website,0,group_1,0,61.04329159,0,2,1,2,0,0,1,debit,6/18/2018 0:00,id_4,35.82328591,Not_Canceled
TID21660,app,0,group_1,0,117.3957414,2,1,1,1,0,0,5,debit,5/14/2019 0:00,id_78,64.24117034,Not_Canceled
TID27203,app,0,group_1,0,101.252598,0,0,1,2,0,0,2,credit,9/23/2018 0:00,id_37,63.73742421,Not_Canceled
TID25518,app,0,group_1,0,130.6905874,0,2,1,2,0,0,1,credit,7/23/2018 0:00,id_7,56.35426715,Not_Canceled
TID17014,app,0,group_1,0,70.39734444,0,0,1,1,0,0,3,debit,5/22/2019 0:00,id_22,69.24335324,Not_Canceled
TID25038,app,0,group_1,0,71.38731691,0,0,1,1,0,0,3,debit,5/22/2019 0:00,id_37,69.24335324,Not_Canceled
TID17727,telephone,0,group_1,,-0.499424398,0,2,1,,0,0,7,debit,8/2/2018 0:00,id_36,0,Not_Canceled
TID25977,website,0,group_4,0,9.765876149,1,2,1,2,0,0,5,debit,6/21/2019 0:00,id_79,88.83922204,Not_Canceled
TID01252,app,0,group_1,0,56.01511691,0,0,1,2,0,0,1,debit,5/16/2019 0:00,id_81,69.24335324,Not_Canceled
TID01712,website,0,group_1,0,43.20892685,1,0,1,2,0,0,0,debit,9/24/2018 0:00,id_47,0,Not_Canceled
TID33121,whoosh,0,group_1,,31.02052585,0,0,1,,0,0,2,debit,1/12/2019 0:00,id_13,44.02146061,Not_Canceled
TID09612,app,0,group_1,0,2.066430754,0,0,1,2,0,0,4,credit,7/26/2018 0:00,id_22,64.14047421,Not_Canceled
TID07728,website,1,group_1,0,5.98343069,0,1,1,1,0,0,1,debit,3/26/2019 0:00,id_9,61.20853328,Not_Canceled
TID24998,website,0,group_4,0,71.61299514,0,1,1,3,0,0,5,debit,4/2/2019 0:00,id_46,74.76505707,Not_Canceled
TID12013,whoosh,0,group_1,,2.013157682,2,0,2,,1,8,2,debit,3/8/2019 0:00,id_42,50.38222488,Not_Canceled
TID17663,app,0,group_1,0,164.417886,0,0,1,1,0,0,2,debit,9/9/2018 0:00,id_82,59.17278266,Not_Canceled
TID17081,telephone,0,group_1,,0.587208079,1,0,1,,0,0,0,debit,5/30/2019 0:00,id_44,0,Not_Canceled
TID34827,website,0,group_1,0,3.471827893,1,0,1,2,0,0,2,debit,4/4/2019 0:00,id_76,74.67671076,Not_Canceled
TID09920,website,0,group_1,0,0.190168013,0,0,1,1,0,0,1,debit,12/27/2018 0:00,id_57,51.42898852,Not_Canceled
TID16699,website,0,group_1,0,29.70654277,1,2,1,2,0,0,3,debit,3/23/2019 0:00,id_46,60.59901436,Not_Canceled
TID00808,app,0,group_1,0,224.296862,0,1,1,1,0,0,2,debit,9/9/2018 0:00,id_75,38.05347992,Not_Canceled
TID29002,website,0,group_1,0,73.57917884,0,2,1,2,0,0,2,debit,9/24/2018 0:00,id_68,42.67753667,Not_Canceled
TID26796,app,0,group_1,0,70.88818415,0,0,1,1,0,0,3,debit,5/22/2019 0:00,id_66,69.24335324,Not_Canceled
TID29148,app,0,group_1,0,73.36860421,0,0,1,2,0,0,2,credit,8/26/2018 0:00,id_85,63.73742421,Not_Canceled
TID16682,website,0,group_1,0,150.4849226,3,1,1,2,0,0,2,debit,3/30/2019 0:00,id_58,57.27923139,Not_Canceled
TID03621,website,,group_1,0,137.8844492,1,0,1,2,0,0,1,debit,4/14/2019 0:00,id_62,66.39983088,Not_Canceled
TID25137,website,0,group_1,0,50.78751534,1,2,1,1,0,0,6,debit,9/7/2018 0:00,id_53,43.01147739,Not_Canceled
TID07555,website,0,group_1,0,82.48483695,0,2,1,2,0,0,1,debit,2/17/2019 0:00,id_83,47.90782574,Not_Canceled
TID18182,website,0,group_4,0,98.28303996,2,1,1,3,0,0,1,debit,7/16/2019 0:00,id_80,84.05463798,Not_Canceled
TID05230,app,0,group_1,0,144.6483648,0,2,1,2,0,0,1,credit,8/6/2018 0:00,id_42,56.35426715,Not_Canceled
TID19803,app,,group_1,0,5.03140049,0,0,1,1,0,0,1,debit,12/21/2018 0:00,id_79,40.78410636,Not_Canceled
TID33731,website,0,group_1,0,51.89790621,1,1,1,2,0,0,2,debit,10/14/2018 0:00,id_88,45.19849247,Not_Canceled
TID26014,website,0,group_4,0,24.65222469,2,0,1,2,0,0,2,debit,5/17/2019 0:00,id_79,81.98116246,Not_Canceled
TID26470,whoosh,0,group_1,,98.90599097,0,0,1,,0,0,1,debit,1/27/2019 0:00,id_61,49.33182243,Not_Canceled
TID25755,whoosh,0,group_1,,13.38506505,1,0,1,,0,7,3,debit,5/22/2019 0:00,id_11,40.78410636,Not_Canceled
TID10217,website,0,group_4,0,82.71105764,2,2,1,3,0,0,4,debit,6/8/2019 0:00,id_20,82.31930089,Not_Canceled
TID32143,website,0,group_1,0,2.687550086,1,0,1,2,0,0,2,debit,10/28/2018 0:00,id_75,70.23641452,Not_Canceled
TID24446,app,0,group_4,0,79.47534738,0,0,1,2,0,0,2,credit,9/16/2018 0:00,id_1,77.12434065,Not_Canceled
TID26046,website,0,group_1,0,13.33355355,0,1,1,1,0,0,0,debit,2/25/2019 0:00,id_2,5.000256741,Not_Canceled
TID15371,app,0,group_1,0,32.05842465,0,0,1,1,0,0,2,debit,10/28/2018 0:00,id_74,45.09170191,Not_Canceled
TID23344,app,0,group_1,1,17.80537729,0,0,1,1,1,0,3,debit,9/13/2018 0:00,id_9,48.80522502,Not_Canceled
TID08754,app,0,group_1,0,170.2015822,0,2,1,2,0,0,3,debit,3/16/2019 0:00,id_51,47.74917162,Not_Canceled
TID10331,app,0,group_1,0,56.85971376,0,1,1,2,0,0,2,debit,7/23/2019 0:00,id_81,44.69086155,Not_Canceled
TID21700,website,0,group_1,0,117.8537202,2,1,1,3,0,0,0,debit,6/4/2019 0:00,id_51,73.54628601,Not_Canceled
TID17157,app,0,group_1,0,33.96574367,0,1,1,1,0,0,0,debit,9/25/2018 0:00,id_10,43.10834718,Not_Canceled
TID35256,website,0,group_1,0,91.22666995,1,0,1,1,0,0,1,debit,6/22/2019 0:00,id_55,59.1217401,Not_Canceled
TID34686,website,0,group_1,0,14.12780245,2,1,1,2,0,0,1,debit,9/26/2018 0:00,id_48,72.21552848,Not_Canceled
TID10519,whoosh,0,group_1,,5.386347419,0,0,1,,0,0,2,debit,5/1/2019 0:00,id_87,59.17278266,Not_Canceled
TID01575,website,0,group_1,0,85.96725581,1,0,1,2,0,0,4,debit,2/28/2019 0:00,id_77,53.42373323,Canceled
TID21945,app,0,group_1,0,106.0481995,2,0,2,2,0,0,4,debit,6/20/2019 0:00,id_72,51.20946513,Not_Canceled
TID05696,app,0,group_1,0,221.9855967,0,0,1,1,0,0,1,credit,7/20/2019 0:00,id_99,45.09170191,Not_Canceled
TID31143,website,0,group_2,0,237.6095535,1,2,1,2,0,0,4,debit,7/5/2019 0:00,id_99,49.59476966,Not_Canceled
TID17843,website,,group_1,0,18.42279321,1,2,1,2,0,0,2,debit,10/8/2018 0:00,id_89,56.59088675,Not_Canceled
TID02994,website,0,group_1,0,30.10826963,0,0,1,1,0,0,0,credit,9/1/2018 0:00,id_91,0,Not_Canceled
TID21420,app,0,group_1,0,134.3842242,0,1,1,2,0,0,2,debit,8/22/2018 0:00,id_20,54.0306016,Not_Canceled
TID20143,website,0,group_2,0,113.7288588,1,0,1,2,0,0,3,debit,3/8/2019 0:00,id_83,47.82850964,Not_Canceled
TID20014,website,0,group_4,0,35.67465802,1,0,1,3,0,0,1,debit,6/22/2019 0:00,id_2,92.64429056,Not_Canceled
TID23127,app,0,group_1,0,30.090262,0,2,1,2,0,0,2,debit,5/27/2019 0:00,id_37,51.69012231,Not_Canceled
TID05461,app,,group_1,0,50.45465937,0,0,2,2,0,0,3,debit,12/8/2018 0:00,id_27,44.19834584,Not_Canceled
TID06328,website,,group_1,0,64.20249943,1,0,1,2,0,0,2,debit,12/7/2018 0:00,id_83,65.94900339,Not_Canceled
TID16141,whoosh,0,group_1,,2.385336527,0,2,1,,0,0,1,debit,9/25/2018 0:00,id_56,70.73206098,Not_Canceled
TID11414,website,0,group_4,0,56.74240081,2,2,1,3,0,0,2,debit,4/29/2019 0:00,id_81,88.36704472,Not_Canceled
TID33137,website,0,group_4,0,93.15553796,0,1,1,3,0,0,3,debit,7/30/2019 0:00,id_41,84.05463798,Canceled
TID35874,app,0,group_4,0,152.3806956,1,2,1,2,0,0,1,debit,1/28/2019 0:00,id_47,39.14950302,Not_Canceled
TID17035,website,0,group_1,0,28.9535811,0,0,1,2,0,0,0,debit,9/15/2018 0:00,id_24,0,Not_Canceled
TID22044,app,,group_4,0,80.61112314,0,0,1,2,0,0,2,credit,9/16/2018 0:00,id_83,77.12434065,Not_Canceled
TID24793,website,0,group_1,0,29.30782971,0,2,1,2,0,0,0,debit,9/11/2018 0:00,id_26,47.11897469,Not_Canceled
TID21263,app,0,group_1,0,134.1572839,0,2,1,2,0,0,2,debit,11/11/2018 0:00,id_83,40.78410636,Not_Canceled
TID35851,app,0,group_1,0,7.967324604,0,0,1,1,0,0,2,debit,6/1/2019 0:00,id_39,56.61145455,Not_Canceled
TID10297,app,0,group_1,0,39.70542299,0,0,1,2,0,0,2,credit,7/22/2018 0:00,id_58,59.93754192,Not_Canceled
TID03080,app,0,group_1,0,1.078238128,1,1,1,2,0,0,2,debit,5/25/2019 0:00,id_84,46.15773551,Not_Canceled
TID15171,website,0,group_1,0,14.59622298,1,2,1,2,0,0,1,debit,1/1/2019 0:00,id_77,42.94149334,Not_Canceled
TID00084,app,0,group_1,0,39.99897804,1,0,1,2,0,0,2,credit,7/22/2018 0:00,id_15,63.73742421,Not_Canceled
TID20747,app,0,group_1,0,116.3369835,0,2,1,1,0,0,1,credit,7/9/2018 0:00,id_98,44.82454116,Not_Canceled
TID08747,app,0,group_1,0,55.02083876,0,0,1,2,0,0,1,credit,3/14/2019 0:00,id_93,61.20853328,Not_Canceled
TID27997,website,0,group_1,0,2.242623222,1,0,1,1,0,0,1,debit,1/7/2019 0:00,id_94,48.80522502,Not_Canceled
TID04172,app,0,group_1,0,35.59866164,0,0,1,1,0,0,3,credit,9/20/2018 0:00,id_66,54.5483914,Not_Canceled
TID15905,app,0,group_4,0,38.95523343,0,2,1,2,0,0,1,debit,10/15/2018 0:00,id_87,38.05347992,Not_Canceled
TID29095,website,0,group_4,0,23.73362242,1,1,1,2,0,0,2,debit,1/6/2019 0:00,id_2,52.62839365,Not_Canceled
TID26114,whoosh,0,group_1,,22.39086814,0,0,1,,0,0,1,debit,10/25/2018 0:00,id_24,39.14950302,Not_Canceled
TID12382,app,0,group_4,0,96.74726593,0,0,1,2,0,0,4,debit,12/7/2018 0:00,id_71,38.60213557,Not_Canceled
TID24682,app,0,group_1,0,79.9250542,1,1,2,2,0,0,1,debit,7/2/2019 0:00,id_58,55.71043721,Not_Canceled
TID06028,website,0,group_1,0,72.45748744,1,0,1,2,0,0,3,debit,6/13/2019 0:00,id_46,54.43454832,Not_Canceled
TID28500,website,0,group_1,0,129.8648631,1,2,1,2,0,0,3,debit,7/12/2019 0:00,id_86,49.06864143,Not_Canceled
TID25140,app,0,group_1,0,4.647400271,0,0,1,2,0,0,2,debit,1/10/2019 0:00,id_27,40.24046616,Not_Canceled
TID11026,website,0,group_1,0,-0.325724027,0,0,1,1,0,0,1,debit,2/20/2019 0:00,id_16,60.70067186,Not_Canceled
TID29094,app,0,group_4,0,31.99419274,0,2,1,2,0,0,2,debit,10/7/2018 0:00,id_35,42.13800524,Not_Canceled
TID12193,website,0,group_1,0,22.63692413,1,1,1,2,0,0,1,debit,10/22/2018 0:00,id_30,52.47221015,Not_Canceled
TID09535,website,0,group_1,0,16.44240416,1,0,1,1,0,0,2,debit,10/14/2018 0:00,id_67,49.33182243,Not_Canceled
TID00100,app,1,group_4,1,0.008651962,2,0,1,2,0,7,1,debit,2/20/2019 0:00,id_16,29.65018893,Not_Canceled
TID03378,website,0,group_4,0,1.662280951,1,0,1,1,0,0,1,debit,9/27/2018 0:00,id_13,86.31120013,Not_Canceled
TID08461,website,0,group_1,0,16.63018813,0,2,1,2,0,0,1,debit,1/7/2019 0:00,id_91,53.16403712,Not_Canceled
TID04736,website,,group_4,0,14.17159209,2,0,1,3,0,0,3,debit,4/19/2019 0:00,id_49,100.9616565,Not_Canceled
TID14875,website,0,group_1,0,48.54027254,1,0,1,2,0,0,2,debit,2/28/2019 0:00,id_53,58.66202429,Canceled
TID30624,telephone,0,group_1,,-0.034820789,0,0,1,,0,1,1,debit,9/8/2018 0:00,id_91,0,Not_Canceled
TID03646,website,0,group_1,0,172.6036118,1,2,1,2,0,0,5,debit,6/25/2019 0:00,id_57,45.00623918,Not_Canceled
TID04537,website,0,group_1,0,20.27668827,0,0,1,2,0,0,4,debit,8/9/2018 0:00,id_16,61.7156903,Not_Canceled
TID23301,app,0,group_1,0,72.35539478,0,0,1,1,0,0,3,debit,5/22/2019 0:00,id_56,69.24335324,Not_Canceled
TID07719,website,0,group_1,0,9.812082033,1,0,1,2,0,0,1,debit,5/17/2019 0:00,id_68,69.74018045,Not_Canceled
TID15813,website,0,group_1,0,4.977014254,0,2,1,2,0,0,2,debit,4/1/2019 0:00,id_95,70.97966556,Not_Canceled
TID22182,website,0,group_1,0,117.4172576,1,2,1,2,0,0,2,debit,4/6/2019 0:00,id_86,56.7142748,Not_Canceled
TID26150,app,0,group_1,0,68.29994657,0,0,1,2,0,0,2,credit,8/30/2018 0:00,id_78,62.22215052,Not_Canceled
TID23069,website,0,group_1,0,2.08091163,0,0,1,2,0,0,1,debit,12/16/2018 0:00,id_86,47.90782574,Not_Canceled
TID23465,website,0,group_1,0,7.438962646,0,2,1,2,0,0,3,debit,12/16/2018 0:00,id_65,37.59159597,Not_Canceled
TID18766,website,0,group_1,0,23.03746593,1,0,1,2,0,0,1,debit,5/31/2019 0:00,id_56,59.68280455,Not_Canceled
TID13123,app,0,group_4,0,121.7374841,0,0,1,2,0,0,3,debit,7/11/2019 0:00,id_71,56.63202109,Not_Canceled
TID23536,website,0,group_4,0,3.836929668,1,2,1,2,0,0,3,debit,3/29/2019 0:00,id_51,60.79213924,Not_Canceled
TID17125,website,0,group_1,0,12.88590247,1,2,1,1,0,0,0,debit,4/15/2019 0:00,id_54,61.7156903,Not_Canceled
TID25565,website,0,group_1,0,3.93364856,1,1,1,1,0,0,2,debit,2/19/2019 0:00,id_59,48.84738753,Not_Canceled
TID25944,app,0,group_1,0,40.60224972,0,0,1,2,0,0,1,credit,8/12/2018 0:00,id_67,64.24117034,Not_Canceled
TID00634,website,0,group_1,0,39.65728124,2,1,1,2,0,0,3,debit,9/19/2018 0:00,id_88,56.35426715,Not_Canceled
TID21877,website,0,group_1,0,32.82601907,1,1,2,2,0,0,2,debit,2/3/2019 0:00,id_50,60.38035399,Not_Canceled
TID23405,website,0,group_1,0,5.562826165,0,0,1,1,0,0,1,debit,9/28/2018 0:00,id_35,0,Not_Canceled
TID26426,app,0,group_1,0,39.99754476,0,0,1,2,0,0,2,credit,7/22/2018 0:00,id_85,63.73742421,Not_Canceled
TID32533,app,0,group_1,0,187.2237159,0,0,1,1,0,0,2,debit,5/23/2019 0:00,id_10,74.18557739,Canceled
TID33960,app,0,group_1,0,195.9559699,1,1,1,2,0,0,3,debit,4/19/2019 0:00,id_60,49.20026125,Not_Canceled
TID21919,website,0,group_1,0,22.92736591,1,1,1,2,0,0,3,debit,5/21/2019 0:00,id_79,62.77846086,Not_Canceled
TID36012,app,0,group_1,0,117.3147568,0,1,1,1,0,0,2,debit,5/14/2019 0:00,id_74,64.24117034,Not_Canceled
TID12976,website,0,group_1,0,-0.181091795,0,0,1,2,0,0,1,debit,8/17/2018 0:00,id_96,71.22712526,Not_Canceled
TID20976,app,0,group_1,0,87.76981565,0,1,1,2,0,0,1,credit,9/12/2018 0:00,id_63,65.34709476,Not_Canceled
TID18740,app,0,group_2,0,4.368237657,1,1,1,2,0,0,1,debit,11/28/2018 0:00,id_87,25.30290948,Not_Canceled
TID31623,whoosh,0,group_1,,6.522511688,0,0,1,,0,0,1,debit,7/25/2019 0:00,id_16,48.27767928,Not_Canceled
TID31661,app,0,group_1,0,14.63814887,0,1,1,2,0,0,2,debit,1/20/2019 0:00,id_14,27.15417319,Not_Canceled
TID12725,website,0,group_4,0,56.8321588,2,2,1,2,0,0,2,debit,2/16/2019 0:00,id_95,50.09373117,Not_Canceled
TID00247,website,0,group_1,0,115.2722232,1,0,1,2,0,0,4,debit,7/11/2019 0:00,id_56,47.31506777,Not_Canceled
TID12848,website,0,group_1,0,68.52202452,2,2,1,2,0,0,5,debit,6/29/2018 0:00,id_56,46.95457587,Canceled
TID17817,website,0,group_4,0,-0.109827629,0,0,1,2,0,0,1,debit,1/21/2019 0:00,id_75,62.22215052,Not_Canceled
TID17560,app,0,group_1,0,58.85916529,0,0,1,1,0,0,1,debit,1/5/2019 0:00,id_93,49.33182243,Not_Canceled
TID29018,website,0,group_1,0,1.301855256,0,1,2,2,0,0,0,debit,3/5/2019 0:00,id_50,59.68280455,Not_Canceled
TID30993,app,0,group_1,0,1.037030737,1,1,1,2,0,0,1,debit,9/17/2018 0:00,id_45,67.24999912,Not_Canceled
TID14947,website,0,group_1,0,67.7936308,1,0,1,2,0,0,1,debit,4/26/2019 0:00,id_91,58.00204451,Not_Canceled
TID35353,app,0,group_1,0,15.07359989,0,0,1,1,0,0,3,debit,1/26/2019 0:00,id_50,51.95103622,Not_Canceled
TID11154,app,0,group_1,0,5.329608656,0,0,1,2,0,0,3,debit,1/10/2019 0:00,id_45,40.24046616,Not_Canceled
TID16775,app,0,group_1,0,70.14680893,0,0,1,1,0,0,3,debit,5/22/2019 0:00,id_29,69.24335324,Not_Canceled
TID25398,website,0,group_1,0,7.911773301,0,0,1,1,0,0,1,debit,3/7/2019 0:00,id_59,50.34027931,Not_Canceled
TID26642,whoosh,0,group_1,,7.926278366,1,0,1,,0,0,1,debit,7/3/2019 0:00,id_61,40.78410636,Not_Canceled
TID22261,website,0,group_1,0,17.47820077,2,2,1,2,0,0,2,debit,8/21/2018 0:00,id_17,57.12524506,Not_Canceled
TID17061,app,0,group_1,0,56.22796567,1,1,1,2,0,0,2,debit,5/18/2019 0:00,id_68,54.37761187,Not_Canceled
TID13240,app,0,group_1,0,54.73510182,0,0,1,2,0,0,1,credit,3/14/2019 0:00,id_80,61.20853328,Not_Canceled
TID31071,app,0,group_1,0,151.4104243,0,0,1,1,0,0,3,debit,12/27/2018 0:00,id_31,48.80522502,Not_Canceled
TID01882,app,0,group_1,0,164.0811075,0,0,1,1,0,0,2,debit,9/9/2018 0:00,id_89,59.17278266,Not_Canceled
TID02092,app,0,group_1,0,207.8635854,2,2,1,2,0,0,2,debit,5/19/2019 0:00,id_82,48.93169438,Not_Canceled
TID31326,website,0,group_1,0,0.749650043,1,0,1,1,0,0,1,debit,10/13/2018 0:00,id_12,0,Not_Canceled
TID09705,whoosh,0,group_1,,24.22049804,1,2,1,,0,0,3,debit,4/15/2019 0:00,id_56,56.61145455,Not_Canceled
TID31715,website,0,group_1,0,19.17286528,1,0,1,1,0,0,1,debit,1/7/2019 0:00,id_67,45.57192999,Not_Canceled
TID07405,website,0,group_1,0,-0.156953509,1,0,1,1,0,0,3,debit,8/16/2018 0:00,id_69,80.36935292,Not_Canceled
TID22434,app,0,group_1,0,62.28070871,0,0,1,2,0,0,2,credit,8/12/2018 0:00,id_7,67.24999912,Not_Canceled
TID00959,website,0,group_1,0,155.4163744,1,1,1,2,0,0,1,debit,6/4/2019 0:00,id_8,57.27923139,Not_Canceled
TID12375,whoosh,0,group_1,,9.132387665,0,0,1,,0,0,2,debit,2/7/2019 0:00,id_22,35.28999954,Canceled
TID28513,website,0,group_1,0,54.51677038,0,0,1,2,0,0,2,debit,2/3/2019 0:00,id_60,48.96330321,Not_Canceled
TID01639,website,0,group_1,0,24.81189782,0,2,1,2,0,0,2,debit,3/3/2019 0:00,id_31,77.12434065,Not_Canceled
TID02609,website,0,group_1,0,119.2954365,1,2,1,2,0,0,2,debit,3/31/2019 0:00,id_80,44.38046827,Not_Canceled
TID04008,app,0,group_1,0,7.51056731,0,2,1,2,0,0,5,debit,2/15/2019 0:00,id_86,44.55711543,Not_Canceled
TID06128,app,0,group_1,0,79.69970244,0,0,1,2,0,0,2,debit,5/24/2019 0:00,id_64,49.20026125,Not_Canceled
TID29207,app,0,group_1,0,289.4678193,0,0,1,2,0,0,1,debit,9/24/2018 0:00,id_59,41.86780981,Not_Canceled
TID10166,website,0,group_4,0,42.68635047,2,0,1,3,0,0,1,debit,2/16/2019 0:00,id_52,66.39983088,Not_Canceled
TID08585,website,0,group_1,0,132.5382988,0,0,2,2,0,0,2,debit,7/5/2019 0:00,id_34,69.98837128,Not_Canceled
TID23142,website,1,group_1,0,57.49518674,0,1,1,2,0,0,2,debit,5/28/2019 0:00,id_35,63.68701299,Not_Canceled
TID25110,website,0,group_4,0,107.6096921,2,2,1,3,0,0,1,debit,7/28/2019 0:00,id_19,84.92004351,Not_Canceled
TID10374,website,0,group_1,0,100.3313803,1,2,1,2,0,0,1,debit,4/8/2019 0:00,id_46,61.86770119,Not_Canceled
TID10050,website,0,group_1,0,1.668810062,1,0,1,2,0,0,1,debit,1/21/2019 0:00,id_54,54.5483914,Not_Canceled
TID04313,website,0,group_4,0,109.0237152,1,0,1,3,0,0,4,debit,6/26/2019 0:00,id_83,66.12939619,Not_Canceled
TID24831,website,0,group_4,0,47.28274369,0,0,1,1,0,0,1,debit,3/23/2019 0:00,id_14,73.10315287,Not_Canceled
TID09918,app,0,group_1,0,65.15139336,0,0,1,1,0,0,2,debit,9/9/2018 0:00,id_41,59.17278266,Not_Canceled
TID17967,website,0,group_4,0,13.45468806,2,1,1,3,0,0,2,debit,7/9/2019 0:00,id_89,92.02855445,Not_Canceled
TID04234,website,0,group_1,0,31.95067003,2,2,1,1,0,0,2,debit,9/18/2018 0:00,id_47,56.35426715,Not_Canceled
TID01190,whoosh,0,group_1,,1.032677776,0,2,1,,0,3,1,debit,12/4/2018 0:00,id_84,40.78410636,Not_Canceled
TID13546,website,0,group_1,0,227.6455896,3,3,1,2,0,0,9,debit,7/25/2018 0:00,id_99,46.95457587,Not_Canceled
TID21485,app,0,group_1,0,56.68442809,1,0,1,2,0,0,4,debit,4/3/2019 0:00,id_70,51.69012231,Not_Canceled
TID23303,app,0,group_4,0,13.16613485,1,1,1,2,0,0,2,debit,10/7/2018 0:00,id_84,58.49331098,Not_Canceled
TID03826,app,0,group_1,0,85.49931451,1,1,1,2,0,0,2,debit,4/27/2019 0:00,id_48,40.78410636,Not_Canceled
TID07933,app,0,group_1,0,94.07446226,1,0,1,1,0,0,3,debit,2/27/2019 0:00,id_8,25.20301708,Not_Canceled
TID28845,app,0,group_1,0,11.81929661,0,2,1,1,0,0,2,debit,9/30/2018 0:00,id_7,46.29070024,Not_Canceled
TID25712,website,0,group_4,0,58.42398942,1,2,1,2,0,0,8,debit,2/6/2019 0:00,id_22,51.58569526,Not_Canceled
TID11119,website,0,group_1,0,31.55056556,1,1,1,1,0,0,1,debit,10/1/2018 0:00,id_70,69.24335324,Not_Canceled
TID24476,website,0,group_6,0,0.446357201,0,2,4,2,0,0,0,debit,7/17/2018 0:00,id_99,85.35218944,Not_Canceled
TID19434,website,0,group_4,0,126.0562641,2,2,1,3,0,0,3,debit,6/30/2019 0:00,id_15,74.21014701,Not_Canceled
TID28045,app,0,group_1,0,21.50128479,0,0,1,2,0,0,2,debit,4/27/2019 0:00,id_59,79.07306831,Not_Canceled
TID31290,app,0,group_1,0,55.42663458,0,0,1,2,0,0,1,credit,3/14/2019 0:00,id_89,61.20853328,Not_Canceled
TID05829,website,0,group_1,0,34.99815022,2,2,1,3,0,0,1,debit,3/25/2019 0:00,id_60,59.89170258,Not_Canceled
TID13046,app,0,group_1,0,188.0732031,0,0,1,1,0,0,2,debit,5/23/2019 0:00,id_93,74.18557739,Canceled
TID02911,website,0,group_4,0,96.55477913,0,1,1,2,0,0,3,debit,3/1/2019 0:00,id_71,58.89195723,Not_Canceled
TID20927,website,0,group_4,0,58.88606573,1,0,1,2,0,0,3,debit,2/14/2019 0:00,id_40,52.62839365,Not_Canceled
TID21251,website,1,group_4,0,5.410536207,0,2,1,2,0,0,4,debit,10/5/2018 0:00,id_5,74.01355181,Not_Canceled
TID29853,app,0,group_1,1,18.78851584,0,0,1,1,1,0,3,debit,9/13/2018 0:00,id_33,48.80522502,Not_Canceled
TID29572,app,0,group_1,0,-0.291906165,0,0,1,2,0,0,2,credit,7/22/2018 0:00,id_3,63.73742421,Not_Canceled
TID19075,app,0,group_1,0,11.41593889,0,0,1,1,0,0,1,debit,9/14/2018 0:00,id_95,80.6262484,Not_Canceled
TID07711,website,1,group_1,0,53.51974781,0,1,1,2,0,0,3,credit,6/11/2019 0:00,id_46,89.22523478,Not_Canceled
TID26018,app,0,group_1,0,12.41119172,0,1,1,2,0,0,0,debit,9/11/2018 0:00,id_61,44.55711543,Not_Canceled
TID21079,app,0,group_1,0,221.0152787,0,0,1,1,0,0,1,credit,7/20/2019 0:00,id_79,45.09170191,Not_Canceled
TID24690,website,0,group_1,0,13.44174218,2,0,1,2,0,0,2,debit,12/23/2018 0:00,id_53,53.51198188,Not_Canceled
TID20197,website,0,group_1,0,176.326599,1,2,2,1,0,0,3,debit,7/26/2019 0:00,id_70,47.69097646,Not_Canceled
TID06884,website,0,group_2,0,18.99976001,1,1,1,2,0,0,1,debit,12/3/2018 0:00,id_35,52.34199796,Not_Canceled
TID21658,website,0,group_1,0,35.9624588,1,1,1,2,0,0,2,debit,1/30/2019 0:00,id_42,50.22489892,Not_Canceled
TID16129,website,0,group_4,0,132.2299185,1,2,1,2,0,0,1,debit,4/22/2019 0:00,id_11,66.39983088,Not_Canceled
TID01211,website,0,group_4,0,26.62085223,1,0,1,2,0,0,2,debit,5/30/2019 0:00,id_91,69.303004,Not_Canceled
TID35241,app,0,group_1,0,3.83415553,0,1,1,2,0,0,2,debit,5/18/2019 0:00,id_71,54.37761187,Not_Canceled
TID17482,website,0,group_1,0,81.11703691,2,0,2,2,0,0,3,debit,4/19/2019 0:00,id_96,80.5777881,Not_Canceled
TID01006,website,0,group_1,0,133.8574819,2,2,1,2,0,0,2,debit,6/9/2019 0:00,id_95,55.62278054,Not_Canceled
TID00546,website,0,group_1,0,14.9846703,1,0,1,2,0,0,4,debit,5/9/2019 0:00,id_11,69.33282616,Not_Canceled
TID22906,website,0,group_1,0,166.2121263,1,1,1,2,0,0,0,debit,6/3/2019 0:00,id_75,57.27923139,Not_Canceled
TID14301,website,0,group_1,0,36.32645957,1,1,1,1,0,0,2,debit,4/6/2019 0:00,id_34,69.98837128,Not_Canceled
TID35848,whoosh,,group_5,,-0.607200691,0,0,1,,0,0,1,debit,6/21/2019 0:00,id_26,79.07306831,Not_Canceled
TID30689,website,0,group_4,0,29.65810204,1,0,1,3,0,0,4,debit,3/21/2019 0:00,id_17,80.61655673,Not_Canceled
TID08584,website,0,group_1,0,124.3318993,2,1,1,2,0,0,2,debit,6/4/2019 0:00,id_35,57.27923139,Not_Canceled
TID06139,website,0,group_1,0,4.111757261,1,0,1,2,0,0,2,debit,7/29/2018 0:00,id_70,62.22215052,Not_Canceled
TID35600,website,0,group_1,0,41.29719146,1,0,1,2,0,0,3,debit,3/8/2019 0:00,id_61,68.19806032,Not_Canceled
TID12232,whoosh,0,group_1,,-0.054842651,0,0,1,,0,0,1,debit,10/13/2018 0:00,id_93,53.51198188,Not_Canceled
TID17182,whoosh,0,group_1,,4.24344502,0,0,1,,0,0,1,debit,2/7/2019 0:00,id_76,41.32654741,Not_Canceled
TID04659,website,0,group_5,0,3.868252706,2,1,1,1,0,0,0,debit,3/26/2019 0:00,id_2,0,Not_Canceled
TID20826,website,0,group_1,0,10.1622813,1,1,1,2,0,0,3,debit,6/7/2019 0:00,id_89,84.3913619,Not_Canceled
TID00833,app,0,group_1,0,0.78324894,1,1,2,2,0,0,2,debit,5/21/2019 0:00,id_82,49.20026125,Not_Canceled
TID00549,website,0,group_6,0,10.02235502,1,0,3,2,0,0,4,debit,8/2/2018 0:00,id_10,85.35218944,Not_Canceled
TID10960,website,0,group_1,0,88.96732048,1,2,1,2,0,0,2,debit,3/16/2019 0:00,id_71,40.85469106,Not_Canceled
TID13967,website,0,group_1,0,0.697618152,0,0,1,1,0,0,1,debit,12/15/2018 0:00,id_93,49.85748475,Not_Canceled
TID22673,app,0,group_1,0,28.00798536,1,1,1,2,0,0,2,debit,2/12/2019 0:00,id_3,52.47221015,Not_Canceled
TID01498,website,0,group_1,0,120.0734293,1,0,2,2,0,0,3,debit,6/20/2019 0:00,id_76,69.98837128,Not_Canceled
TID15973,app,0,group_1,0,102.8500733,0,2,1,2,0,0,1,credit,6/25/2018 0:00,id_81,56.35426715,Not_Canceled
TID24295,website,0,group_1,1,18.61587958,0,2,1,2,1,0,1,debit,11/12/2018 0:00,id_76,42.9468774,Not_Canceled
TID26622,app,0,group_1,0,74.37248051,0,2,1,2,0,0,1,debit,6/2/2019 0:00,id_21,49.20026125,Not_Canceled
TID03387,website,0,group_1,0,7.356065517,0,1,1,2,0,0,3,debit,3/15/2019 0:00,id_21,65.49765872,Not_Canceled
TID18960,app,0,group_4,0,79.91006302,0,0,1,2,0,0,2,credit,9/16/2018 0:00,id_24,77.12434065,Not_Canceled
TID33998,app,0,group_1,0,59.90827368,0,1,1,2,0,0,1,debit,8/29/2018 0:00,id_81,40.78410636,Not_Canceled
TID12119,whoosh,0,group_1,,1.799194591,1,0,1,,0,18,3,debit,3/7/2019 0:00,id_87,40.78410636,Not_Canceled
TID00168,app,0,group_1,0,58.42272577,1,2,1,2,0,0,3,debit,9/22/2018 0:00,id_24,46.95457587,Not_Canceled
TID12967,app,0,group_1,0,180.3100212,1,1,1,2,0,0,1,debit,4/9/2019 0:00,id_82,59.17278266,Not_Canceled
TID34721,website,0,group_1,0,8.909749414,0,4,1,1,0,0,6,debit,12/18/2018 0:00,id_50,49.69988347,Not_Canceled
TID10329,app,0,group_2,0,11.43295654,1,0,1,2,0,0,4,debit,8/16/2018 0:00,id_29,48.24599609,Not_Canceled
TID01482,website,0,group_1,0,64.15691181,2,2,2,2,0,0,1,debit,7/1/2019 0:00,id_65,69.98837128,Not_Canceled
TID30179,app,0,group_1,0,23.43870202,1,1,1,2,0,0,2,debit,7/20/2019 0:00,id_37,51.42898852,Not_Canceled
TID34203,website,0,group_1,0,80.14355791,1,2,1,2,0,0,5,credit,6/17/2019 0:00,id_70,80.0783611,Not_Canceled
TID07131,app,,group_1,0,62.38686745,0,0,1,2,0,0,2,credit,8/12/2018 0:00,id_94,67.24999912,Not_Canceled
TID06533,whoosh,0,group_1,,1.780549278,0,0,1,,0,8,1,debit,1/3/2019 0:00,id_32,41.32654741,Not_Canceled
TID03299,website,0,group_1,0,6.210459142,0,0,1,1,0,0,2,credit,11/17/2018 0:00,id_14,0,Not_Canceled
TID25186,website,0,group_1,0,2.100276516,1,1,1,2,0,0,2,debit,7/25/2018 0:00,id_86,72.87155967,Not_Canceled
TID04064,website,0,group_1,0,76.42580571,1,0,1,2,0,0,3,debit,10/20/2018 0:00,id_94,44.69086155,Not_Canceled
TID26087,whoosh,0,group_1,,18.01257789,0,0,1,,0,0,3,debit,5/29/2019 0:00,id_46,54.0306016,Not_Canceled
TID03296,app,0,group_1,0,148.5881383,0,1,1,2,0,0,4,debit,12/7/2018 0:00,id_35,41.86780981,Not_Canceled
TID15176,website,0,group_4,0,108.6064836,1,3,1,2,0,0,5,debit,6/18/2019 0:00,id_35,65.87882831,Not_Canceled
TID29144,website,0,group_4,0,24.79026242,2,0,1,3,0,0,1,debit,4/7/2019 0:00,id_87,100.9616565,Not_Canceled
TID01395,whoosh,0,group_1,,2.250286579,0,0,1,,0,0,1,debit,12/22/2018 0:00,id_21,41.32654741,Not_Canceled
TID09166,website,0,group_1,0,39.00887879,1,1,1,2,0,0,4,debit,8/31/2018 0:00,id_28,95.84456466,Not_Canceled
TID09736,whoosh,0,group_1,,27.32488085,0,1,1,,0,0,0,debit,11/6/2018 0:00,id_84,40.78410636,Not_Canceled
TID11305,website,0,group_1,0,37.17866732,1,1,1,2,0,0,2,debit,5/28/2019 0:00,id_54,63.68701299,Not_Canceled
TID01420,website,0,group_1,0,6.052580691,1,2,1,2,0,0,0,debit,8/28/2018 0:00,id_27,85.27539046,Not_Canceled
TID08881,website,0,group_1,0,8.233168861,1,0,1,2,0,0,2,debit,2/21/2019 0:00,id_26,63.73742421,Not_Canceled
TID14136,app,0,group_4,0,111.2359419,0,1,2,2,0,0,2,debit,7/16/2019 0:00,id_56,56.4983162,Not_Canceled
TID00051,app,0,group_1,0,126.8316334,0,1,1,2,0,0,3,debit,4/5/2019 0:00,id_87,54.0306016,Not_Canceled
TID30049,website,0,group_1,0,18.34662755,1,1,1,2,0,0,2,debit,6/8/2019 0:00,id_91,84.3913619,Not_Canceled
TID33963,website,1,group_1,0,76.92298458,1,1,1,2,0,0,1,debit,5/26/2019 0:00,id_75,71.77102989,Not_Canceled
TID36064,telephone,0,group_1,,5.425712707,0,0,1,,0,0,0,debit,11/8/2018 0:00,id_43,0,Not_Canceled
TID14045,website,0,group_1,0,21.35543821,0,1,1,2,0,0,2,debit,8/12/2018 0:00,id_77,47.11897469,Not_Canceled
TID19525,app,0,group_1,1,18.27992556,0,0,1,2,1,0,3,debit,9/13/2018 0:00,id_37,54.0306016,Not_Canceled
TID06361,app,0,group_1,0,31.60580318,1,1,1,1,0,0,2,debit,11/18/2018 0:00,id_19,35.73449639,Not_Canceled
TID02630,whoosh,0,group_1,,20.26446033,0,2,1,,0,0,1,debit,9/18/2018 0:00,id_74,40.78410636,Not_Canceled
TID30257,website,1,group_1,0,152.6978306,1,2,1,2,0,0,2,debit,6/8/2019 0:00,id_38,55.68465823,Not_Canceled
TID25303,website,0,group_4,0,85.71336787,1,2,1,3,0,0,4,credit,7/27/2019 0:00,id_3,108.1972093,Not_Canceled
TID18897,website,0,group_4,0,25.29037141,1,1,1,2,0,0,3,debit,8/29/2018 0:00,id_43,54.53804367,Not_Canceled
TID21028,app,0,group_1,0,56.37635118,1,1,1,2,0,0,2,debit,5/18/2019 0:00,id_0,54.37761187,Not_Canceled
TID31472,website,0,group_4,0,57.67999425,3,0,1,3,0,0,2,debit,4/20/2019 0:00,id_21,88.36704472,Not_Canceled
TID33837,website,0,group_1,0,56.52802226,1,1,1,2,0,0,3,debit,3/5/2019 0:00,id_90,51.87278505,Not_Canceled
TID17678,website,0,group_1,0,5.29219105,0,0,2,2,0,0,1,debit,2/4/2019 0:00,id_10,55.58152236,Not_Canceled
TID30645,website,0,group_4,0,56.42107003,1,0,1,2,0,0,3,debit,5/9/2019 0:00,id_35,79.26749451,Not_Canceled
TID28268,website,,group_1,0,98.44789018,1,2,1,2,0,0,1,debit,4/29/2019 0:00,id_95,58.00204451,Not_Canceled
TID21930,website,0,group_1,0,77.26231511,1,2,1,2,0,0,2,debit,4/15/2019 0:00,id_89,72.65956824,Not_Canceled
TID15655,website,1,group_1,0,81.52448567,2,1,2,2,0,0,2,debit,6/25/2019 0:00,id_2,74.43121211,Not_Canceled
TID07249,website,0,group_1,0,29.60268249,2,0,2,2,0,0,1,debit,3/23/2019 0:00,id_62,74.43121211,Not_Canceled
TID16676,website,0,group_1,0,63.6239347,1,2,1,2,0,0,2,debit,2/18/2019 0:00,id_15,45.59858458,Not_Canceled
TID04328,website,0,group_1,0,17.49297444,1,0,1,1,0,0,1,debit,7/28/2019 0:00,id_73,74.67671076,Not_Canceled
TID29990,app,0,group_1,0,43.72701386,0,0,1,2,0,0,3,debit,1/25/2019 0:00,id_23,46.15773551,Not_Canceled
TID34212,website,0,group_1,0,7.124207175,2,0,1,2,0,0,2,debit,8/23/2018 0:00,id_2,84.87200447,Not_Canceled
TID22478,whoosh,0,group_1,,5.749549782,1,0,1,,0,0,2,debit,5/1/2019 0:00,id_50,64.24117034,Not_Canceled
TID19445,website,0,group_1,0,8.606893769,0,1,1,2,0,0,3,debit,1/30/2019 0:00,id_24,55.58152236,Not_Canceled
TID33521,website,0,group_1,0,115.7038556,1,2,1,2,0,0,1,debit,3/25/2019 0:00,id_27,49.80496023,Not_Canceled
TID24971,website,0,group_1,0,33.90372072,1,1,1,2,0,0,2,debit,9/19/2018 0:00,id_85,60.9546911,Not_Canceled
TID33096,whoosh,0,group_1,,-0.238564214,0,1,1,,0,0,0,debit,10/3/2018 0:00,id_69,40.78410636,Not_Canceled
TID35466,website,0,group_1,0,64.24098309,1,0,1,2,0,0,2,debit,7/4/2019 0:00,id_12,64.19082558,Not_Canceled
TID12813,website,0,group_1,0,28.19741745,1,0,1,2,0,0,1,debit,11/24/2018 0:00,id_37,52.47221015,Not_Canceled
TID34454,website,0,group_4,0,38.1052221,0,3,1,3,0,0,6,debit,7/30/2019 0:00,id_40,88.51017351,Not_Canceled
TID23194,app,0,group_1,0,82.75425887,0,0,1,2,0,0,1,credit,9/7/2018 0:00,id_21,65.34709476,Not_Canceled
TID06017,whoosh,0,group_1,,85.88758672,0,0,1,,0,0,2,debit,8/17/2018 0:00,id_18,54.0306016,Not_Canceled
TID13701,website,,group_1,0,22.87333908,1,1,1,2,0,0,2,debit,2/3/2019 0:00,id_51,44.8993728,Not_Canceled
TID23946,website,0,group_1,0,67.8397158,0,1,1,2,0,0,2,debit,2/3/2019 0:00,id_45,48.96330321,Not_Canceled
TID34419,app,0,group_1,0,129.8820004,0,2,1,2,0,0,2,debit,4/20/2019 0:00,id_60,49.20026125,Not_Canceled
TID31889,website,0,group_4,0,0.653770033,0,0,1,1,0,0,1,debit,9/14/2018 0:00,id_31,68.92009482,Not_Canceled
TID16735,website,0,group_1,0,2.754471004,2,1,2,2,0,0,1,debit,3/31/2019 0:00,id_23,60.59901436,Not_Canceled
TID22326,app,0,group_1,0,85.41241157,0,0,1,1,0,0,3,credit,9/7/2018 0:00,id_83,59.17278266,Not_Canceled
TID33352,app,0,group_1,0,39.44963405,0,0,1,2,0,0,2,credit,7/22/2018 0:00,id_6,59.93754192,Not_Canceled
TID11265,website,0,group_4,0,14.64802099,1,0,1,3,0,0,2,debit,1/27/2019 0:00,id_56,74.18557739,Not_Canceled
TID05136,website,0,group_1,0,6.976409181,2,2,1,2,0,0,5,debit,8/16/2018 0:00,id_38,65.10104846,Not_Canceled
TID04204,website,0,group_1,0,115.6588665,1,0,1,2,0,0,3,debit,4/12/2019 0:00,id_14,61.86770119,Not_Canceled
TID34101,app,0,group_1,0,101.3033353,0,0,1,2,0,0,2,credit,9/23/2018 0:00,id_60,63.73742421,Not_Canceled
TID06416,whoosh,0,group_1,,51.3839512,0,0,1,,0,0,1,debit,2/21/2019 0:00,id_88,51.69012231,Not_Canceled
TID15811,app,0,group_1,0,55.01064311,0,0,1,2,0,0,1,debit,5/16/2019 0:00,id_38,69.24335324,Not_Canceled
TID27284,website,0,group_1,0,69.80922966,1,1,1,2,0,0,0,debit,9/11/2018 0:00,id_68,42.79608127,Not_Canceled
TID14350,app,0,group_1,0,17.02419426,0,0,1,2,0,0,2,debit,9/23/2018 0:00,id_80,31.35934249,Not_Canceled
TID34020,website,0,group_1,0,109.4161488,1,2,1,2,0,0,3,debit,4/8/2019 0:00,id_99,63.86342309,Not_Canceled
TID28147,app,0,group_1,0,193.0330301,1,2,1,2,0,0,2,debit,7/8/2019 0:00,id_14,44.69086155,Not_Canceled
TID30809,app,0,group_1,0,118.0537595,0,1,1,1,0,0,3,debit,5/14/2019 0:00,id_2,64.24117034,Not_Canceled
TID33530,telephone,0,group_1,,-0.570634824,0,0,1,,0,0,2,debit,7/19/2018 0:00,id_95,0,Not_Canceled
TID12833,app,0,group_1,0,169.7228351,0,2,1,2,0,0,3,debit,3/16/2019 0:00,id_86,47.74917162,Not_Canceled
TID04626,website,0,group_1,0,150.2376942,1,2,1,2,0,0,5,debit,7/16/2019 0:00,id_91,63.20777189,Not_Canceled
TID25214,website,0,group_1,0,2.580849256,1,0,1,1,0,0,1,debit,5/16/2019 0:00,id_11,51.35060528,Not_Canceled
TID08816,whoosh,0,group_1,,5.472402463,0,1,1,,0,0,2,debit,4/16/2019 0:00,id_89,58.76423529,Not_Canceled
TID11538,app,0,group_1,0,120.1618104,0,0,1,2,0,0,3,debit,5/3/2019 0:00,id_48,49.20026125,Not_Canceled
TID01010,app,0,group_1,0,70.95887616,0,0,1,1,0,0,3,debit,5/22/2019 0:00,id_96,69.24335324,Not_Canceled
TID34763,app,0,group_4,0,43.24335357,0,1,1,2,0,0,1,debit,5/26/2019 0:00,id_81,57.27923139,Not_Canceled
TID05748,website,0,group_1,0,45.9032927,0,0,1,2,0,0,5,debit,8/16/2018 0:00,id_48,50.37173903,Not_Canceled
TID24479,website,0,group_1,0,3.901501916,0,1,1,1,0,0,0,debit,12/18/2018 0:00,id_92,49.85748475,Not_Canceled
TID05164,website,0,group_1,0,12.33419606,0,2,1,2,0,0,1,debit,1/28/2019 0:00,id_86,55.58152236,Not_Canceled
TID26830,app,0,group_1,0,126.3834952,1,0,1,2,0,0,3,debit,5/10/2019 0:00,id_49,49.20026125,Not_Canceled
TID26944,website,0,group_4,0,73.10413749,1,2,1,2,0,0,1,debit,3/17/2019 0:00,id_65,67.15007325,Not_Canceled
TID20762,app,0,group_1,0,281.7492603,0,2,1,2,0,0,1,debit,9/17/2018 0:00,id_45,47.04474191,Not_Canceled
TID32789,website,0,group_1,0,162.3631781,1,0,1,2,0,0,4,debit,6/12/2019 0:00,id_57,58.89195723,Not_Canceled
TID09883,website,0,group_1,0,10.71179508,1,2,1,2,0,0,0,debit,11/13/2018 0:00,id_37,56.4057203,Not_Canceled
TID01912,whoosh,0,group_1,,49.05922141,0,0,1,,0,0,1,debit,8/30/2018 0:00,id_15,40.78410636,Not_Canceled
TID18948,website,0,group_4,0,5.103558068,1,1,1,2,0,0,2,debit,3/30/2019 0:00,id_72,77.12434065,Not_Canceled
TID18293,app,0,group_1,0,57.96963745,0,0,1,1,0,0,3,debit,1/4/2019 0:00,id_82,54.0306016,Not_Canceled
TID28922,app,,group_1,0,55.10324542,0,0,1,2,0,0,1,credit,3/14/2019 0:00,id_80,61.20853328,Not_Canceled
TID06129,whoosh,0,group_1,,2.928944778,0,1,1,,0,9,1,debit,1/9/2019 0:00,id_31,41.32654741,Not_Canceled
TID28588,website,0,group_1,0,11.04366079,1,0,2,2,0,0,1,debit,7/10/2019 0:00,id_8,78.34325189,Not_Canceled
TID28522,app,0,group_1,0,101.9362195,0,2,1,2,0,0,2,debit,3/2/2019 0:00,id_45,36.95220629,Not_Canceled
TID06686,app,0,group_1,0,11.98192473,0,1,1,2,0,0,0,debit,9/11/2018 0:00,id_38,44.55711543,Not_Canceled
TID34925,website,0,group_1,0,8.735535718,2,0,2,2,0,0,1,debit,3/7/2019 0:00,id_75,73.20166579,Not_Canceled
TID23892,website,0,group_1,0,98.26038709,1,0,1,2,0,0,3,debit,11/22/2018 0:00,id_61,44.69086155,Not_Canceled
TID04991,website,0,group_1,0,8.007013031,2,0,1,2,0,0,3,debit,9/7/2018 0:00,id_2,84.55002475,Not_Canceled
TID31097,app,0,group_1,0,34.62898021,0,2,1,2,0,0,3,debit,2/17/2019 0:00,id_71,39.69560568,Not_Canceled
TID12605,app,,group_1,0,74.07517735,0,0,1,2,0,0,2,credit,8/26/2018 0:00,id_38,63.73742421,Not_Canceled
TID08961,website,0,group_1,0,7.708626797,1,2,1,2,0,0,1,debit,10/8/2018 0:00,id_63,52.47221015,Not_Canceled
TID28499,website,0,group_1,0,14.76749265,1,1,1,2,0,0,3,debit,8/1/2018 0:00,id_78,54.0306016,Not_Canceled
TID23547,app,0,group_1,0,104.025499,0,0,1,2,0,0,3,debit,11/10/2018 0:00,id_13,46.15773551,Not_Canceled
TID17361,app,0,group_1,0,213.3753623,0,0,1,2,0,0,3,debit,5/15/2019 0:00,id_28,74.18557739,Canceled
TID35315,website,0,group_1,0,12.48508099,0,0,1,2,0,0,1,debit,5/31/2019 0:00,id_27,54.5483914,Not_Canceled
TID25035,website,0,group_2,0,8.585731338,1,1,1,2,0,0,0,debit,11/20/2018 0:00,id_18,61.33538828,Not_Canceled
TID14405,app,0,group_1,0,112.4248425,0,0,1,1,0,0,1,debit,5/10/2019 0:00,id_50,54.0306016,Not_Canceled
TID22746,website,0,group_1,0,2.599989402,0,1,1,2,0,0,0,debit,3/5/2019 0:00,id_95,59.68280455,Not_Canceled
TID11485,website,0,group_4,0,108.0986784,2,0,1,2,0,0,4,debit,4/3/2019 0:00,id_67,59.97828307,Not_Canceled
TID10589,app,0,group_1,0,112.2530956,0,0,1,2,0,0,2,debit,5/10/2019 0:00,id_45,59.17278266,Not_Canceled
TID20764,website,0,group_1,0,33.83444259,2,0,1,2,0,0,3,debit,8/23/2018 0:00,id_59,56.35426715,Not_Canceled
TID22316,website,1,group_1,0,66.7666761,2,2,2,1,0,0,0,debit,7/1/2019 0:00,id_41,74.43121211,Not_Canceled
TID16589,website,,group_1,0,13.12658364,1,1,2,2,0,0,2,debit,3/5/2019 0:00,id_49,79.71922609,Not_Canceled
TID01160,website,0,group_4,0,4.45778862,0,2,1,2,0,0,4,debit,12/4/2018 0:00,id_48,61.46219936,Not_Canceled
TID24414,website,0,group_1,0,9.09300498,2,2,1,2,0,0,2,debit,4/14/2019 0:00,id_65,54.6777104,Not_Canceled
TID01619,website,0,group_4,0,34.02378119,1,2,1,3,0,0,7,debit,7/24/2019 0:00,id_11,92.64429056,Not_Canceled
TID18068,app,0,group_1,0,51.09515578,1,2,1,2,0,0,5,debit,8/24/2018 0:00,id_40,46.47674421,Not_Canceled
TID26804,app,0,group_4,0,0.741845754,0,0,1,1,0,0,1,debit,1/7/2019 0:00,id_54,30.22166211,Not_Canceled
TID26547,app,0,group_1,0,0.925281582,0,1,1,1,0,0,2,debit,5/25/2019 0:00,id_26,43.48472045,Not_Canceled
TID21704,app,0,group_1,0,4.841123277,0,1,1,2,0,0,2,debit,9/26/2018 0:00,id_99,54.0306016,Not_Canceled
TID31757,website,0,group_1,0,2.005508487,0,0,1,2,0,0,0,debit,2/19/2019 0:00,id_44,0,Not_Canceled
TID19379,app,0,group_1,0,187.0860461,0,1,1,2,0,0,2,debit,3/30/2019 0:00,id_70,48.80522502,Not_Canceled
TID04152,website,0,group_1,0,12.41615631,1,2,2,2,0,0,3,debit,1/20/2019 0:00,id_3,64.74425551,Not_Canceled
TID04134,app,0,group_1,0,82.61040957,0,0,1,2,0,0,1,credit,9/7/2018 0:00,id_90,65.34709476,Not_Canceled
TID32386,website,0,group_4,0,12.6309447,1,2,1,2,0,0,2,debit,10/8/2018 0:00,id_57,61.12732299,Not_Canceled
TID06755,website,,group_4,0,59.27837391,2,2,1,3,0,0,5,debit,5/5/2019 0:00,id_86,88.36704472,Not_Canceled
TID14611,website,0,group_2,0,22.23895721,0,2,3,0,0,0,4,debit,4/28/2019 0:00,id_57,73.44292847,Canceled
TID20536,app,0,group_1,0,54.55543821,0,2,1,2,0,0,1,debit,3/10/2019 0:00,id_76,46.15773551,Not_Canceled
TID25550,app,0,group_1,0,101.0786493,0,0,1,1,0,0,2,credit,9/23/2018 0:00,id_20,52.47221015,Not_Canceled
TID18712,app,0,group_1,0,101.8376951,0,0,1,2,0,0,2,credit,9/23/2018 0:00,id_20,63.73742421,Not_Canceled
TID20162,website,0,group_1,0,7.772082908,0,0,1,1,0,0,1,debit,2/7/2019 0:00,id_6,51.95103622,Not_Canceled
TID17311,website,0,group_1,0,46.45696111,2,2,1,2,0,0,2,debit,2/25/2019 0:00,id_74,55.83930225,Not_Canceled
TID13877,website,0,group_2,0,15.98267413,1,1,1,2,0,0,1,debit,11/12/2018 0:00,id_87,61.84237039,Not_Canceled
TID20658,app,0,group_1,0,31.10214413,0,1,1,2,0,0,2,credit,7/30/2019 0:00,id_27,82.81159928,Not_Canceled
TID31784,website,0,group_2,0,72.9124478,1,2,1,2,0,0,1,debit,1/29/2019 0:00,id_67,44.30013548,Not_Canceled
TID05920,website,0,group_1,0,6.484935188,1,0,1,2,0,0,3,debit,3/29/2019 0:00,id_71,53.25755206,Not_Canceled
TID16882,app,0,group_1,0,114.574926,0,2,1,2,0,0,2,debit,2/4/2019 0:00,id_85,52.47221015,Not_Canceled
TID19913,app,0,group_1,0,115.0778947,0,2,1,1,0,0,2,debit,2/4/2019 0:00,id_50,46.68921428,Not_Canceled
TID08129,website,0,group_1,0,139.046599,1,1,1,2,0,0,0,debit,6/11/2019 0:00,id_64,57.27923139,Not_Canceled
TID11178,website,0,group_1,0,53.47748345,0,1,2,2,0,0,3,credit,4/5/2019 0:00,id_16,98.47431706,Canceled
TID30998,app,0,group_1,0,158.4425687,1,1,1,2,0,0,1,debit,3/17/2019 0:00,id_64,43.48472045,Not_Canceled
TID05680,app,0,group_1,0,282.0737654,0,2,1,2,0,0,1,debit,9/17/2018 0:00,id_60,47.04474191,Not_Canceled
TID34297,app,0,group_1,0,2.67830289,0,2,1,1,0,0,3,credit,1/15/2019 0:00,id_46,48.67342802,Not_Canceled
TID20248,website,0,group_1,0,54.62468247,1,2,1,2,0,0,6,debit,8/10/2018 0:00,id_53,58.11468768,Not_Canceled
TID17590,app,0,group_1,0,28.31383513,0,1,1,2,0,0,2,debit,10/14/2018 0:00,id_66,39.69560568,Not_Canceled
TID17899,app,0,group_1,0,62.80725512,0,0,1,2,0,0,2,credit,8/12/2018 0:00,id_35,67.24999912,Not_Canceled
TID03058,app,0,group_1,0,27.61276023,0,2,1,2,0,0,1,debit,5/27/2019 0:00,id_87,56.61145455,Not_Canceled
TID05261,website,0,group_1,0,4.745282089,0,0,1,1,0,0,2,debit,1/31/2019 0:00,id_35,0,Not_Canceled
TID06961,website,0,group_4,0,102.4573472,1,1,1,1,0,0,3,debit,4/12/2019 0:00,id_59,57.06363111,Not_Canceled
TID02845,website,0,group_4,0,72.48452524,1,2,1,2,0,0,3,debit,6/28/2019 0:00,id_48,70.43474331,Not_Canceled
TID24695,whoosh,0,group_1,,-0.604108677,0,0,1,,1,4,2,debit,2/6/2019 0:00,id_88,40.78410636,Not_Canceled
TID06399,website,0,group_4,0,12.3682057,1,0,1,3,0,0,1,debit,4/14/2019 0:00,id_57,96.74754825,Not_Canceled
TID10631,app,0,group_1,0,4.035459292,0,2,1,1,0,0,1,credit,12/10/2018 0:00,id_96,52.47221015,Not_Canceled
TID17411,telephone,0,group_5,,20.09911083,0,1,1,,0,0,2,debit,12/12/2018 0:00,id_12,5.000256741,Not_Canceled
TID24536,app,0,group_1,0,134.1195435,0,2,1,2,0,0,2,debit,11/11/2018 0:00,id_86,40.78410636,Not_Canceled
TID13571,website,0,group_1,0,80.06448263,0,2,1,2,0,0,3,debit,6/3/2019 0:00,id_93,62.77846086,Not_Canceled
TID29799,website,0,group_1,0,8.284922159,1,0,1,2,0,0,2,debit,2/23/2019 0:00,id_33,71.72161267,Not_Canceled
TID19706,app,0,group_1,0,51.05437321,0,0,1,2,0,0,3,debit,9/1/2018 0:00,id_97,69.83947453,Not_Canceled
TID14446,website,0,group_1,0,94.16302607,1,2,1,2,0,0,5,debit,3/20/2019 0:00,id_77,43.00071185,Not_Canceled
TID14905,app,0,group_4,0,62.48147982,0,0,1,2,0,0,4,debit,11/2/2018 0:00,id_46,38.05347992,Not_Canceled
TID10491,website,0,group_1,0,2.240920104,0,0,1,2,0,0,2,debit,5/24/2019 0:00,id_72,79.55898362,Not_Canceled
TID21209,website,1,group_6,0,2.5058027,2,1,3,2,0,0,1,debit,7/14/2019 0:00,id_46,118.9010934,Not_Canceled
TID06723,website,0,group_1,0,20.77504895,0,1,1,2,0,0,2,debit,7/23/2019 0:00,id_24,84.3913619,Canceled
TID16119,website,0,group_1,0,70.19299949,0,2,1,2,0,0,1,debit,3/25/2019 0:00,id_91,58.81532963,Not_Canceled
TID05869,app,,group_1,0,126.3822766,0,2,1,2,0,0,5,debit,7/16/2019 0:00,id_34,52.1387589,Not_Canceled
TID27708,website,0,group_1,0,46.42379214,1,0,1,2,0,0,4,debit,9/20/2018 0:00,id_77,56.35426715,Not_Canceled
TID17002,website,1,group_4,0,15.81635222,0,0,1,2,0,0,4,debit,5/8/2019 0:00,id_86,76.48922828,Not_Canceled
TID11907,app,0,group_1,0,127.1485359,0,1,1,2,0,0,3,debit,4/5/2019 0:00,id_39,54.0306016,Not_Canceled
TID31745,website,0,group_1,0,10.62650263,0,0,1,2,0,0,2,debit,1/3/2019 0:00,id_47,43.52232795,Not_Canceled
TID02765,website,0,group_1,0,17.88015104,0,0,1,1,0,0,5,debit,1/3/2019 0:00,id_22,46.15773551,Not_Canceled
TID20677,website,,group_1,0,65.39927541,0,0,1,2,0,0,3,debit,5/29/2019 0:00,id_74,59.1217401,Not_Canceled
TID21798,website,0,group_1,0,115.7019647,1,0,2,2,0,0,4,debit,7/11/2019 0:00,id_62,71.10341347,Not_Canceled
TID02598,telephone,0,group_1,,7.130290155,1,0,1,,0,6,1,debit,5/8/2019 0:00,id_69,0,Not_Canceled
TID06599,app,0,group_1,0,24.6304607,0,2,1,2,0,0,3,debit,10/30/2018 0:00,id_48,40.78410636,Not_Canceled
TID08088,website,0,group_1,0,5.771560752,1,2,1,2,0,0,2,debit,4/22/2019 0:00,id_36,59.61654306,Not_Canceled
TID30081,whoosh,0,group_1,,41.85892514,0,2,1,,0,0,1,debit,2/18/2019 0:00,id_27,51.77885764,Not_Canceled
TID33816,website,0,group_4,0,83.52030958,1,0,2,2,0,0,3,debit,7/5/2019 0:00,id_83,79.60754767,Not_Canceled
TID34654,app,0,group_1,0,255.3253273,0,1,1,2,0,0,2,debit,8/22/2018 0:00,id_89,47.04474191,Not_Canceled
TID00208,whoosh,0,group_1,,8.980501828,0,0,1,,0,0,1,debit,11/17/2018 0:00,id_54,40.78410636,Not_Canceled
TID23916,app,0,group_1,0,191.6852543,0,0,1,1,0,0,2,debit,6/1/2019 0:00,id_28,56.61145455,Not_Canceled
TID03587,whoosh,0,group_1,,6.030783416,0,0,1,,0,4,2,debit,11/24/2018 0:00,id_62,40.78410636,Not_Canceled
TID24365,website,0,group_1,0,54.09660214,0,0,1,2,0,0,4,debit,2/14/2019 0:00,id_75,36.3663331,Not_Canceled
TID03902,app,0,group_1,0,27.45871109,0,2,1,2,0,0,5,debit,8/11/2018 0:00,id_21,54.29477744,Not_Canceled
TID14232,website,0,group_1,0,40.26711452,1,0,1,1,0,0,3,debit,5/29/2019 0:00,id_7,56.35426715,Not_Canceled
TID05875,website,0,group_1,0,4.601612347,1,0,1,2,0,0,1,debit,7/28/2019 0:00,id_8,74.18557739,Not_Canceled
TID14177,telephone,0,group_5,,-69,0,1,1,,0,0,0,debit,10/24/2018 0:00,id_73,0,Not_Canceled
TID31741,app,0,group_1,0,1.350943611,0,0,1,2,0,0,3,debit,1/18/2019 0:00,id_58,49.85748475,Not_Canceled
TID14956,website,1,group_1,0,135.3966646,0,0,2,2,0,0,2,debit,7/10/2019 0:00,id_28,74.43121211,Not_Canceled
TID14116,app,0,group_1,0,85.30512594,0,0,1,2,0,0,2,credit,9/1/2018 0:00,id_65,69.24335324,Not_Canceled
TID28542,website,0,group_1,0,9.138641206,2,1,1,2,0,0,4,debit,8/8/2018 0:00,id_87,63.73742421,Not_Canceled
TID06156,website,0,group_4,0,10.06764127,0,0,1,2,0,0,1,debit,11/18/2018 0:00,id_54,57.63826422,Not_Canceled
TID07821,app,0,group_1,0,69.51889512,0,0,1,2,0,0,2,debit,5/11/2019 0:00,id_86,59.17278266,Not_Canceled
TID35672,website,0,group_1,0,45.81766021,2,1,1,2,0,0,5,debit,9/26/2018 0:00,id_51,56.35426715,Not_Canceled
TID03440,app,0,group_1,0,49.65689024,1,0,1,2,0,0,3,debit,12/22/2018 0:00,id_76,33.61475809,Not_Canceled
TID14268,telephone,0,group_1,,3.763979426,1,2,1,,0,0,1,debit,7/31/2018 0:00,id_81,0,Not_Canceled
TID09789,website,0,group_4,0,199.3088304,2,3,2,2,0,0,6,debit,6/30/2019 0:00,id_52,56.35941282,Not_Canceled
TID28377,website,1,group_1,0,40.2293006,2,0,2,2,0,0,2,credit,6/26/2019 0:00,id_76,89.22523478,Not_Canceled
TID27042,website,0,group_1,0,20.28547492,1,1,1,2,0,0,1,debit,2/24/2019 0:00,id_60,63.73742421,Not_Canceled
TID04724,website,0,group_1,0,79.80089926,1,0,1,2,0,0,1,debit,5/31/2019 0:00,id_14,57.27923139,Not_Canceled
TID13828,website,0,group_4,0,70.71066002,1,1,1,2,0,0,3,debit,3/8/2019 0:00,id_60,54.52252146,Not_Canceled
TID20052,website,0,group_1,0,8.382095318,1,2,1,2,0,0,0,debit,6/24/2019 0:00,id_10,88.70095132,Not_Canceled
TID35679,website,0,group_1,0,4.624397123,1,0,1,2,0,0,1,debit,6/27/2019 0:00,id_14,64.74425551,Not_Canceled
TID31244,website,0,group_1,0,0.931314761,2,0,1,2,0,0,1,debit,6/30/2019 0:00,id_78,88.70095132,Not_Canceled
TID30113,telephone,0,group_1,,11.64879196,0,0,1,,1,1,1,debit,7/25/2019 0:00,id_71,0,Not_Canceled
TID30784,app,0,group_1,0,28.8114744,0,1,1,2,0,0,2,debit,2/9/2019 0:00,id_63,52.47221015,Not_Canceled
TID06831,website,0,group_6,0,-0.09621607,1,0,3,2,0,0,1,debit,7/25/2019 0:00,id_14,121.1667818,Not_Canceled
TID17223,website,0,group_1,0,6.237735052,1,0,1,1,0,0,4,debit,9/13/2018 0:00,id_60,83.18773069,Not_Canceled
